receptor,taxa,gene,orientation,chromosome,start,end
cnr1,Homo_sapiens,SLC35A1,+,6,87472973,87512335
cnr1,Homo_sapiens,RARS2,-,6,87513937,87589986
cnr1,Homo_sapiens,ORC3,+,6,87590134,87677822
cnr1,Homo_sapiens,AKIRIN2,-,6,87674859,87702232
cnr1,Homo_sapiens,SPACA1,+,6,88046900,88066837
cnr1,Homo_sapiens,CNR1,-,6,88139863,88167348
cnr1,Homo_sapiens,RNGTT,-,6,88609896,88963617
cnr1,Homo_sapiens,PNRC1,+,6,89080750,89085159
cnr1,Homo_sapiens,PM20D2,+,6,89093939,89165564
cnr1,Homo_sapiens,SRSF12,-,6,89095958,89118070
cnr1,Homo_sapiens,GABRR1,-,6,89177503,89231287
cnr1,Gallus_gallus,PM20D2,-,3,75488609,75504694
cnr1,Gallus_gallus,PNRC1,-,3,75523709,75525985
cnr1,Gallus_gallus,BORCS6,+,3,75525409,75527558
cnr1,Gallus_gallus,RNGTT,+,3,75541128,75727281
cnr1,Gallus_gallus,COWN,+,3,75739266,75818610
cnr1,Gallus_gallus,CNR1,+,3,75866628,75884964
cnr1,Gallus_gallus,SPACA1,-,3,75908333,75927345
cnr1,Gallus_gallus,AKIRIN2,+,3,76053762,76070568
cnr1,Gallus_gallus,ORC3,-,3,76075243,76112181
cnr1,Gallus_gallus,RARS2,+,3,76112296,76151586
cnr1,Gallus_gallus,SLC35A1,-,3,76145492,76161843
cnr1,Chelonia_mydas,SLC35A1,+,3,64995481,65021503
cnr1,Chelonia_mydas,RARS2,-,3,65024387,65081970
cnr1,Chelonia_mydas,ORC3,+,3,65082022,65160211
cnr1,Chelonia_mydas,AKIRIN2,-,3,65165994,65187383
cnr1,Chelonia_mydas,SPACA1,+,3,65393931,65419713
cnr1,Chelonia_mydas,CNR1,-,3,65458836,65483086
cnr1,Chelonia_mydas,RNGTT,-,3,65738752,66188326
cnr1,Chelonia_mydas,BORCS6,-,3,66220227,66221136
cnr1,Chelonia_mydas,PNRC1,+,3,66221737,66223924
cnr1,Chelonia_mydas,PM20D2,+,3,66237146,66303037
cnr1,Chelonia_mydas,GABRR1,-,3,66286098,66368173
cnr1,Xenopus_tropicalis,TY3-G,+,5,86155208,86159651
cnr1,Xenopus_tropicalis,GABRR1,+,5,86202028,86235162
cnr1,Xenopus_tropicalis,PM20D2,-,5,86241050,86258379
cnr1,Xenopus_tropicalis,SRSF12,+,5,86272421,86285394
cnr1,Xenopus_tropicalis,RNGTT,+,5,86288847,86437404
cnr1,Xenopus_tropicalis,CNR1,+,5,86629025,86677191
cnr1,Xenopus_tropicalis,AKIRIN2,+,5,86897092,86907287
cnr1,Xenopus_tropicalis,ORC3,-,5,86910647,86963828
cnr1,Xenopus_tropicalis,RARS2,+,5,86963831,86986624
cnr1,Xenopus_tropicalis,SLC35A1,-,5,86989372,87002188
cnr1,Xenopus_tropicalis,SMIM8,-,5,87008979,87013678
cnr1,Protopterus_annectens,DDX60,+,2.part1,941504838,943669992
cnr1,Protopterus_annectens,DDX60,+,2.part1,944102008,946920226
cnr1,Protopterus_annectens,DDX60,+,2.part1,947364021,950460801
cnr1,Protopterus_annectens,FBXL5,+,2.part1,950623519,952728683
cnr1,Protopterus_annectens,CC2D2A,-,2.part1,953115244,956770310
cnr1,Protopterus_annectens,CNR1,+,2.part1,962109709,962594829
cnr1,Protopterus_annectens,CPEB2,-,2.part1,964581634,965150260
cnr1,Protopterus_annectens,BOD1L1,-,2.part1,970901843,973186653
cnr1,Protopterus_annectens,C1QTNF7,-,2.part1,971567760,971717633
cnr1,Protopterus_annectens,NKX3-2,+,2.part1,974443083,974448766
cnr1,Protopterus_annectens,RAB28,+,2.part1,974874742,975644212
cnr1,Latimeria_chalumnae,CFAP206,+,3,182932287,182976105
cnr1,Latimeria_chalumnae,SLC35A1,+,3,182990860,183033886
cnr1,Latimeria_chalumnae,RARS2,-,3,183033977,183089735
cnr1,Latimeria_chalumnae,ORC3,+,3,183089811,183133092
cnr1,Latimeria_chalumnae,AKIRIN2,-,3,183149969,183170912
cnr1,Latimeria_chalumnae,CNR1,-,3,183264495,183332507
cnr1,Latimeria_chalumnae,RNGTT,-,3,183420520,183773548
cnr1,Latimeria_chalumnae,PNRC1,+,3,183794115,183805999
cnr1,Latimeria_chalumnae,SRSF12,-,3,183826442,183863720
cnr1,Latimeria_chalumnae,PM20D2,+,3,183866258,183911253
cnr1,Latimeria_chalumnae,GABBR1,-,3,183908575,183939742
cnr1,Danio_rerio,MYO6A,+,20,767995,813149
cnr1,Danio_rerio,IMPG1A,-,20,813100,844627
cnr1,Danio_rerio,MEI4,+,20,847645,861231
cnr1,Danio_rerio,NT5E,+,20,864469,886349
cnr1,Danio_rerio,SNX14,-,20,889862,931699
cnr1,Danio_rerio,CNR1,-,20,939505,954400
cnr1,Danio_rerio,RNGTT,-,20,983580,1163162
cnr1,Danio_rerio,PNRC1,+,20,1164725,1173662
cnr1,Danio_rerio,GABRR1,-,20,1175318,1195774
cnr1,Danio_rerio,GABRR2B,-,20,1202272,1218260
cnr1,Danio_rerio,UBE2J1,-,20,1224008,1237892
cnr1,Scyliorhinus_canicula,SLC35A1,+,6,59257518,59289522
cnr1,Scyliorhinus_canicula,RARS2,-,6,59305175,59421743
cnr1,Scyliorhinus_canicula,ORC3,+,6,59421831,59544069
cnr1,Scyliorhinus_canicula,AKIRIN2,-,6,59555855,59586318
cnr1,Scyliorhinus_canicula,SPACA1,+,6,59609891,59864471
cnr1,Scyliorhinus_canicula,CNR1,-,6,59965167,60006880
cnr1,Scyliorhinus_canicula,RNGTT,-,6,60398569,60917758
cnr1,Scyliorhinus_canicula,NOL12,-,6,60430346,60430935
cnr1,Scyliorhinus_canicula,PNRC1,+,6,60939742,60944420
cnr1,Scyliorhinus_canicula,PM20D2,+,6,60996760,61038258
cnr1,Scyliorhinus_canicula,GABBR1,-,6,61066411,61146995
cnr1,Petromyzon_marinus,RHBDL2,-,51,10770910,10788322
cnr1,Petromyzon_marinus,SLC35A1,+,51,10792030,10817101
cnr1,Petromyzon_marinus,RARS2,-,51,10818900,10837312
cnr1,Petromyzon_marinus,ORC3,+,51,10838157,10860915
cnr1,Petromyzon_marinus,AKIRIN2,-,51,10861434,10870922
cnr1,Petromyzon_marinus,CNR1,-,51,10896708,10921229
cnr1,Petromyzon_marinus,MYOSIN HEAD,-,51,10943861,10966932
cnr1,Petromyzon_marinus,DUF6475,-,51,10966962,10977274
cnr1,Petromyzon_marinus,RNGTT,-,51,11037291,11081810
cnr1,Petromyzon_marinus,FBXL22,+,51,11091645,11100699
cnr1,Petromyzon_marinus,CEP162,-,51,11100335,11126190
cnr2,Homo_sapiens,PITHD1,+,1,23778417,23788231
cnr2,Homo_sapiens,LYPLA2,+,1,23791144,23795538
cnr2,Homo_sapiens,GALE,-,1,23795598,23800753
cnr2,Homo_sapiens,HMGCL,-,1,23801884,23825428
cnr2,Homo_sapiens,FUCA1,-,1,23845076,23868289
cnr2,Homo_sapiens,CNR2,-,1,23870514,23913361
cnr2,Homo_sapiens,PNRC2,+,1,23959163,23963461
cnr2,Homo_sapiens,SRSF10,-,1,23964346,23980326
cnr2,Homo_sapiens,MYOM3,-,1,24056040,24112134
cnr2,Homo_sapiens,IL22RA1,-,1,24119770,24143139
cnr2,Homo_sapiens,IFNLR1,-,1,24154167,24187288
cnr2,Ornithorhynchus_anatinus,PITHD1,+,16,42870962,42875607
cnr2,Ornithorhynchus_anatinus,LYPLA2,+,16,42877989,42885112
cnr2,Ornithorhynchus_anatinus,GALE,-,16,42886414,42891294
cnr2,Ornithorhynchus_anatinus,HMGCL,-,16,42893821,42900915
cnr2,Ornithorhynchus_anatinus,FUCA1,-,16,42906438,42914855
cnr2,Ornithorhynchus_anatinus,CNR2,-,16,42923566,42924615
cnr2,Ornithorhynchus_anatinus,PNRC2,+,16,42941141,42952248
cnr2,Ornithorhynchus_anatinus,SRSF10,-,16,42959797,42965872
cnr2,Ornithorhynchus_anatinus,MYOM3,-,16,42975094,43016403
cnr2,Ornithorhynchus_anatinus,IL22RA1,-,16,43029119,43040557
cnr2,Ornithorhynchus_anatinus,IFNLR1,-,16,43043052,43062820
cnr2,Gallus_gallus,PITHD1,+,23,5947056,5948690
cnr2,Gallus_gallus,LYPLA2,+,23,5948917,5955378
cnr2,Gallus_gallus,GALE,-,23,5955467,5958541
cnr2,Gallus_gallus,HMGCL,-,23,5958465,5962094
cnr2,Gallus_gallus,FUCA1,-,23,5962508,5967185
cnr2,Gallus_gallus,CNR2,-,23,5967212,5973871
cnr2,Gallus_gallus,PNRC2,+,23,5974029,5978141
cnr2,Gallus_gallus,SRSF10,-,23,5978554,5989184
cnr2,Gallus_gallus,GRHL3,+,23,5989343,6108444
cnr2,Gallus_gallus,LBFABP,-,23,5991640,5994154
cnr2,Gallus_gallus,MYOM3,-,23,5993210,6021705
cnr2,Chelonia_mydas,PITHD1,+,19,7980301,7989311
cnr2,Chelonia_mydas,LYPLA2,+,19,7990819,8006771
cnr2,Chelonia_mydas,GALE,-,19,8006769,8020544
cnr2,Chelonia_mydas,HMGCL,-,19,8021751,8032942
cnr2,Chelonia_mydas,FUCA1,-,19,8033766,8041200
cnr2,Chelonia_mydas,CNR2,-,19,8041891,8062582
cnr2,Chelonia_mydas,PNRC2,+,19,8075701,8094155
cnr2,Chelonia_mydas,SRSF10,-,19,8086727,8097509
cnr2,Chelonia_mydas,L-FABP,-,19,8102213,8106881
cnr2,Chelonia_mydas,MYOM3,-,19,8109531,8182286
cnr2,Chelonia_mydas,IL22RA1,-,19,8182845,8192751
cnr2,Xenopus_tropicalis,RRAGC,-,2,80415366,80429164
cnr2,Xenopus_tropicalis,MYCBP,-,2,80435812,80449303
cnr2,Xenopus_tropicalis,GJA9,-,2,80451858,80457606
cnr2,Xenopus_tropicalis,RHBDL2,-,2,80478581,80498773
cnr2,Xenopus_tropicalis,AKIRIN1,-,2,80520535,80530253
cnr2,Xenopus_tropicalis,CNR2,-,2,80556799,80580537
cnr2,Xenopus_tropicalis,PNRC2,+,2,80604924,80610471
cnr2,Xenopus_tropicalis,SRSF10,-,2,80617234,80629172
cnr2,Xenopus_tropicalis,XB5907626,-,2,80636299,80639158
cnr2,Xenopus_tropicalis,MYOM3,-,2,80647950,80710388
cnr2,Xenopus_tropicalis,IL22RA1,-,2,80721776,80744124
cnr2,Protopterus_annectens,MYOM3,+,1.part1,1569880427,1570402937
cnr2,Protopterus_annectens,FABP1,+,1.part1,1570664559,1570699663
cnr2,Protopterus_annectens,SRSF10,+,1.part1,1570761785,1571218739
cnr2,Protopterus_annectens,PNRC2,-,1.part1,1571587652,1571588050
cnr2,Protopterus_annectens,MAPK7,-,1.part1,1571999678,1572735143
cnr2,Protopterus_annectens,CNR2,+,1.part1,1574141960,1574272490
cnr2,Protopterus_annectens,GJA9,-,1.part1,1574506603,1574508443
cnr2,Protopterus_annectens,ZP3,+,1.part1,1574928750,1574960084
cnr2,Protopterus_annectens,RHBDL2,-,1.part1,1575045060,1575640647
cnr2,Protopterus_annectens,AKIRIN1,-,1.part1,1576193529,1576724785
cnr2,Protopterus_annectens,RRAGC,+,1.part1,1578545170,1579116769
cnr2,Latimeria_chalumnae,MYOSIN HEAD,+,27,20294847,20300080
cnr2,Latimeria_chalumnae,MYOM3,+,27,20313522,20370854
cnr2,Latimeria_chalumnae,FABP10A,+,27,20375202,20384983
cnr2,Latimeria_chalumnae,SRSF10A,+,27,20391186,20408844
cnr2,Latimeria_chalumnae,PNRC2,-,27,20414486,20419685
cnr2,Latimeria_chalumnae,CNR2,+,27,20486382,20487446
cnr2,Latimeria_chalumnae,RSPO1,+,27,20694555,20772299
cnr2,Latimeria_chalumnae,RPL38,-,27,20743724,20744069
cnr2,Latimeria_chalumnae,GNL2,+,27,20788186,20838016
cnr2,Latimeria_chalumnae,DNALI1,-,27,20838644,20851377
cnr2,Latimeria_chalumnae,SNIP1,+,27,20861100,20868582
cnr2,Danio_rerio,ME1,-,16,36056288,36224280
cnr2,Danio_rerio,PRSS35,+,16,36219031,36228017
cnr2,Danio_rerio,SNAP91A,-,16,36228853,36283095
cnr2,Danio_rerio,DOP1A,-,16,36285741,36320614
cnr2,Danio_rerio,PNRC2,-,16,36325089,36328918
cnr2,Danio_rerio,CNR2,+,16,36332372,36340989
cnr2,Danio_rerio,AKIRIN1,+,16,36344536,36363899
cnr2,Danio_rerio,RHBDL2,+,16,36366053,36375901
cnr2,Danio_rerio,GJA9A,+,16,36376869,36384800
cnr2,Danio_rerio,RRAGCA,+,16,36387175,36401449
cnr2,Danio_rerio,OSK,+,16,36477724,36578629
cnr2,Scyliorhinus_canicula,ZBTB8A,+,1,135543207,135562178
cnr2,Scyliorhinus_canicula,FUCA1,+,1,135584813,135603926
cnr2,Scyliorhinus_canicula,FUCA1,-,1,135656529,135678391
cnr2,Scyliorhinus_canicula,CD276,+,1,135782584,135794519
cnr2,Scyliorhinus_canicula,MYOSIN HEAD,-,1,136067352,136128402
cnr2,Scyliorhinus_canicula,CNR2,+,1,136128503,136142350
cnr2,Scyliorhinus_canicula,COX5A,+,1,136274237,136274677
cnr2,Scyliorhinus_canicula,AKIRIN1,+,1,136278277,136307900
cnr2,Scyliorhinus_canicula,RHBDL2,+,1,136406560,136497588
cnr2,Scyliorhinus_canicula,GJA9A,+,1,136538487,136555685
cnr2,Scyliorhinus_canicula,RRAGCA,+,1,136626656,136693643
s1pr1,Homo_sapiens,GPR88,+,1,100538138,100542020
s1pr1,Homo_sapiens,VCAM1,+,1,100719741,100739044
s1pr1,Homo_sapiens,EXTL2,-,1,100872371,100895178
s1pr1,Homo_sapiens,SLC30A7,+,1,100896089,100996077
s1pr1,Homo_sapiens,DPH5,-,1,100989622,101025783
s1pr1,Homo_sapiens,S1PR1,+,1,101236898,101242312
s1pr1,Homo_sapiens,OLFM3,-,1,101802559,101996925
s1pr1,Homo_sapiens,COL11A1,-,1,102876472,103108521
s1pr1,Homo_sapiens,RNPC3,+,1,103525698,103555238
s1pr1,Homo_sapiens,AMY2B,+,1,103554643,103579533
s1pr1,Homo_sapiens,AMY2A,+,1,103616650,103625779
s1pr1,Ornithorhynchus_anatinus,NTNG1,-,4,83272000,83573577
s1pr1,Ornithorhynchus_anatinus,AMY2A,-,4,86075397,86096555
s1pr1,Ornithorhynchus_anatinus,RNPC3,-,4,86122576,86142467
s1pr1,Ornithorhynchus_anatinus,COL11A1,+,4,86447534,86725938
s1pr1,Ornithorhynchus_anatinus,OLFM3,+,4,87239696,87452497
s1pr1,Ornithorhynchus_anatinus,S1PR1,-,4,87802701,87805413
s1pr1,Ornithorhynchus_anatinus,DUF6475,-,4,87826884,88042635
s1pr1,Ornithorhynchus_anatinus,DPH5,+,4,88042834,88082917
s1pr1,Ornithorhynchus_anatinus,SLC30A7,-,4,88094772,88190692
s1pr1,Ornithorhynchus_anatinus,EXTL2,+,4,88190809,88231242
s1pr1,Ornithorhynchus_anatinus,VCAM1,-,4,88333769,88352314
s1pr1,Gallus_gallus,AMY1A,-,8,10783962,10801833
s1pr1,Gallus_gallus,RNPC3,-,8,10802796,10817318
s1pr1,Gallus_gallus,COL11A1,+,8,10936480,11083322
s1pr1,Gallus_gallus,RVT_1,+,8,11165112,11174475
s1pr1,Gallus_gallus,OLFM3,+,8,11206223,11260846
s1pr1,Gallus_gallus,S1PR1,-,8,11401082,11453310
s1pr1,Gallus_gallus,DUF6475,-,8,11405589,11453373
s1pr1,Gallus_gallus,DPH5,+,8,11453378,11470854
s1pr1,Gallus_gallus,SLC30A7,-,8,11471653,11498603
s1pr1,Gallus_gallus,EXTL2,+,8,11498272,11506389
s1pr1,Gallus_gallus,CDC14A,+,8,11508823,11567951
s1pr1,Chelonia_mydas,AMY2A,-,8,67558468,67565549
s1pr1,Chelonia_mydas,AMY2A,-,8,67570999,67583997
s1pr1,Chelonia_mydas,RNPC3,-,8,67601662,67624495
s1pr1,Chelonia_mydas,COL11A1,+,8,67862421,68097455
s1pr1,Chelonia_mydas,OLFM3,+,8,68519243,68626838
s1pr1,Chelonia_mydas,S1PR1,-,8,68866110,68871660
s1pr1,Chelonia_mydas,DUF6475,-,8,68873557,68950161
s1pr1,Chelonia_mydas,DPH5,+,8,68950190,68979464
s1pr1,Chelonia_mydas,SLC30A7,-,8,68980497,69035095
s1pr1,Chelonia_mydas,EXTL2,+,8,69035252,69050268
s1pr1,Chelonia_mydas,CDC14A,+,8,69053831,69166904
s1pr1,Xenopus_tropicalis,VCAM1,+,4,108896952,108907533
s1pr1,Xenopus_tropicalis,EXTL2,-,4,108928820,108943890
s1pr1,Xenopus_tropicalis,SLC30A7,+,4,108944019,108962262
s1pr1,Xenopus_tropicalis,DPH5,-,4,108970803,108985937
s1pr1,Xenopus_tropicalis,XB5731323,+,4,108986038,109052793
s1pr1,Xenopus_tropicalis,S1PR1,+,4,109056786,109062825
s1pr1,Xenopus_tropicalis,OLFM3,-,4,109160387,109234872
s1pr1,Xenopus_tropicalis,COL11A1,-,4,109427246,109550282
s1pr1,Xenopus_tropicalis,RNPC3,+,4,109694986,109710059
s1pr1,Xenopus_tropicalis,AMY2B,+,4,109712922,109728231
s1pr1,Xenopus_tropicalis,AMY2A,+,4,109730392,109737476
s1pr1,Protopterus_annectens,QSOX1,-,10.part0,977338613,978598509
s1pr1,Protopterus_annectens,CEP350,-,10.part0,978862664,982472609
s1pr1,Protopterus_annectens,EXTL2,-,10.part0,982917507,983181950
s1pr1,Protopterus_annectens,SLC30A7,+,10.part0,983260517,984643332
s1pr1,Protopterus_annectens,DPH5,-,10.part0,985395113,985781606
s1pr1,Protopterus_annectens,S1PR1,+,10.part0,988739899,988744051
s1pr1,Protopterus_annectens,ADGRL4,-,10.part0,989458170,990165607
s1pr1,Protopterus_annectens,TMEM125,-,10.part0,991390787,991584744
s1pr1,Protopterus_annectens,IFI44L,-,10.part0,991839337,992292701
s1pr1,Protopterus_annectens,ABO,-,10.part0,993121469,993756438
s1pr1,Protopterus_annectens,AP1M2,-,10.part0,994935098,996084713
s1pr1,Latimeria_chalumnae,PRMT6,-,6,58268426,58272357
s1pr1,Latimeria_chalumnae,AMY2A,-,6,60477782,60493615
s1pr1,Latimeria_chalumnae,RNPC3,-,6,60513138,60548201
s1pr1,Latimeria_chalumnae,COL11A1A,+,6,61005405,61353106
s1pr1,Latimeria_chalumnae,OLFM3A,+,6,61632533,61734487
s1pr1,Latimeria_chalumnae,S1PR1,-,6,61918437,61919741
s1pr1,Latimeria_chalumnae,S1PR1,-,6,61936434,61940963
s1pr1,Latimeria_chalumnae,AKR,-,6,61941971,62088069
s1pr1,Latimeria_chalumnae,DPH5,+,6,62088481,62148134
s1pr1,Latimeria_chalumnae,SLC30A7,-,6,62162562,62211565
s1pr1,Latimeria_chalumnae,EXTL2,+,6,62214350,62224771
s1pr1,Latimeria_chalumnae,VCAM1B,-,6,62262720,62281131
s1pr1,Danio_rerio,EPS15L1A,-,22,15627901,15677374
s1pr1,Danio_rerio,STIL,+,22,15680234,15692856
s1pr1,Danio_rerio,RC3H1A,+,22,15693410,15742316
s1pr1,Danio_rerio,SERPINC1,+,22,15742602,15748582
s1pr1,Danio_rerio,ZBTB37,-,22,15747855,15756477
s1pr1,Danio_rerio,S1PR1,-,22,15758875,15762630
s1pr1,Danio_rerio,DPH5,+,22,15818226,15834334
s1pr1,Danio_rerio,SLC30A7,-,22,15835992,15868243
s1pr1,Danio_rerio,VCAM1B,-,22,15884009,15894048
s1pr1,Danio_rerio,GPR88,-,22,15898082,15899892
s1pr1,Danio_rerio,CDC14AB,-,22,15904301,15978197
s1pr1,Scyliorhinus_canicula,SSBP3A,-,4,88449217,88722509
s1pr1,Scyliorhinus_canicula,KEAP1,+,4,88749835,88761068
s1pr1,Scyliorhinus_canicula,RPS15A,+,4,88795901,88796347
s1pr1,Scyliorhinus_canicula,ACOT11A,+,4,88839125,88970066
s1pr1,Scyliorhinus_canicula,FAM151A,-,4,88976255,89013713
s1pr1,Scyliorhinus_canicula,S1PR1,-,4,89039918,89044295
s1pr1,Scyliorhinus_canicula,RB1,+,4,89044140,89046261
s1pr1,Scyliorhinus_canicula,AKR,-,4,89101724,89298415
s1pr1,Scyliorhinus_canicula,DPH5,+,4,89298465,89399272
s1pr1,Scyliorhinus_canicula,SLC30A7,-,4,89463740,89544127
s1pr1,Scyliorhinus_canicula,EXTL2,+,4,89547743,89579438
s1pr2,Homo_sapiens,PPAN,+,19,10106222,10112011
s1pr2,Homo_sapiens,PPAN-P2RY11,+,19,10106361,10115371
s1pr2,Homo_sapiens,P2RY11,+,19,10111692,10115371
s1pr2,Homo_sapiens,EIF3G,-,19,10115013,10119898
s1pr2,Homo_sapiens,DNMT1,-,19,10133345,10194952
s1pr2,Homo_sapiens,S1PR2,-,19,10221432,10231330
s1pr2,Homo_sapiens,MRPL4,+,19,10251950,10260054
s1pr2,Homo_sapiens,ICAM1,+,19,10271119,10286614
s1pr2,Homo_sapiens,ICAM4,+,19,10286954,10288519
s1pr2,Homo_sapiens,ICAM5,+,19,10289951,10296777
s1pr2,Homo_sapiens,ZGLP1,-,19,10304802,10309814
s1pr2,Ornithorhynchus_anatinus,RDH8,+,X2,7839774,7844286
s1pr2,Ornithorhynchus_anatinus,ANGPTL6,+,X2,7854749,7859215
s1pr2,Ornithorhynchus_anatinus,PPAN,+,X2,7868175,7871732
s1pr2,Ornithorhynchus_anatinus,EIF3G,-,X2,7876470,7879786
s1pr2,Ornithorhynchus_anatinus,DNMT1,-,X2,7884683,7923362
s1pr2,Ornithorhynchus_anatinus,S1PR2,-,X2,7929425,7937244
s1pr2,Ornithorhynchus_anatinus,MRPL4,+,X2,7950252,7964358
s1pr2,Ornithorhynchus_anatinus,ICAM5,+,X2,7967675,7977208
s1pr2,Ornithorhynchus_anatinus,ZGLP1,-,X2,7979340,7981718
s1pr2,Ornithorhynchus_anatinus,FDX2,-,X2,7982886,7984359
s1pr2,Ornithorhynchus_anatinus,RAVER1,-,X2,7984495,7992498
s1pr2,Gallus_gallus,OLFM2,-,30,551453,559717
s1pr2,Gallus_gallus,RDH8,+,30,560703,567958
s1pr2,Gallus_gallus,PPAN,+,30,568077,577850
s1pr2,Gallus_gallus,EIF3G,-,30,578447,584346
s1pr2,Gallus_gallus,DNMT1,-,30,584540,607789
s1pr2,Gallus_gallus,S1PR2,-,30,611040,614171
s1pr2,Gallus_gallus,ELOF1,-,30,618235,619072
s1pr2,Gallus_gallus,ACP5,-,30,619320,622437
s1pr2,Gallus_gallus,NFIX,-,30,624835,638285
s1pr2,Gallus_gallus,GADD45GIP1,+,30,639674,641726
s1pr2,Gallus_gallus,RAD23A,-,30,640987,644249
s1pr2,Chelonia_mydas,FDX2,+,20,17785332,17789310
s1pr2,Chelonia_mydas,ZGLP1,+,20,17791194,17804886
s1pr2,Chelonia_mydas,HMCN1,-,20,17812932,17891847
s1pr2,Chelonia_mydas,VCAM1,-,20,17933675,17942875
s1pr2,Chelonia_mydas,MRPL4,-,20,17947243,17955016
s1pr2,Chelonia_mydas,S1PR2,+,20,17982171,17992585
s1pr2,Chelonia_mydas,DNMT1,+,20,18005816,18038763
s1pr2,Chelonia_mydas,EIF3G,+,20,18043047,18050035
s1pr2,Chelonia_mydas,7TM_1,-,20,18050329,18058560
s1pr2,Chelonia_mydas,ANGPTL6,+,20,18074374,18079819
s1pr2,Chelonia_mydas,SHFL,-,20,18083136,18097583
s1pr2,Xenopus_tropicalis,COL5A3,+,3,136916215,137048272
s1pr2,Xenopus_tropicalis,PPAN,+,3,137053843,137063013
s1pr2,Xenopus_tropicalis,P2RY11,+,3,137067990,137086396
s1pr2,Xenopus_tropicalis,EIF3G,-,3,137090826,137101021
s1pr2,Xenopus_tropicalis,DNMT1,-,3,137106109,137122281
s1pr2,Xenopus_tropicalis,S1PR2,-,3,137139716,137169124
s1pr2,Xenopus_tropicalis,MRPL4,+,3,137267352,137273069
s1pr2,Xenopus_tropicalis,ICAM5,+,3,137310426,137330934
s1pr2,Xenopus_tropicalis,ICAM5,-,3,137340230,137352827
s1pr2,Xenopus_tropicalis,C2-SET,-,3,137367293,137431332
s1pr2,Xenopus_tropicalis,ICAM3,-,3,137436770,137447750
s1pr2,Protopterus_annectens,GADD45GIP1,-,9.part0,1790283017,1790303546
s1pr2,Protopterus_annectens,NFIX,-,9.part0,1790912446,1793188299
s1pr2,Protopterus_annectens,NFIX,-,9.part0,1793829719,1793831056
s1pr2,Protopterus_annectens,LYL1,-,9.part0,1798545135,1798911148
s1pr2,Protopterus_annectens,FOXP2,-,9.part0,1800310142,1800312755
s1pr2,Protopterus_annectens,S1PR2,+,9.part0,1802897896,1803484757
s1pr2,Protopterus_annectens,DNMT1,+,9.part0,1804388912,1805250994
s1pr2,Protopterus_annectens,EIF3G,-,9.part0,1805710712,1805905840
s1pr2,Protopterus_annectens,SHFL,+,9.part0,1805987258,1807539872
s1pr2,Protopterus_annectens,ANGPTL6,-,9.part0,1807629966,1808281411
s1pr2,Protopterus_annectens,P2RY11,+,9.part0,1808451011,1808569040
s1pr2,Latimeria_chalumnae,GNG5,+,6,135810808,135820300
s1pr2,Latimeria_chalumnae,MYOSIN HEAD,-,6,135911773,135941025
s1pr2,Latimeria_chalumnae,PALMD,-,6,135963507,136070246
s1pr2,Latimeria_chalumnae,P2RY1,+,6,136105522,136106517
s1pr2,Latimeria_chalumnae,DNMT1,-,6,136134226,136266495
s1pr2,Latimeria_chalumnae,S1PR2,-,6,136400132,136537951
s1pr2,Latimeria_chalumnae,VCAM1,+,6,136765116,136810336
s1pr2,Latimeria_chalumnae,NOD1,+,6,137020577,137030526
s1pr2,Latimeria_chalumnae,AXIN2,+,6,137113461,137142205
s1pr2,Latimeria_chalumnae,MYADM,+,6,137163786,137198747
s1pr2,Latimeria_chalumnae,PRR36,-,6,137544695,137560252
s1pr2,Danio_rerio,ANGPTL6,-,3,57068738,57095325
s1pr2,Danio_rerio,PPAN,+,3,57098667,57113767
s1pr2,Danio_rerio,P2RY11,+,3,57113304,57123795
s1pr2,Danio_rerio,EIF3G,+,3,57127838,57135999
s1pr2,Danio_rerio,DNMT1,-,3,57137394,57153393
s1pr2,Danio_rerio,S1PR2,-,3,57162197,57215531
s1pr2,Danio_rerio,ICAM3,+,3,57290490,57320026
s1pr2,Danio_rerio,VCAM1,+,3,57322562,57343890
s1pr2,Danio_rerio,ICAM2,+,3,57352912,57362043
s1pr2,Danio_rerio,UBALD1B,-,3,57382830,57392810
s1pr2,Danio_rerio,MGRN1B,+,3,57395489,57421236
s1pr2,Scyliorhinus_canicula,RLN3A,+,25,1467904,1469815
s1pr2,Scyliorhinus_canicula,IL12RB2,+,25,1477277,1582296
s1pr2,Scyliorhinus_canicula,TNPO2,+,25,1607067,1622504
s1pr2,Scyliorhinus_canicula,GTF2F1,-,25,1640598,1666313
s1pr2,Scyliorhinus_canicula,YJU2B,-,25,1679722,1704946
s1pr2,Scyliorhinus_canicula,S1PR2,-,25,1733698,1745622
s1pr2,Scyliorhinus_canicula,S1PR2,-,25,1809092,1879681
s1pr2,Scyliorhinus_canicula,HMCN1,+,25,2037607,2376877
s1pr2,Scyliorhinus_canicula,S1PR5,+,25,2434701,2446033
s1pr2,Scyliorhinus_canicula,SPC24,-,25,2473035,2489240
s1pr2,Scyliorhinus_canicula,DENND1B,+,25,2489430,2580875
s1pr2,Scyliorhinus_canicula,CRB3,-,25,2584726,2609121
s1pr3,Homo_sapiens,CDK20,-,9,87966440,87974532
s1pr3,Homo_sapiens,SYNCYTIN-A,-,9,88037467,88077899
s1pr3,Homo_sapiens,SPATA31C2,-,9,88129304,88138474
s1pr3,Homo_sapiens,SPIN1,+,9,88388443,88478693
s1pr3,Homo_sapiens,NXNL2,+,9,88535177,88584509
s1pr3,Homo_sapiens,S1PR3,+,9,88990862,89005154
s1pr3,Homo_sapiens,SHC3,-,9,89005770,89178817
s1pr3,Homo_sapiens,HYCCIN,+,9,89007517,89008176
s1pr3,Homo_sapiens,CKS2,+,9,89311194,89316702
s1pr3,Homo_sapiens,SECISBP2,+,9,89318499,89367116
s1pr3,Homo_sapiens,SEMA4D,-,9,89360786,89498112
s1pr3,Gallus_gallus,CFC1,-,Z,43023231,43036483
s1pr3,Gallus_gallus,LRRC2,+,Z,43078581,43148669
s1pr3,Gallus_gallus,CNTNAP4,-,Z,43445176,43666460
s1pr3,Gallus_gallus,SPIN1,+,Z,43790849,43866042
s1pr3,Gallus_gallus,NXNL2,+,Z,43880357,43901954
s1pr3,Gallus_gallus,S1PR3,+,Z,44047828,44059929
s1pr3,Gallus_gallus,SHC3,-,Z,44064717,44168679
s1pr3,Gallus_gallus,CKS2,+,Z,44165275,44168183
s1pr3,Gallus_gallus,SECISBP2,+,Z,44168663,44199160
s1pr3,Gallus_gallus,SEMA4D,-,Z,44198740,44299429
s1pr3,Gallus_gallus,GADD45G,+,Z,44331079,44332612
s1pr3,Chelonia_mydas,GADD45G,-,5,82863586,82865418
s1pr3,Chelonia_mydas,SEMA4D,+,5,82925375,83075137
s1pr3,Chelonia_mydas,SECISBP2,-,5,83080278,83133359
s1pr3,Chelonia_mydas,CKS2,-,5,83138161,83142602
s1pr3,Chelonia_mydas,SHC3,+,5,83197750,83282870
s1pr3,Chelonia_mydas,S1PR3,-,5,83293864,83305174
s1pr3,Chelonia_mydas,NXNL2,-,5,83528678,83542558
s1pr3,Chelonia_mydas,SPIN1,-,5,83566099,83685756
s1pr3,Chelonia_mydas,MYOSIN HEAD,+,5,83642662,83649926
s1pr3,Chelonia_mydas,RAG2,-,5,83735236,83782928
s1pr3,Chelonia_mydas,TEA1,-,5,83787639,83821870
s1pr3,Xenopus_tropicalis,SPIN1,-,1,137543831,137569997
s1pr3,Xenopus_tropicalis,NXNL2,+,1,137579212,137584704
s1pr3,Xenopus_tropicalis,ACR.4,+,1,137599433,137601522
s1pr3,Xenopus_tropicalis,ACR,+,1,137605849,137608162
s1pr3,Xenopus_tropicalis,ACR.2,+,1,137611980,137614271
s1pr3,Xenopus_tropicalis,S1PR3,+,1,137733938,137747391
s1pr3,Xenopus_tropicalis,TNIK,-,1,137757267,137761924
s1pr3,Xenopus_tropicalis,SHC3,-,1,137777120,137831461
s1pr3,Xenopus_tropicalis,CKS2,+,1,137846336,137849581
s1pr3,Xenopus_tropicalis,SECISBP2,+,1,137851326,137869821
s1pr3,Xenopus_tropicalis,SEMA4D,-,1,137870258,137949871
s1pr3,Protopterus_annectens,UGT2A1,+,2.part2,1080532948,1080832630
s1pr3,Protopterus_annectens,YTHDC1,-,2.part2,1081091915,1082479676
s1pr3,Protopterus_annectens,CLTCL1,+,2.part2,1082943848,1083222870
s1pr3,Protopterus_annectens,GNE,-,2.part2,1083309799,1084162746
s1pr3,Protopterus_annectens,NXNL2,+,2.part2,1085456842,1085493661
s1pr3,Protopterus_annectens,S1PR3,+,2.part2,1089235972,1089285285
s1pr3,Protopterus_annectens,S1PR3,+,2.part2,1089405413,1089406933
s1pr3,Protopterus_annectens,SHC3,-,2.part2,1089706115,1090289720
s1pr3,Protopterus_annectens,CKS2,+,2.part2,1091098350,1091280165
s1pr3,Protopterus_annectens,SECISBP2,+,2.part2,1091335427,1092929184
s1pr3,Protopterus_annectens,DPH7,+,2.part2,1091740595,1091894457
s1pr3,Protopterus_annectens,SEMA4D,-,2.part2,1093211721,1094799050
s1pr3,Latimeria_chalumnae,CNTNAP3,-,1,100642556,101026168
s1pr3,Latimeria_chalumnae,JRK,+,1,101033807,101035195
s1pr3,Latimeria_chalumnae,MFSD14,-,1,102470971,102552355
s1pr3,Latimeria_chalumnae,SPINZ,+,1,102788082,102912453
s1pr3,Latimeria_chalumnae,NXNL2,+,1,102970474,102986548
s1pr3,Latimeria_chalumnae,S1PR3,+,1,103407438,103422789
s1pr3,Latimeria_chalumnae,SHC3,-,1,103447562,103589635
s1pr3,Latimeria_chalumnae,TRANSPOSASE MUT,+,1,103643824,103649224
s1pr3,Latimeria_chalumnae,MYOSIN HEAD,+,1,103659970,103714823
s1pr3,Latimeria_chalumnae,CKS,+,1,103755983,103774021
s1pr3,Latimeria_chalumnae,SECISBP2,+,1,103795182,103872420
s1pr3,Danio_rerio,CIMAP1D,+,22,21143693,21149901
s1pr3,Danio_rerio,CKS2,-,22,21151719,21153224
s1pr3,Danio_rerio,SHC2,+,22,21153251,21198747
s1pr3,Danio_rerio,ANKRD24,-,22,21204323,21239372
s1pr3,Danio_rerio,SHDB,+,22,21245472,21311168
s1pr3,Danio_rerio,S1PR3A,-,22,21319793,21323394
s1pr3,Danio_rerio,MIER2,+,22,21364926,21396778
s1pr3,Danio_rerio,PLPP2B,+,22,21398276,21440596
s1pr3,Danio_rerio,TLE2A,+,22,21469959,21520581
s1pr3,Danio_rerio,TLE2B,-,22,21522350,21639444
s1pr3,Danio_rerio,TLE5,-,22,21642683,21698965
s1pr3,Scyliorhinus_canicula1,GADD45G,-,8,74807310,74809198
s1pr3,Scyliorhinus_canicula1,SEMA4D,+,8,74928193,75206022
s1pr3,Scyliorhinus_canicula1,SECISBP2L,-,8,75221216,75359298
s1pr3,Scyliorhinus_canicula1,CKS2,-,8,75405069,75414069
s1pr3,Scyliorhinus_canicula1,SHC3,+,8,75578092,75857379
s1pr3,Scyliorhinus_canicula1,S1PR3,-,8,75895215,75902137
s1pr3,Scyliorhinus_canicula1,NXNL2,-,8,76392601,76396971
s1pr3,Scyliorhinus_canicula1,SPINA,-,8,76417100,76525239
s1pr3,Scyliorhinus_canicula1,CBX3,+,8,76764594,76765028
s1pr3,Scyliorhinus_canicula1,MFSD14,+,8,76898020,77002721
s1pr3,Scyliorhinus_canicula1,SASS6,-,8,77037027,77127254
s1pr3,Scyliorhinus_canicula2,CELF5A,+,18,119438560,119950778
s1pr3,Scyliorhinus_canicula2,RGMD,-,18,119995000,120098540
s1pr3,Scyliorhinus_canicula2,HSD11B1L,-,18,120309659,120341433
s1pr3,Scyliorhinus_canicula2,MICOS13,+,18,120355253,120368248
s1pr3,Scyliorhinus_canicula2,SPIN1,-,18,120384591,120478860
s1pr3,Scyliorhinus_canicula2,S1PR3,+,18,120719411,120729524
s1pr3,Scyliorhinus_canicula2,WFIKKN1,-,18,120747310,120761708
s1pr3,Scyliorhinus_canicula2,WFIKKN2,+,18,120787138,120805012
s1pr3,Scyliorhinus_canicula2,EFNA5,-,18,121382432,121809860
s1pr3,Scyliorhinus_canicula2,CAMK4,+,18,122296417,122458319
s1pr3,Scyliorhinus_canicula2,PWWP3A,+,18,122472819,122551155
s1pr4,Homo_sapiens,TLE6,+,19,2977400,2995178
s1pr4,Homo_sapiens,TLE2,-,19,2997643,3047634
s1pr4,Homo_sapiens,TLE5,-,19,3052909,3062965
s1pr4,Homo_sapiens,GNA11,+,19,3094361,3123998
s1pr4,Homo_sapiens,GNA15,+,19,3136032,3163748
s1pr4,Homo_sapiens,S1PR4,+,19,3178768,3180331
s1pr4,Homo_sapiens,NCLN,+,19,3185929,3209574
s1pr4,Homo_sapiens,CELF5,+,19,3224660,3297075
s1pr4,Homo_sapiens,NFIC,+,19,3359629,3469216
s1pr4,Homo_sapiens,SMIM24,-,19,3473985,3480524
s1pr4,Homo_sapiens,SMIM44,-,19,3482109,3483440
s1pr4,Ornithorhynchus_anatinus,MAP1S,-,X1,115959804,115972727
s1pr4,Ornithorhynchus_anatinus,ZP4,+,X1,115982304,115988795
s1pr4,Ornithorhynchus_anatinus,RGML,+,X1,116036166,116051990
s1pr4,Ornithorhynchus_anatinus,CELF5,-,X1,116052976,116129394
s1pr4,Ornithorhynchus_anatinus,NCLN,-,X1,116143352,116156318
s1pr4,Ornithorhynchus_anatinus,S1PR4,-,X1,116170621,116172024
s1pr4,Ornithorhynchus_anatinus,GNA15,-,X1,116187326,116210388
s1pr4,Ornithorhynchus_anatinus,GNA11,-,X1,116224600,116261427
s1pr4,Ornithorhynchus_anatinus,TLE5,+,X1,116326564,116336989
s1pr4,Ornithorhynchus_anatinus,TLE2,+,X1,116361861,116385772
s1pr4,Ornithorhynchus_anatinus,TLE1,-,X1,116388255,116405833
s1pr4,Gallus_gallus,TLE2,-,28,1642659,1663492
s1pr4,Gallus_gallus,AES,-,28,1656786,1663757
s1pr4,Gallus_gallus,GNA11,+,28,1673547,1689515
s1pr4,Gallus_gallus,GZMB,-,28,1690084,1692043
s1pr4,Gallus_gallus,CTSG,-,28,1694298,1696378
s1pr4,Gallus_gallus,S1PR4,+,28,1699368,1702185
s1pr4,Gallus_gallus,NCLN,+,28,1702601,1714093
s1pr4,Gallus_gallus,CELF5,+,28,1714466,1748778
s1pr4,Gallus_gallus,HSD11B1L,-,28,1749589,1755318
s1pr4,Gallus_gallus,C19ORF70,+,28,1755387,1757996
s1pr4,Gallus_gallus,SAFB,-,28,1758544,1773249
s1pr4,Chelonia_mydas,HSD11B1L,+,25,9642817,9661388
s1pr4,Chelonia_mydas,RGMA,+,25,9690146,9706913
s1pr4,Chelonia_mydas,CELF5,-,25,9710388,9768923
s1pr4,Chelonia_mydas,SUB1,-,25,9775569,9782752
s1pr4,Chelonia_mydas,NCLN,-,25,9785608,9806862
s1pr4,Chelonia_mydas,S1PR4,-,25,9814694,9821594
s1pr4,Chelonia_mydas,MCPT1,+,25,9838716,9843049
s1pr4,Chelonia_mydas,GNA15,-,25,9853103,9861011
s1pr4,Chelonia_mydas,GNA11,-,25,9867431,9886731
s1pr4,Chelonia_mydas,TLE5,+,25,9924304,9944015
s1pr4,Chelonia_mydas,TLE2,+,25,9963448,9997836
s1pr4,Xenopus_tropicalis,SUGP2,+,1,114312304,114327085
s1pr4,Xenopus_tropicalis,MICOS13,-,1,114328655,114333379
s1pr4,Xenopus_tropicalis,HSD11B1L,+,1,114339393,114346693
s1pr4,Xenopus_tropicalis,CELF5,-,1,114351860,114418103
s1pr4,Xenopus_tropicalis,NCLN,-,1,114429569,114440963
s1pr4,Xenopus_tropicalis,S1PR4,-,1,114450209,114458420
s1pr4,Xenopus_tropicalis,PLPP2,+,1,114484814,114499475
s1pr4,Xenopus_tropicalis,TLE2,+,1,114537754,114577607
s1pr4,Xenopus_tropicalis,TLE5,-,1,114605289,114625502
s1pr4,Xenopus_tropicalis,GNA11,+,1,114650117,114665684
s1pr4,Xenopus_tropicalis,SHB,-,1,114719660,114841593
s1pr4,Protopterus_annectens,MYOSIN HEAD,-,13.part0,212427470,212429518
s1pr4,Protopterus_annectens,ZAP70,-,13.part0,212989652,213720088
s1pr4,Protopterus_annectens,ADAMTS10,+,13.part0,213845745,215063108
s1pr4,Protopterus_annectens,MYO1F,+,13.part0,215157003,216293903
s1pr4,Protopterus_annectens,NCLN,-,13.part0,216362386,216699220
s1pr4,Protopterus_annectens,S1PR4,-,13.part0,216781079,216801463
s1pr4,Protopterus_annectens,MCPT1,-,13.part0,216944825,217016091
s1pr4,Protopterus_annectens,GNA11,-,13.part0,217096733,217287894
s1pr4,Protopterus_annectens,GNA15,-,13.part0,217416352,217599497
s1pr4,Protopterus_annectens,TST,-,13.part0,217871952,217943177
s1pr4,Protopterus_annectens,SPMAP2,-,13.part0,218403263,218690777
s1pr4,Latimeria_chalumnae,PLPP2A,+,21,5725692,5763219
s1pr4,Latimeria_chalumnae,TLE2A,+,21,5804733,5863885
s1pr4,Latimeria_chalumnae,TLE4,-,21,5866196,5941361
s1pr4,Latimeria_chalumnae,TLE5,-,21,5991403,6010822
s1pr4,Latimeria_chalumnae,GNA11,+,21,6037218,6092112
s1pr4,Latimeria_chalumnae,S1PR4,+,21,6118425,6119646
s1pr4,Latimeria_chalumnae,TINCR,+,21,6176133,6182916
s1pr4,Latimeria_chalumnae,PTPRSA,+,21,6920861,7243772
s1pr4,Latimeria_chalumnae,KDM4B,-,21,7272077,7477720
s1pr4,Latimeria_chalumnae,UHRF1,-,21,7487587,7511294
s1pr4,Latimeria_chalumnae,KLF9,-,21,7524409,7537299
s1pr4,Danio_rerio,MYDGF,+,22,5368268,5378554
s1pr4,Danio_rerio,DUF6475,-,22,5373581,5381273
s1pr4,Danio_rerio,TNFAIP8L1,-,22,5386555,5404654
s1pr4,Danio_rerio,CERS1,+,22,5409078,5467014
s1pr4,Danio_rerio,NCLN,-,22,5467026,5485644
s1pr4,Danio_rerio,S1PR4,-,22,5553972,6079151
s1pr4,Danio_rerio,MYO9BL,+,22,5565475,5666308
s1pr4,Danio_rerio,G6B,-,22,5667719,5676111
s1pr4,Danio_rerio,DUF1199,+,22,5695745,5699155
s1pr4,Danio_rerio,DUF1199,+,22,5713576,5714682
s1pr4,Danio_rerio,DUF1199,+,22,5716047,5722558
s1pr4,Scyliorhinus_canicula,GTPBP2,-,18,118916256,118929272
s1pr4,Scyliorhinus_canicula,SLC39A3,-,18,118957823,118973421
s1pr4,Scyliorhinus_canicula,SGTA,-,18,118981172,119027176
s1pr4,Scyliorhinus_canicula,THOP1,+,18,119035326,119075568
s1pr4,Scyliorhinus_canicula,ZNF367,+,18,119082961,119107584
s1pr4,Scyliorhinus_canicula,S1PR4,+,18,119147885,119154289
s1pr4,Scyliorhinus_canicula,NCLN,-,18,119262525,119321686
s1pr4,Scyliorhinus_canicula,HAUS8,+,18,119322199,119377036
s1pr4,Scyliorhinus_canicula,CELF5A,+,18,119438560,119950778
s1pr4,Scyliorhinus_canicula,RGMD,-,18,119995000,120098540
s1pr4,Scyliorhinus_canicula,HSD11B1L,-,18,120309659,120341433
s1pr5,Homo_sapiens,ICAM3,-,19,10333775,10339623
s1pr5,Homo_sapiens,TYK2,-,19,10350532,10380571
s1pr5,Homo_sapiens,CDC37,-,19,10391132,10403541
s1pr5,Homo_sapiens,PDE4A,+,19,10416772,10469630
s1pr5,Homo_sapiens,KEAP1,-,19,10486124,10503355
s1pr5,Homo_sapiens,S1PR5,-,19,10512741,10517964
s1pr5,Homo_sapiens,ATG4D,+,19,10543903,10553417
s1pr5,Homo_sapiens,KRI1,-,19,10553084,10566009
s1pr5,Homo_sapiens,CDKN2D,-,19,10566459,10568978
s1pr5,Homo_sapiens,AP1M2,-,19,10572670,10587311
s1pr5,Homo_sapiens,SLC44A2,+,19,10602454,10644556
s1pr5,Ornithorhynchus_anatinus,ICAM3,-,X2,7994290,7998128
s1pr5,Ornithorhynchus_anatinus,TYK2,-,X2,7998827,8010945
s1pr5,Ornithorhynchus_anatinus,CDC37,-,X2,8013048,8017474
s1pr5,Ornithorhynchus_anatinus,PDE4A,+,X2,8035932,8041863
s1pr5,Ornithorhynchus_anatinus,KEAP1,-,X2,8044283,8050372
s1pr5,Ornithorhynchus_anatinus,S1PR5,-,X2,8052572,8056492
s1pr5,Ornithorhynchus_anatinus,ATG4D,+,X2,8063695,8066811
s1pr5,Ornithorhynchus_anatinus,KRI1,-,X2,8067034,8072951
s1pr5,Ornithorhynchus_anatinus,CDKN2D,-,X2,8073455,8075514
s1pr5,Ornithorhynchus_anatinus,AP1M2,-,X2,8076340,8086820
s1pr5,Ornithorhynchus_anatinus,SLC44A2,+,X2,8090362,8107425
s1pr5,Chelonia_mydas,AP1M2,+,20,17438623,17453004
s1pr5,Chelonia_mydas,CDKN2D,+,20,17454745,17457633
s1pr5,Chelonia_mydas,KRI1,+,20,17459563,17470936
s1pr5,Chelonia_mydas,GAL3ST1,+,20,17473042,17476879
s1pr5,Chelonia_mydas,ATG4D,-,20,17476868,17486855
s1pr5,Chelonia_mydas,S1PR5,+,20,17508015,17514675
s1pr5,Chelonia_mydas,KEAP1,+,20,17519594,17529417
s1pr5,Chelonia_mydas,SPC24,-,20,17529351,17533650
s1pr5,Chelonia_mydas,PDE4A,-,20,17535012,17647572
s1pr5,Chelonia_mydas,PDE4B,-,20,17668990,17694393
s1pr5,Chelonia_mydas,CDC37,+,20,17708257,17719331
s1pr5,Xenopus_tropicalis,CDC37,-,3,137659946,137669930
s1pr5,Xenopus_tropicalis,PDE4A,+,3,137694339,138008829
s1pr5,Xenopus_tropicalis,SPC24,+,3,138025897,138034577
s1pr5,Xenopus_tropicalis,KEAP1,-,3,138039171,138057548
s1pr5,Xenopus_tropicalis,ATG4D,+,3,138057775,138183680
s1pr5,Xenopus_tropicalis,S1PR5,-,3,138070092,138082783
s1pr5,Xenopus_tropicalis,ESYT1,-,3,138106835,138111894
s1pr5,Xenopus_tropicalis,ESYT1,-,3,138122357,138175213
s1pr5,Xenopus_tropicalis,KRI1,-,3,138183630,138194940
s1pr5,Xenopus_tropicalis,CDKN2D,-,3,138200170,138212615
s1pr5,Xenopus_tropicalis,AP1M2,-,3,138228102,138238797
s1pr5,Protopterus_annectens,OR6B1,+,9.part0,1682434043,1682434780
s1pr5,Protopterus_annectens,OR10A3,-,9.part0,1683459509,1683460468
s1pr5,Protopterus_annectens,OR10J4,-,9.part0,1683888973,1683889941
s1pr5,Protopterus_annectens,OR2B6,-,9.part0,1684486915,1684487880
s1pr5,Protopterus_annectens,A4GNT,+,9.part0,1689792497,1689793444
s1pr5,Protopterus_annectens,S1PR5,+,9.part0,1690702177,1690849520
s1pr5,Protopterus_annectens,KEAP1,+,9.part0,1691535874,1692286714
s1pr5,Protopterus_annectens,SPC24,-,9.part0,1692522959,1693276222
s1pr5,Protopterus_annectens,MYOSIN HEAD,+,9.part0,1693457522,1693917348
s1pr5,Protopterus_annectens,PDE4A,-,9.part0,1693995022,1695510751
s1pr5,Protopterus_annectens,PDE4B,-,9.part0,1697660748,1698359817
s1pr5,Latimeria_chalumnae,RTBDN,+,6,134973111,135026334
s1pr5,Latimeria_chalumnae,RNASEH2A,-,6,135034177,135075591
s1pr5,Latimeria_chalumnae,HOOK2,-,6,135094646,135156463
s1pr5,Latimeria_chalumnae,JUNBA,+,6,135349173,135351171
s1pr5,Latimeria_chalumnae,PRDX2,-,6,135376263,135430884
s1pr5,Latimeria_chalumnae,S1PR5,-,6,135435308,135451795
s1pr5,Latimeria_chalumnae,BEST2,-,6,135616221,135637606
s1pr5,Latimeria_chalumnae,GET3,-,6,135667752,135698118
s1pr5,Latimeria_chalumnae,TRIR,+,6,135698314,135712626
s1pr5,Latimeria_chalumnae,RNF11A,-,6,135728529,135745872
s1pr5,Latimeria_chalumnae,SSX2IP,-,6,135752803,135765750
s1pr5,Danio_rerio1,IL12RB2L,+,3,18000671,18027598
s1pr5,Danio_rerio1,SMARCA4A,+,3,18030354,18066436
s1pr5,Danio_rerio1,LDLRA,+,3,18083702,18108306
s1pr5,Danio_rerio1,KRI1,+,3,18121109,18139808
s1pr5,Danio_rerio1,SPC24,+,3,18140523,18148583
s1pr5,Danio_rerio1,S1PR5,-,3,18149559,18153004
s1pr5,Danio_rerio1,PDE6G,+,3,18227330,18238111
s1pr5,Danio_rerio1,PDE6GA,+,3,18241321,18246350
s1pr5,Danio_rerio1,CTRB1,-,3,18268106,18276156
s1pr5,Danio_rerio1,PRSS27,-,3,18286999,18298715
s1pr5,Danio_rerio1,DUF316,-,3,18338014,18341470
s1pr5,Danio_rerio2,LDLRB,+,6,169355,177946
s1pr5,Danio_rerio2,AP1M2,+,6,180418,187567
s1pr5,Danio_rerio2,CDKN2D,+,6,187845,189507
s1pr5,Danio_rerio2,LRRC8E,-,6,193000,199161
s1pr5,Danio_rerio2,KEAP1B,-,6,199706,206539
s1pr5,Danio_rerio2,S1PR5,-,6,207903,212996
s1pr5,Danio_rerio2,FDX2,+,6,220112,223562
s1pr5,Danio_rerio2,ZGLP1,+,6,223676,228005
s1pr5,Danio_rerio2,LYL1,+,6,231988,238834
s1pr5,Danio_rerio2,DUF6475,-,6,241596,249828
s1pr5,Danio_rerio2,HMGXB4B,-,6,250316,258373
s1pr5,Scyliorhinus_canicula,GTF2F1,-,25,1640598,1666313
s1pr5,Scyliorhinus_canicula,YJU2B,-,25,1679722,1704946
s1pr5,Scyliorhinus_canicula,S1PR2,-,25,1733698,1745622
s1pr5,Scyliorhinus_canicula,S1PR2,-,25,1809092,1879681
s1pr5,Scyliorhinus_canicula,HMCN1,+,25,2037607,2376877
s1pr5,Scyliorhinus_canicula,S1PR5,+,25,2434701,2446033
s1pr5,Scyliorhinus_canicula,SPC24,-,25,2473035,2489240
s1pr5,Scyliorhinus_canicula,DENND1B,+,25,2489430,2580875
s1pr5,Scyliorhinus_canicula,CRB3,-,25,2584726,2609121
s1pr5,Scyliorhinus_canicula,TMEM205,-,25,2626778,2638574
s1pr5,Scyliorhinus_canicula,MYH13,+,25,2635854,2671419
s1pr_petromyzon,Petromyzon_marinus1,FAF1,-,1,26417349,26437884
s1pr_petromyzon,Petromyzon_marinus1,CDKN2B,+,1,26444700,26449053
s1pr_petromyzon,Petromyzon_marinus1,MYOSIN HEAD,+,1,26449517,26458307
s1pr_petromyzon,Petromyzon_marinus1,DAB1,-,1,26458929,26495443
s1pr_petromyzon,Petromyzon_marinus1,PRXL2C,+,1,26506865,26521071
s1pr_petromyzon,Petromyzon_marinus1,S1PR-LIKE,+,1,26535226,26550606
s1pr_petromyzon,Petromyzon_marinus1,S1PR-LIKE,+,1,26551688,26563434
s1pr_petromyzon,Petromyzon_marinus1,MYOSIN HEAD,+,1,26572163,26588960
s1pr_petromyzon,Petromyzon_marinus1,NFIX,+,1,26594901,26633958
s1pr_petromyzon,Petromyzon_marinus1,CLK3,+,1,26639867,26654765
s1pr_petromyzon,Petromyzon_marinus1,SUGP1,-,1,26661706,26675393
s1pr_petromyzon,Petromyzon_marinus1,RASL11B,+,1,26676185,26684291
s1pr_petromyzon,Petromyzon_marinus2,PLPP3,-,35,1266069,1313141
s1pr_petromyzon,Petromyzon_marinus2,MMACHC,+,35,1323059,1330335
s1pr_petromyzon,Petromyzon_marinus2,SLC30A7,+,35,1331203,1357277
s1pr_petromyzon,Petromyzon_marinus2,DPH5,-,35,1372225,1398167
s1pr_petromyzon,Petromyzon_marinus2,ZK1290.5,+,35,1398205,1521569
s1pr_petromyzon,Petromyzon_marinus2,S1PR-LIKE,+,35,1521825,1541398
s1pr_petromyzon,Petromyzon_marinus2,CDCP2,+,35,1545873,1553929
s1pr_petromyzon,Petromyzon_marinus2,MYOSIN HEAD,+,35,1553921,1562131
s1pr_petromyzon,Petromyzon_marinus2,MYOSIN HEAD,+,35,1558133,1575180
s1pr_petromyzon,Petromyzon_marinus2,SSBP2,-,35,1581345,1745185
s1pr_petromyzon,Petromyzon_marinus2,ACOT11,+,35,1788758,1826349
lpar1,Homo_sapiens,C9ORF152,-,9,110199560,110208158
lpar1,Homo_sapiens,TXN,-,9,110243809,110256506
lpar1,Homo_sapiens,TXNDC8,-,9,110301230,110337862
lpar1,Homo_sapiens,SVEP1,-,9,110365247,110579740
lpar1,Homo_sapiens,MUSK,+,9,110668790,110806557
lpar1,Homo_sapiens,LPAR1,-,9,110873262,111038997
lpar1,Homo_sapiens,OR2K2,-,9,111327228,111330223
lpar1,Homo_sapiens,ECPAS,-,9,111360684,111484382
lpar1,Homo_sapiens,ZNF483,+,9,111525178,111578135
lpar1,Homo_sapiens,PTGR1,-,9,111549721,111599646
lpar1,Homo_sapiens,DNAJC25,+,9,111631333,111654344
lpar1,Ornithorhynchus_anatinus,NPR1,-,X5,40855794,40930272
lpar1,Ornithorhynchus_anatinus,PTGR1,+,X5,40961248,40989845
lpar1,Ornithorhynchus_anatinus,TXNL1,-,X5,40995962,41004378
lpar1,Ornithorhynchus_anatinus,SVEP1,-,X5,41100532,41330742
lpar1,Ornithorhynchus_anatinus,MUSK,+,X5,41415592,41523670
lpar1,Ornithorhynchus_anatinus,LPAR1,-,X5,41597922,41754865
lpar1,Ornithorhynchus_anatinus,PLIN2,+,X5,42091716,42105763
lpar1,Ornithorhynchus_anatinus,PLIN2,+,X5,42115085,42121954
lpar1,Ornithorhynchus_anatinus,HAUS6,+,X5,42132070,42170368
lpar1,Ornithorhynchus_anatinus,SAXO1,+,X5,42181559,42245690
lpar1,Ornithorhynchus_anatinus,ADAMTSL1,-,X5,42258183,42578582
lpar1,Gallus_gallus,PTGR1,+,Z,67177173,67196642
lpar1,Gallus_gallus,TOPORS,-,Z,67197466,67203361
lpar1,Gallus_gallus,TXN,-,Z,67208386,67213740
lpar1,Gallus_gallus,SVEP1,-,Z,67230307,67355762
lpar1,Gallus_gallus,MUSK,+,Z,67362598,67455624
lpar1,Gallus_gallus,LPAR1,-,Z,67497773,67565889
lpar1,Gallus_gallus,PHF7,+,Z,67604870,67608391
lpar1,Gallus_gallus,NPR1,+,Z,67719011,67771556
lpar1,Gallus_gallus,TMEM215,-,Z,67778698,67782334
lpar1,Gallus_gallus,TOPORS,+,Z,67810283,67815005
lpar1,Gallus_gallus,MROH7L7,+,Z,67904362,67916486
lpar1,Chelonia_mydas,NDUFB6,-,5,116502696,116506058
lpar1,Chelonia_mydas,SUN3,-,5,116533030,116553610
lpar1,Chelonia_mydas,TMEM215,+,5,116614672,116618827
lpar1,Chelonia_mydas,NPR2,-,5,116626741,116667794
lpar1,Chelonia_mydas,TOPORS,+,5,116706580,116814303
lpar1,Chelonia_mydas,LPAR1,+,5,116920279,117021057
lpar1,Chelonia_mydas,MUSK,-,5,117072258,117161931
lpar1,Chelonia_mydas,SVEP1,+,5,117228148,117399761
lpar1,Chelonia_mydas,TXN,+,5,117429618,117451764
lpar1,Chelonia_mydas,PTGR1,-,5,117461195,117525642
lpar1,Chelonia_mydas,TXN,+,5,117470884,117481134
lpar1,Xenopus_tropicalis,TXNL1,-,1,115347288,115355476
lpar1,Xenopus_tropicalis,TXN,-,1,115358006,115365885
lpar1,Xenopus_tropicalis,TXN,-,1,115379077,115384699
lpar1,Xenopus_tropicalis,XB5961763,-,1,115403626,115409796
lpar1,Xenopus_tropicalis,TXN,-,1,115429182,115434568
lpar1,Xenopus_tropicalis,LPAR1,+,1,115568014,115650879
lpar1,Xenopus_tropicalis,MUSK,-,1,115687923,115747796
lpar1,Xenopus_tropicalis,SVEP1,+,1,115807222,115977357
lpar1,Xenopus_tropicalis,XB5909790,+,1,116012755,116024458
lpar1,Xenopus_tropicalis,GRIN3A,+,1,116767374,116950638
lpar1,Xenopus_tropicalis,PLPPR1,-,1,116978142,117044830
lpar1,Protopterus_annectens,FSD1L,+,2.part0,703837513,704750713
lpar1,Protopterus_annectens,NFKB1,-,2.part0,704993013,705765904
lpar1,Protopterus_annectens,ECPAS,-,2.part0,706725242,708884139
lpar1,Protopterus_annectens,MYOSIN HEAD,-,2.part0,709367722,709758573
lpar1,Protopterus_annectens,MUSK,+,2.part0,714193923,715922590
lpar1,Protopterus_annectens,LPAR1,-,2.part0,717499216,717738084
lpar1,Protopterus_annectens,SVEP1,+,2.part0,720023296,722276283
lpar1,Protopterus_annectens,TXNL1,+,2.part0,723077174,723137849
lpar1,Protopterus_annectens,TXNL1,+,2.part0,723333735,723430007
lpar1,Protopterus_annectens,TXNL1,+,2.part0,724215484,724594713
lpar1,Protopterus_annectens,RAD23B,-,2.part0,724830696,726578881
lpar1,Latimeria_chalumnae,TXN,-,1,177023770,177037560
lpar1,Latimeria_chalumnae,TXNL1,-,1,177135112,177174243
lpar1,Latimeria_chalumnae,SVEP1,-,1,177209346,177303273
lpar1,Latimeria_chalumnae,SVEP1,-,1,177337935,177484354
lpar1,Latimeria_chalumnae,MUSK,+,1,177582610,177778124
lpar1,Latimeria_chalumnae,LPAR1,-,1,177822837,177976511
lpar1,Latimeria_chalumnae,ECPAS,+,1,178398866,178522671
lpar1,Latimeria_chalumnae,SMC2,-,1,178529814,178601404
lpar1,Latimeria_chalumnae,DNAJC25,+,1,178602425,178623216
lpar1,Latimeria_chalumnae,GNG10,+,1,178640776,178703840
lpar1,Latimeria_chalumnae,SHOC1,-,1,178667664,178854315
lpar1,Danio_rerio,DUF6475,+,10,12584961,12593617
lpar1,Danio_rerio,TRANSPOSASE MUT,+,10,14492313,14497514
lpar1,Danio_rerio,OSK,-,10,14603271,14854315
lpar1,Danio_rerio,EPHA5,+,10,14717009,14931689
lpar1,Danio_rerio,TRANSPOSASE MUT,-,10,14848020,14854315
lpar1,Danio_rerio,LPAR1,+,10,15133788,15264830
lpar1,Danio_rerio,MUSK,-,10,15282083,15378311
lpar1,Danio_rerio,RASSF6,+,10,15375054,15435179
lpar1,Danio_rerio,PHAGE INTEGRASE,-,10,15388354,15392230
lpar1,Danio_rerio,CYSTATIN,-,10,15435342,15438556
lpar1,Danio_rerio,TMEM267,+,10,15478325,15491158
lpar1,Scyliorhinus_canicula,NPR1,-,8,8460062,8536009
lpar1,Scyliorhinus_canicula,TXNL1,-,8,8553256,8574002
lpar1,Scyliorhinus_canicula,TXNL1,-,8,8611915,8626762
lpar1,Scyliorhinus_canicula,SVEP1,-,8,8634974,8860463
lpar1,Scyliorhinus_canicula,MUSK,+,8,8951668,9128280
lpar1,Scyliorhinus_canicula,LPAR1,-,8,9187196,9324261
lpar1,Scyliorhinus_canicula,ECPAS,+,8,9519613,9627087
lpar1,Scyliorhinus_canicula,SCG5,+,8,9638766,9658655
lpar1,Scyliorhinus_canicula,SMC2,-,8,9660601,9716986
lpar1,Scyliorhinus_canicula,DNAJC25,+,8,9721625,9732796
lpar1,Scyliorhinus_canicula,GNG10,+,8,9742607,9778641
lpar2,Homo_sapiens,TSSK6,-,19,19514218,19515547
lpar2,Homo_sapiens,NDUFA13,+,19,19516224,19528197
lpar2,Homo_sapiens,YJEFN3,+,19,19528910,19537580
lpar2,Homo_sapiens,CILP2,+,19,19538264,19546658
lpar2,Homo_sapiens,PBX4,-,19,19561712,19618686
lpar2,Homo_sapiens,LPAR2,-,19,19623654,19628219
lpar2,Homo_sapiens,GMIP,-,19,19629475,19643656
lpar2,Homo_sapiens,ATP13A1,-,19,19645197,19663675
lpar2,Homo_sapiens,ZNF101,+,19,19668152,19683505
lpar2,Homo_sapiens,ZNF14,-,19,19710471,19733111
lpar2,Homo_sapiens,ZNF506,-,19,19792710,19821749
lpar2,Monodelphis_domestica,UBL5,-,3,98664350,98666085
lpar2,Monodelphis_domestica,FBXL12,+,3,98666026,98670510
lpar2,Monodelphis_domestica,CHCHD5,-,3,98671069,98672504
lpar2,Monodelphis_domestica,ATP13A1,+,3,98672439,98689139
lpar2,Monodelphis_domestica,GMIP,+,3,98689879,98698480
lpar2,Monodelphis_domestica,LPAR2,+,3,98698947,98703711
lpar2,Monodelphis_domestica,PBX4,+,3,98698957,98790813
lpar2,Monodelphis_domestica,NXNL1,-,3,98789005,98809836
lpar2,Monodelphis_domestica,MVB12A,+,3,98799061,98804190
lpar2,Monodelphis_domestica,SLC27A1,+,3,98810065,98834597
lpar2,Monodelphis_domestica,PGLS,+,3,98835143,98846453
lpar2,Gallus_gallus,DUF6475,+,30,436188,442461
lpar2,Gallus_gallus,C30H19ORF53,-,30,443066,444107
lpar2,Gallus_gallus,MRI1,-,30,443299,448616
lpar2,Gallus_gallus,CCDC130,-,30,448612,452424
lpar2,Gallus_gallus,MASTL,+,30,452970,464601
lpar2,Gallus_gallus,LPAR2,+,30,468305,477043
lpar2,Gallus_gallus,PBX4,+,30,479374,489215
lpar2,Gallus_gallus,DSN1,+,30,489243,495005
lpar2,Gallus_gallus,MVB12A,+,30,495194,499884
lpar2,Gallus_gallus,ATP13A1,-,30,498075,511306
lpar2,Gallus_gallus,CHCHD5,+,30,511481,517045
lpar2,Chelonia_mydas,CHCHD5,-,20,18563629,18565894
lpar2,Chelonia_mydas,ATP13A1,+,20,18565885,18596737
lpar2,Chelonia_mydas,MVB12A,-,20,18596916,18602982
lpar2,Chelonia_mydas,DSN1,-,20,18603126,18614436
lpar2,Chelonia_mydas,PBX4,-,20,18617322,18652989
lpar2,Chelonia_mydas,LPAR2,-,20,18676474,18718600
lpar2,Chelonia_mydas,GMIP,-,20,18722167,18761677
lpar2,Chelonia_mydas,NXNL1,-,20,18780031,18784992
lpar2,Chelonia_mydas,SLC27A1,+,20,18788937,18822215
lpar2,Chelonia_mydas,PGLS,+,20,18826657,18831459
lpar2,Chelonia_mydas,NIBAN3,+,20,18832583,18856404
lpar2,Xenopus_tropicalis,COLGALT1,-,3,135009767,135039945
lpar2,Xenopus_tropicalis,PGLS,-,3,135041625,135056197
lpar2,Xenopus_tropicalis,NXNL1,+,3,135070503,135078507
lpar2,Xenopus_tropicalis,GMIP,+,3,135087392,135129485
lpar2,Xenopus_tropicalis,ZNF333,-,3,135136199,135139038
lpar2,Xenopus_tropicalis,LPAR2,+,3,135169693,135198420
lpar2,Xenopus_tropicalis,UBL5,+,3,135209265,135215905
lpar2,Xenopus_tropicalis,MYOSIN HEAD,-,3,135217947,135227761
lpar2,Xenopus_tropicalis,H3C14,+,3,135234018,135234516
lpar2,Xenopus_tropicalis,HIST1H2A,-,3,135235771,135236241
lpar2,Xenopus_tropicalis,H2BC4,+,3,135236458,135236961
lpar2,Protopterus_annectens,ATP13A1,+,9.part0,1959207158,1960824974
lpar2,Protopterus_annectens,AK1,-,9.part0,1961000556,1961007286
lpar2,Protopterus_annectens,MVB12A,-,9.part0,1961618977,1962180393
lpar2,Protopterus_annectens,DSN1,+,9.part0,1962179707,1963312699
lpar2,Protopterus_annectens,PBX1,+,9.part0,1963794753,1964836859
lpar2,Protopterus_annectens,LPAR2,-,9.part0,1965181534,1965633713
lpar2,Protopterus_annectens,XNF7,-,9.part0,1967384227,1967595835
lpar2,Protopterus_annectens,B3GALT2,+,9.part0,1969176503,1969442814
lpar2,Protopterus_annectens,B3GALT2,-,9.part0,1969860385,1969948290
lpar2,Protopterus_annectens,B3GALT2,+,9.part0,1970329999,1970331141
lpar2,Protopterus_annectens,B3GALT2,-,9.part0,1970464505,1970610926
lpar2,Danio_rerio,CHCHD5,-,3,55431384,55435025
lpar2,Danio_rerio,ATP13A1,+,3,55435830,55488094
lpar2,Danio_rerio,DSN1,+,3,55490071,55516483
lpar2,Danio_rerio,DUF6475,-,3,55495568,55501289
lpar2,Danio_rerio,PBX4,+,3,55536200,55609577
lpar2,Danio_rerio,LPAR2,-,3,55617719,55626259
lpar2,Danio_rerio,EPHX4,-,3,55632899,55648943
lpar2,Danio_rerio,BRD4,+,3,55650814,55762376
lpar2,Danio_rerio,PET100,+,3,55766093,55769508
lpar2,Danio_rerio,STXBP2,+,3,55778652,55812787
lpar2,Danio_rerio,GOLOCO,+,3,55815318,55850199
lpar2,Callorhinchus_milii,DNAJB4,-,-,934328,950358
lpar2,Callorhinchus_milii,TECR,+,-,942652,964355
lpar2,Callorhinchus_milii,TECRL,-,-,967706,972064
lpar2,Callorhinchus_milii,DAB2IP,-,-,975823,1004764
lpar2,Callorhinchus_milii,PGLYRP6,-,-,1007223,1012968
lpar2,Callorhinchus_milii,LPAR2,+,-,1018035,1055241
lpar2,Callorhinchus_milii,PBX4,+,-,1114265,1319077
lpar2,Callorhinchus_milii,DSN1,-,-,1323169,1339213
lpar2,Callorhinchus_milii,MVB12A,+,-,1339526,1355370
lpar2,Callorhinchus_milii,ATP13A1,-,-,1356735,1398330
lpar2,Callorhinchus_milii,CHCHD5,+,-,1398899,1406013
lpar2,Leucoraja_erinaceus,BRSK2,-,39,2527484,2590691
lpar2,Leucoraja_erinaceus,DDX39B,+,39,2599967,2620487
lpar2,Leucoraja_erinaceus,MAP2K7,-,39,2632284,2667340
lpar2,Leucoraja_erinaceus,LRRC8D,-,39,2671092,2680811
lpar2,Leucoraja_erinaceus,MCOLN1A,+,39,2682685,2727828
lpar2,Leucoraja_erinaceus,LPAR2,+,39,2747431,2791968
lpar2,Leucoraja_erinaceus,PBX4,+,39,2884604,3109166
lpar2,Leucoraja_erinaceus,DSN1,-,39,3111186,3139056
lpar2,Leucoraja_erinaceus,MVB12A,+,39,3139199,3167839
lpar2,Leucoraja_erinaceus,ATP13A1,-,39,3174740,3235860
lpar2,Leucoraja_erinaceus,CHCHD5,+,39,3236444,3247342
lpar3,Homo_sapiens,RPF1,+,1,84479265,84498351
lpar3,Homo_sapiens,GNG5,-,1,84498324,84506580
lpar3,Homo_sapiens,SPATA1,+,1,84506385,84567378
lpar3,Homo_sapiens,CTBS,-,1,84549610,84574439
lpar3,Homo_sapiens,SSX2IP,-,1,84643705,84690744
lpar3,Homo_sapiens,LPAR3,-,1,84811601,84893205
lpar3,Homo_sapiens,MCOLN2,-,1,84925582,84997112
lpar3,Homo_sapiens,MCOLN3,-,1,85018081,85048499
lpar3,Homo_sapiens,DNAI3,+,1,85062326,85133137
lpar3,Homo_sapiens,SYDE2,-,1,85152490,85201015
lpar3,Homo_sapiens,C1ORF52,-,1,85249952,85259661
lpar3,Ornithorhynchus_anatinus,C4H1ORF52,+,4,103085657,103096633
lpar3,Ornithorhynchus_anatinus,SYDE2,+,4,103162043,103226811
lpar3,Ornithorhynchus_anatinus,DNAI3,-,4,103242505,103328842
lpar3,Ornithorhynchus_anatinus,MCOLN3,+,4,103338834,103376699
lpar3,Ornithorhynchus_anatinus,MCOLN2,+,4,103387335,103456712
lpar3,Ornithorhynchus_anatinus,LPAR3,+,4,103527086,103582042
lpar3,Ornithorhynchus_anatinus,SSX2IP,+,4,103662161,103792179
lpar3,Ornithorhynchus_anatinus,VTG2,+,4,103823946,103887328
lpar3,Ornithorhynchus_anatinus,CTBS,+,4,103892598,103911483
lpar3,Ornithorhynchus_anatinus,GNG5,+,4,103926306,103944827
lpar3,Ornithorhynchus_anatinus,RPF1,-,4,103945115,103961858
lpar3,Gallus_gallus,C1ORF52,+,8,16022620,16024653
lpar3,Gallus_gallus,SYDE2,+,8,16031632,16063114
lpar3,Gallus_gallus,MCOLN3,+,8,16074528,16117264
lpar3,Gallus_gallus,WDR63,-,8,16075262,16100371
lpar3,Gallus_gallus,MCOLN2,+,8,16117958,16137748
lpar3,Gallus_gallus,LPAR3,+,8,16136996,16157325
lpar3,Gallus_gallus,SSX2IP,+,8,16180021,16199900
lpar3,Gallus_gallus,VTG2,+,8,16204329,16225308
lpar3,Gallus_gallus,VTG3,+,8,16254239,16275338
lpar3,Gallus_gallus,CTBS,+,8,16275460,16281992
lpar3,Gallus_gallus,SPATA1,-,8,16282164,16301342
lpar3,Chelonia_mydas,C8H1ORF52,+,8,77475995,77481279
lpar3,Chelonia_mydas,SYDE2,+,8,77505634,77556164
lpar3,Chelonia_mydas,DNAI3,-,8,77570201,77625650
lpar3,Chelonia_mydas,MCOLN3,+,8,77628328,77653289
lpar3,Chelonia_mydas,MCOLN2,+,8,77660018,77703863
lpar3,Chelonia_mydas,LPAR3,+,8,77714673,77751078
lpar3,Chelonia_mydas,SSX2IP,+,8,77797822,77840478
lpar3,Chelonia_mydas,VTG2,+,8,77854747,77881666
lpar3,Chelonia_mydas,VTG2,+,8,77895789,77931049
lpar3,Chelonia_mydas,CTBS,+,8,77931918,77948459
lpar3,Chelonia_mydas,SPATA1,-,8,77945031,77988276
lpar3,Xenopus_tropicalis,BCL10,+,4,77162011,77170235
lpar3,Xenopus_tropicalis,C4H1ORF52,+,4,77172182,77178683
lpar3,Xenopus_tropicalis,SYDE2,+,4,77252587,77302962
lpar3,Xenopus_tropicalis,DNAI3,-,4,77309085,77359459
lpar3,Xenopus_tropicalis,MCOLN3,+,4,77359385,77404030
lpar3,Xenopus_tropicalis,LPAR3,+,4,77419427,77438954
lpar3,Xenopus_tropicalis,NPR2,+,4,77459947,77483505
lpar3,Xenopus_tropicalis,SSX2IP,+,4,77491228,77512666
lpar3,Xenopus_tropicalis,VTGA2,+,4,77519130,77533981
lpar3,Xenopus_tropicalis,VTGA1,+,4,77549302,77569364
lpar3,Xenopus_tropicalis,VTGB1,+,4,77584499,77602737
lpar3,Protopterus_annectens,P2RX7,+,10.part0,1401099354,1401103095
lpar3,Protopterus_annectens,MYOSIN HEAD,-,10.part0,1401180794,1401186203
lpar3,Protopterus_annectens,DNAI3,+,10.part0,1407625405,1408574065
lpar3,Protopterus_annectens,SYDE2,-,10.part0,1409167272,1410030093
lpar3,Protopterus_annectens,CCHR10.PART0H1ORF52,-,10.part0,1411743662,1411914377
lpar3,Protopterus_annectens,LPAR3,+,10.part0,1413371352,1413882125
lpar3,Protopterus_annectens,PK_TYR_SER-THR,+,10.part0,1414154954,1414499181
lpar3,Protopterus_annectens,SSX2IP,-,10.part0,1415898093,1417074069
lpar3,Protopterus_annectens,VTG,-,10.part0,1417603045,1418090172
lpar3,Protopterus_annectens,RNPC3,-,10.part0,1418239972,1419104021
lpar3,Protopterus_annectens,PRB1,-,10.part0,1419162759,1419222251
lpar3,Latimeria_chalumnae,C6H1ORF52,+,6,72250388,72259616
lpar3,Latimeria_chalumnae,SYDE2,+,6,72297717,72391575
lpar3,Latimeria_chalumnae,DNAI3,-,6,72417581,72539225
lpar3,Latimeria_chalumnae,MCOLN3,+,6,72550723,72580491
lpar3,Latimeria_chalumnae,MCOLN2,+,6,72588527,72632845
lpar3,Latimeria_chalumnae,LPAR3,+,6,72651473,72666605
lpar3,Latimeria_chalumnae,NPR1,+,6,72703425,72771119
lpar3,Latimeria_chalumnae,SSX2IPA,+,6,72782476,72846950
lpar3,Latimeria_chalumnae,VTG,+,6,72867266,72904194
lpar3,Latimeria_chalumnae,VTG,-,6,72914456,72980206
lpar3,Latimeria_chalumnae,CTBS,+,6,72996972,73024999
lpar3,Danio_rerio,P3H2,+,22,24210878,24302829
lpar3,Danio_rerio,G6B,+,22,25330740,25343608
lpar3,Danio_rerio,WDR47B,+,22,25352797,25384256
lpar3,Danio_rerio,CLCC1,+,22,25396656,25415120
lpar3,Danio_rerio,MCOLN2,+,22,25416613,25435370
lpar3,Danio_rerio,LPAR3,+,22,25439916,25459427
lpar3,Danio_rerio,VTG,-,22,25528882,25535908
lpar3,Danio_rerio,VTG5,-,22,25548803,25555490
lpar3,Danio_rerio,KDZ,+,22,25560108,25566676
lpar3,Danio_rerio,PEPTIDASE A17,-,22,25567488,25574483
lpar3,Danio_rerio,VTG4,-,22,25584024,25591513
lpar3,Scyliorhinus_canicula,DNAI3,-,4,5841104,5991261
lpar3,Scyliorhinus_canicula,MCOLN3,+,4,5998422,6062848
lpar3,Scyliorhinus_canicula,VAV3,-,4,6083643,6120432
lpar3,Scyliorhinus_canicula,MCOLN3,+,4,6150068,6175885
lpar3,Scyliorhinus_canicula,MCOLN3,+,4,6195252,6283138
lpar3,Scyliorhinus_canicula,LPAR3,+,4,6315229,6404064
lpar3,Scyliorhinus_canicula,NPR2,+,4,6424820,6551530
lpar3,Scyliorhinus_canicula,SSX2IP,+,4,6568040,6623421
lpar3,Scyliorhinus_canicula,VTG,-,4,6628585,6721520
lpar3,Scyliorhinus_canicula,VTG,+,4,6776248,6796646
lpar3,Scyliorhinus_canicula,VTG,+,4,6816815,6837761
lpar1/2/3-petromyzon,Petromyzon_marinus1,ADNP,-,1,10944925,10961216
lpar1/2/3-petromyzon,Petromyzon_marinus1,ADNP,+,1,10967182,10980116
lpar1/2/3-petromyzon,Petromyzon_marinus1,ADNP,-,1,10979022,11005163
lpar1/2/3-petromyzon,Petromyzon_marinus1,ECPAS,-,1,11009510,11144469
lpar1/2/3-petromyzon,Petromyzon_marinus1,MCOLN3,+,1,11151570,11203966
lpar1/2/3-petromyzon,Petromyzon_marinus1,LPAR1/2/3-LIKE,+,1,11270816,11354333
lpar1/2/3-petromyzon,Petromyzon_marinus1,MYOSIN HEAD,+,1,11371041,11377150
lpar1/2/3-petromyzon,Petromyzon_marinus1,ADNP,+,1,11378821,11401182
lpar1/2/3-petromyzon,Petromyzon_marinus1,MYOSIN HEAD,-,1,11407790,11419044
lpar1/2/3-petromyzon,Petromyzon_marinus1,ADNP,-,1,11418062,11453822
lpar1/2/3-petromyzon,Petromyzon_marinus1,ADNP,-,1,11463685,11473229
lpar1/2/3-petromyzon,Petromyzon_marinus2,MYOSIN HEAD,-,44,339553,346208
lpar1/2/3-petromyzon,Petromyzon_marinus2,VCP,+,44,409860,485255
lpar1/2/3-petromyzon,Petromyzon_marinus2,ADGRG1,-,44,682192,1032686
lpar1/2/3-petromyzon,Petromyzon_marinus2,DTWD1,-,44,1075951,1087528
lpar1/2/3-petromyzon,Petromyzon_marinus2,SVEP1,-,44,1090231,1140285
lpar1/2/3-petromyzon,Petromyzon_marinus2,LPAR1/2/3-LIKE,-,44,1145378,1155708
lpar1/2/3-petromyzon,Petromyzon_marinus2,NPR1,-,44,1168880,1229747
lpar1/2/3-petromyzon,Petromyzon_marinus2,MMAB,+,44,1237851,1262290
lpar1/2/3-petromyzon,Petromyzon_marinus2,DUSP3,+,44,1265010,1274621
lpar1/2/3-petromyzon,Petromyzon_marinus2,BMPR1B,+,44,1281896,1306670
lpar1/2/3-petromyzon,Petromyzon_marinus2,NFIA,+,44,1316481,1427851
lpar1/2/3-petromyzon,Petromyzon_marinus3,ADNP,-,-,191498,197344
lpar1/2/3-petromyzon,Petromyzon_marinus3,PCDH17,+,-,203795,226989
lpar1/2/3-petromyzon,Petromyzon_marinus3,ADNP,-,-,231084,239291
lpar1/2/3-petromyzon,Petromyzon_marinus3,ADNP,-,-,247106,251171
lpar1/2/3-petromyzon,Petromyzon_marinus3,MYOSIN HEAD,+,-,263848,280466
lpar1/2/3-petromyzon,Petromyzon_marinus3,LPAR1/2/3-LIKE,-,-,289013,291201
lpar1/2/3-petromyzon,Petromyzon_marinus3,ADNP,+,-,378056,381586
lpar1/2/3-petromyzon,Petromyzon_marinus3,ADNP,+,-,431663,433346
lpar1/2/3-petromyzon,Petromyzon_marinus3,ADNP,+,-,505362,508422
lpar1/2/3-petromyzon,Petromyzon_marinus3,MYOSIN HEAD,+,-,549849,569329
lpar1/2/3-petromyzon,Petromyzon_marinus3,FAT1,-,-,598619,625765
lpar4,Homo_sapiens,PGAM4,-,X,77967948,77969637
lpar4,Homo_sapiens,PGK1,+,X,78104247,78129294
lpar4,Homo_sapiens,TAF9B,-,X,78129747,78139649
lpar4,Homo_sapiens,CYSLTR1,-,X,78271467,78327610
lpar4,Homo_sapiens,RTL3,-,X,78656067,78659327
lpar4,Homo_sapiens,LPAR4,+,X,78747719,78758713
lpar4,Homo_sapiens,P2RY10,+,X,78945390,78963726
lpar4,Homo_sapiens,GPR174,+,X,79144687,79175317
lpar4,Homo_sapiens,ITM2A,-,X,79360383,79367333
lpar4,Homo_sapiens,TBX22,+,X,80014752,80031773
lpar4,Homo_sapiens,TENT5D,+,X,80335503,80445308
lpar4,Gallus_gallus,KIF4B,+,4,1226047,1243238
lpar4,Gallus_gallus,TAF9,-,4,1245056,1248268
lpar4,Gallus_gallus,FNDC3A,-,4,1251297,1289027
lpar4,Gallus_gallus,CYSLTR1,-,4,1302314,1319547
lpar4,Gallus_gallus,CXCR8,+,4,1319514,1326175
lpar4,Gallus_gallus,LPAR4,+,4,1351954,1365620
lpar4,Gallus_gallus,P2RY10,+,4,1391379,1398772
lpar4,Gallus_gallus,P2RY10,+,4,1401492,1405935
lpar4,Gallus_gallus,GPR174,+,4,1410252,1416096
lpar4,Gallus_gallus,ITM2A,-,4,1425205,1434193
lpar4,Gallus_gallus,TBX22,+,4,1461422,1466606
lpar4,Chelonia_mydas,ITM2A,+,9,75131186,75147746
lpar4,Chelonia_mydas,CPSF6,+,9,75145909,75147746
lpar4,Chelonia_mydas,GPR174,-,9,75181577,75199009
lpar4,Chelonia_mydas,P2RY10,-,9,75223242,75233393
lpar4,Chelonia_mydas,P2RY10,-,9,75239838,75254181
lpar4,Chelonia_mydas,LPAR4,-,9,75297284,75319989
lpar4,Chelonia_mydas,CYSLTR1,+,9,75506651,75522149
lpar4,Chelonia_mydas,FNDC3A,+,9,75565204,75647491
lpar4,Chelonia_mydas,GHSR,-,9,75649331,75652452
lpar4,Chelonia_mydas,TAF9,+,9,75663160,75669317
lpar4,Chelonia_mydas,KIF4A,-,9,75672092,75712757
lpar4,Geotrypetes_seraphini,TAF9B,-,5,49925914,49957188
lpar4,Geotrypetes_seraphini,GHSR,+,5,49959007,49968362
lpar4,Geotrypetes_seraphini,FNDC3A,-,5,49975666,50153217
lpar4,Geotrypetes_seraphini,CYSLTR1,-,5,50161790,50346329
lpar4,Geotrypetes_seraphini,MYOSIN HEAD,-,5,50223571,50233849
lpar4,Geotrypetes_seraphini,LPAR4,+,5,50390695,50429450
lpar4,Geotrypetes_seraphini,P2RY10,+,5,50552330,50555112
lpar4,Geotrypetes_seraphini,GPR174,+,5,50604533,50647900
lpar4,Geotrypetes_seraphini,ITM2A,-,5,50673732,50693057
lpar4,Geotrypetes_seraphini,TBX22,+,5,50844216,50895023
lpar4,Geotrypetes_seraphini,CHMP1B,-,5,50961180,50984153
lpar4,Protopterus_annectens1,CHMP1B,+,15.part0,411868464,412426360
lpar4,Protopterus_annectens1,TBX22,-,15.part0,413091776,413159141
lpar4,Protopterus_annectens1,ITM2A,+,15.part0,414494282,414859639
lpar4,Protopterus_annectens1,GPR174,-,15.part0,415554611,415885736
lpar4,Protopterus_annectens1,P2RY10,-,15.part0,416704698,417048009
lpar4,Protopterus_annectens1,LPAR4,-,15.part0,418021398,418451311
lpar4,Protopterus_annectens1,7TM GPCR SRX,-,15.part0,419805426,419957169
lpar4,Protopterus_annectens1,UTP14A,-,15.part0,420144770,420886755
lpar4,Protopterus_annectens1,TTI2,+,15.part0,420936660,421327199
lpar4,Protopterus_annectens1,VMA21,-,15.part0,421351932,421466880
lpar4,Protopterus_annectens1,GPR50,-,15.part0,422541802,422592198
lpar4,Protopterus_annectens2,ARR3,-,15.part0,603484551,604019992
lpar4,Protopterus_annectens2,INPPL1,+,15.part0,604020048,605119829
lpar4,Protopterus_annectens2,P2RY4,-,15.part0,605559867,606525547
lpar4,Protopterus_annectens2,P2RY4,+,15.part0,607395731,607673300
lpar4,Protopterus_annectens2,MYOSIN HEAD,+,15.part0,608505129,608579271
lpar4,Protopterus_annectens2,CYSLTR1,+,15.part0,608654632,609310155
lpar4,Protopterus_annectens2,FNDC3A,+,15.part0,609971277,611293415
lpar4,Protopterus_annectens2,TAF9,+,15.part0,611425027,611765672
lpar4,Protopterus_annectens2,SLC6A14,+,15.part0,621263700,621621233
lpar4,Protopterus_annectens2,AGTR2,-,15.part0,621884392,621952197
lpar4,Protopterus_annectens2,U2SURP,-,15.part0,622973344,624513127
lpar4,Latimeria_chalumnae,KLHL4,-,15,37385585,37452250
lpar4,Latimeria_chalumnae,DACHA,-,15,37926075,38389269
lpar4,Latimeria_chalumnae,CHM,+,15,38446160,38563503
lpar4,Latimeria_chalumnae,CYSLTR1,-,15,38595175,38599675
lpar4,Latimeria_chalumnae,CXCR4,+,15,38810877,38825233
lpar4,Latimeria_chalumnae,LPAR4,+,15,38918614,38937284
lpar4,Latimeria_chalumnae,P2RY10,+,15,39044755,39075642
lpar4,Latimeria_chalumnae,RERE,+,15,39075666,39077376
lpar4,Latimeria_chalumnae,GPR174,+,15,39215130,39216101
lpar4,Latimeria_chalumnae,ITM2A,-,15,39262306,39299389
lpar4,Latimeria_chalumnae,TBX2,+,15,39487374,39508165
lpar4,Alosa_alosa,HARBI1,+,21,10984452,10986208
lpar4,Alosa_alosa,RRAGA,-,21,11022881,11040476
lpar4,Alosa_alosa,FNDC3A,-,21,11044904,11071915
lpar4,Alosa_alosa,CYSLTR1,-,21,11085336,11159010
lpar4,Alosa_alosa,7TM,+,21,11195265,11196883
lpar4,Alosa_alosa,LPAR4,+,21,11220568,11226478
lpar4,Alosa_alosa,MUC4,-,21,11231891,11242367
lpar4,Alosa_alosa,MCCC2,+,21,11242444,11244449
lpar4,Alosa_alosa,P2RY10,+,21,11248842,11258464
lpar4,Alosa_alosa,GPR174,+,21,11263099,11273737
lpar4,Alosa_alosa,ITM2A,-,21,11284001,11289283
lpar4,Scyliorhinus_canicula,SUCLA2,-,17,82067739,82243519
lpar4,Scyliorhinus_canicula,TAF9,-,17,82255019,82270032
lpar4,Scyliorhinus_canicula,FNDC3A,-,17,82311511,82467911
lpar4,Scyliorhinus_canicula,CYSLTR1,-,17,82597951,82637009
lpar4,Scyliorhinus_canicula,CXCR5,+,17,82975603,83023063
lpar4,Scyliorhinus_canicula,LPAR4,+,17,83109855,83173198
lpar4,Scyliorhinus_canicula,P2RY10,+,17,83362549,83418431
lpar4,Scyliorhinus_canicula,GPR174,+,17,83565651,83590616
lpar4,Scyliorhinus_canicula,ITM2A,-,17,83757493,83776679
lpar4,Scyliorhinus_canicula,TBX22,+,17,83973901,83998237
lpar4,Scyliorhinus_canicula,CHMP1B,-,17,84140476,84163877
lpar5,Homo_sapiens,NCAPD2,+,12,6494101,6531954
lpar5,Homo_sapiens,GAPDH,+,12,6534516,6538370
lpar5,Homo_sapiens,IFFO1,-,12,6538960,6556041
lpar5,Homo_sapiens,NOP2,-,12,6556870,6568290
lpar5,Homo_sapiens,CHD4,-,12,6570081,6607378
lpar5,Homo_sapiens,LPAR5,-,12,6618834,6635958
lpar5,Homo_sapiens,ACRBP,-,12,6638074,6647431
lpar5,Homo_sapiens,ING4,-,12,6650300,6663118
lpar5,Homo_sapiens,ZNF384,-,12,6666476,6689571
lpar5,Homo_sapiens,PIANP,-,12,6692177,6700814
lpar5,Homo_sapiens,COPS7A,+,12,6724045,6731864
lpar5,Monodelphis_domestica,COPS7A,-,5,121532542,121552172
lpar5,Monodelphis_domestica,PIANP,+,5,121560787,121568377
lpar5,Monodelphis_domestica,ZNF384,+,5,121585371,121610309
lpar5,Monodelphis_domestica,ING4,+,5,121619454,121624676
lpar5,Monodelphis_domestica,ACRBP,+,5,121627093,121640568
lpar5,Monodelphis_domestica,LPAR5,+,5,121641818,121650127
lpar5,Monodelphis_domestica,CHD4,+,5,121666525,121700722
lpar5,Monodelphis_domestica,NOP2,+,5,121700876,121717428
lpar5,Monodelphis_domestica,IFFO1,+,5,121717876,121733327
lpar5,Monodelphis_domestica,GAPDH,-,5,121734064,121738786
lpar5,Monodelphis_domestica,NCAPD2,-,5,121743846,121819212
lpar5,Ornithorhynchus_anatinus,NCAPD2,+,X4,1188656,1201195
lpar5,Ornithorhynchus_anatinus,GAPDH,+,X4,1203165,1207245
lpar5,Ornithorhynchus_anatinus,IFFO1,-,X4,1208321,1219551
lpar5,Ornithorhynchus_anatinus,NOP2,-,X4,1222281,1230434
lpar5,Ornithorhynchus_anatinus,CHD4,-,X4,1233525,1251278
lpar5,Ornithorhynchus_anatinus,LPAR5,-,X4,1259800,1268315
lpar5,Ornithorhynchus_anatinus,ACRBP,-,X4,1269174,1280497
lpar5,Ornithorhynchus_anatinus,ING4,-,X4,1281411,1291021
lpar5,Ornithorhynchus_anatinus,ZNF384,-,X4,1292512,1308979
lpar5,Ornithorhynchus_anatinus,PIANP,-,X4,1314643,1320542
lpar5,Ornithorhynchus_anatinus,COPS7A,+,X4,1324133,1329024
lpar5,Gallus_gallus,CNP1,+,1,76894912,76900736
lpar5,Gallus_gallus,GAPDH,+,1,76902320,76906237
lpar5,Gallus_gallus,IFFO1,-,1,76909098,76925881
lpar5,Gallus_gallus,NOP2,-,1,76932603,76937808
lpar5,Gallus_gallus,CHD4,-,1,76938119,76959583
lpar5,Gallus_gallus,LPAR5,-,1,76977377,76986175
lpar5,Gallus_gallus,ACRBP,-,1,76989990,77008736
lpar5,Gallus_gallus,ING4,-,1,77017975,77032723
lpar5,Gallus_gallus,ZNF384,-,1,77038764,77064538
lpar5,Gallus_gallus,PIANP,-,1,77082589,77100194
lpar5,Gallus_gallus,COPS7A,+,1,77100357,77103450
lpar5,Chelonia_mydas,NCAPD2,+,1,205924948,205981785
lpar5,Chelonia_mydas,GAPDH,+,1,206023789,206029096
lpar5,Chelonia_mydas,IFFO1,-,1,206068114,206084240
lpar5,Chelonia_mydas,NOP2,-,1,206089723,206099968
lpar5,Chelonia_mydas,CHD4,-,1,206101403,206125933
lpar5,Chelonia_mydas,LPAR5,-,1,206167405,206183475
lpar5,Chelonia_mydas,WNT4,+,1,206181839,206189642
lpar5,Chelonia_mydas,ACRBP,-,1,206189559,206255590
lpar5,Chelonia_mydas,ING4,-,1,206274207,206317521
lpar5,Chelonia_mydas,ZNF384,-,1,206373505,206405786
lpar5,Chelonia_mydas,PIANP,-,1,206445311,206474787
lpar5,Geotrypetes_seraphini,MED11,+,16,209537,214784
lpar5,Geotrypetes_seraphini,GAPDH,+,16,226780,238119
lpar5,Geotrypetes_seraphini,IFFO1,-,16,245074,292935
lpar5,Geotrypetes_seraphini,NOP2,-,16,300138,315638
lpar5,Geotrypetes_seraphini,CHD4,-,16,319928,432750
lpar5,Geotrypetes_seraphini,LPAR5,-,16,461451,546370
lpar5,Geotrypetes_seraphini,WNT4,+,16,518523,523557
lpar5,Geotrypetes_seraphini,MRPL51,+,16,533536,538791
lpar5,Geotrypetes_seraphini,VAMP1,+,16,540304,551851
lpar5,Geotrypetes_seraphini,TAPBPL,-,16,552805,559168
lpar5,Geotrypetes_seraphini,CD27,-,16,559752,566692
lpar5,Protopterus_annectens,MYOSIN HEAD,-,8.part0,12523424,12637615
lpar5,Protopterus_annectens,VWA1,-,8.part0,12784113,13210007
lpar5,Protopterus_annectens,VAMP1,-,8.part0,13814466,14029979
lpar5,Protopterus_annectens,MRPL51,-,8.part0,14181645,14363862
lpar5,Protopterus_annectens,WNT4,-,8.part0,14490167,14939384
lpar5,Protopterus_annectens,LPAR5,+,8.part0,15662721,16089629
lpar5,Protopterus_annectens,LPAR5,+,8.part0,16121647,16408063
lpar5,Protopterus_annectens,IFFO1,-,8.part0,16801727,17192637
lpar5,Protopterus_annectens,NOP2,-,8.part0,17449730,18226484
lpar5,Protopterus_annectens,CHD4,-,8.part0,18450977,19798854
lpar5,Protopterus_annectens,GAPDH,-,8.part0,20358582,20363364
lpar5,Protopterus_annectens,CHD4,+,8.part0,20496345,20544952
lpar5,Latimeria_chalumnae,PTMA,+,5,187069208,187078877
lpar5,Latimeria_chalumnae,B3GALT5,+,5,187088655,187093139
lpar5,Latimeria_chalumnae,IFFO1,-,5,187126794,187158826
lpar5,Latimeria_chalumnae,NOP2,-,5,187163503,187195652
lpar5,Latimeria_chalumnae,CHD4,-,5,187203293,187272305
lpar5,Latimeria_chalumnae,LPAR5,-,5,187326997,187338555
lpar5,Latimeria_chalumnae,ACRBP,+,5,187414412,187443268
lpar5,Latimeria_chalumnae,WNT4,-,5,187449554,187457566
lpar5,Latimeria_chalumnae,MRPL51,+,5,187462685,187468946
lpar5,Latimeria_chalumnae,VAMP1,+,5,187481814,187485376
lpar5,Latimeria_chalumnae,VWA1,+,5,187515996,187546023
lpar5,Scyliorhinus_canicula,DDX19A,+,16,84900061,84954795
lpar5,Scyliorhinus_canicula,ACAP3,-,16,84955521,85079720
lpar5,Scyliorhinus_canicula,ENO2,+,16,85172826,85220679
lpar5,Scyliorhinus_canicula,PTPN6,+,16,85403906,85512752
lpar5,Scyliorhinus_canicula,ABI,+,16,85522641,85528041
lpar5,Scyliorhinus_canicula,LPAR5,-,16,85550954,85574929
lpar5,Scyliorhinus_canicula,MYOSIN HEAD,-,16,85729831,85821651
lpar5,Scyliorhinus_canicula,ACRBP,-,16,85822873,85854061
lpar5,Scyliorhinus_canicula,COL4A1,-,16,85887273,85890685
lpar5,Scyliorhinus_canicula,ZNF384,-,16,85897534,85922585
lpar5,Scyliorhinus_canicula,PIANP,-,16,85995814,86003159
lpar5,Scyliorhinus_canicula,LPAR5,-,16,86099330,86100741
lpar5,Scyliorhinus_canicula,NCAPD2,-,16,86110963,86163155
lpar5,Scyliorhinus_canicula,PEX5,+,16,86254559,86284359
lpar5,Scyliorhinus_canicula,LPCAT3,-,16,86285344,86330742
lpar5,Scyliorhinus_canicula,MYOSIN HEAD,+,16,86423944,86463450
lpar5,Scyliorhinus_canicula,MDGA1,+,16,86528894,86549268
lpar6,Homo_sapiens,SUCLA2,-,13,47942655,48001272
lpar6,Homo_sapiens,NUDT15,+,13,48037725,48052754
lpar6,Homo_sapiens,MED4,-,13,48075723,48095103
lpar6,Homo_sapiens,ITM2B,+,13,48233205,48270356
lpar6,Homo_sapiens,RB1,+,13,48303750,48481889
lpar6,Homo_sapiens,LPAR6,-,13,48389570,48444668
lpar6,Homo_sapiens,RCBTB2,-,13,48488962,48535894
lpar6,Homo_sapiens,HERPES LAMP2,-,13,48504383,48506805
lpar6,Homo_sapiens,CYSLTR2,+,13,48653928,48711225
lpar6,Homo_sapiens,FNDC3A,+,13,48975290,49209778
lpar6,Homo_sapiens,MLNR,+,13,49220337,49222376
lpar6,Gallus_gallus,NUDT15,+,1,168554751,168558397
lpar6,Gallus_gallus,MED4,-,1,168560703,168569787
lpar6,Gallus_gallus,MYOSIN HEAD,-,1,168588856,168596055
lpar6,Gallus_gallus,ITM2B,+,1,168596136,168622124
lpar6,Gallus_gallus,RB1,+,1,168632962,168710103
lpar6,Gallus_gallus,LPAR6,-,1,168677263,168678695
lpar6,Gallus_gallus,RCBTB2,-,1,168711579,168741131
lpar6,Gallus_gallus,CYSLTR2,+,1,168786110,168795546
lpar6,Gallus_gallus,FNDC3A,+,1,168878578,168992871
lpar6,Gallus_gallus,MLNR,+,1,168993009,168996840
lpar6,Gallus_gallus,CDADC1,+,1,169008188,169024208
lpar6,Chelonia_mydas,FNDC3A,-,1,57178923,57381072
lpar6,Chelonia_mydas,CYSLTR2,-,1,57560400,57570677
lpar6,Chelonia_mydas,CYSLTR2,-,1,57574078,57587792
lpar6,Chelonia_mydas,RCBTB2,+,1,57688151,57781873
lpar6,Chelonia_mydas,RB1,-,1,57770983,57938703
lpar6,Chelonia_mydas,LPAR6,+,1,57839172,57842437
lpar6,Chelonia_mydas,ITM2B,-,1,57965424,57989890
lpar6,Chelonia_mydas,MED4,+,1,58008608,58029517
lpar6,Chelonia_mydas,NUDT15,-,1,58034887,58036800
lpar6,Chelonia_mydas,SUCLA2,+,1,58053629,58095865
lpar6,Chelonia_mydas,RIPPLY,-,1,58522590,58523949
lpar6,Geotrypetes_seraphini,MLNR,-,6,62372273,62417389
lpar6,Geotrypetes_seraphini,MLNR,-,6,62429509,62433958
lpar6,Geotrypetes_seraphini,FNDC3A,-,6,62451148,62691358
lpar6,Geotrypetes_seraphini,RCBTB2,+,6,62724257,62789641
lpar6,Geotrypetes_seraphini,RB1,-,6,62815239,63197647
lpar6,Geotrypetes_seraphini,LPAR6,+,6,62983823,62986416
lpar6,Geotrypetes_seraphini,ITM2B,-,6,63214052,63305451
lpar6,Geotrypetes_seraphini,UFC1,+,6,63227718,63228300
lpar6,Geotrypetes_seraphini,MED4,+,6,63305818,63328385
lpar6,Geotrypetes_seraphini,NUDT15,-,6,63335848,63348257
lpar6,Geotrypetes_seraphini,SUCLA2,+,6,63354116,63510393
lpar6,Protopterus_annectens,FNDC3A,-,5.part1,540751554,544019436
lpar6,Protopterus_annectens,PIBF1,-,5.part1,544042092,544043914
lpar6,Protopterus_annectens,CYSLTR2,-,5.part1,545023526,545325659
lpar6,Protopterus_annectens,RCBTB2,+,5.part1,553469629,554601886
lpar6,Protopterus_annectens,RB1,-,5.part1,554831532,558272092
lpar6,Protopterus_annectens,LPAR6,+,5.part1,555909851,555912011
lpar6,Protopterus_annectens,ITM2B,-,5.part1,558469735,558946529
lpar6,Protopterus_annectens,NUDT15,-,5.part1,560060105,560166009
lpar6,Protopterus_annectens,ARL13B,-,5.part1,560335141,561152780
lpar6,Protopterus_annectens,MED4,+,5.part1,561249813,561721823
lpar6,Protopterus_annectens,SKA3,+,5.part1,562063951,562794572
lpar6,Latimeria_chalumnae,SUCLA2,-,4,175148099,175234674
lpar6,Latimeria_chalumnae,NUDT15,+,4,175233569,175253137
lpar6,Latimeria_chalumnae,MED4,-,4,175275092,175299907
lpar6,Latimeria_chalumnae,ITM2BB,+,4,175340955,175375286
lpar6,Latimeria_chalumnae,RB1,+,4,175395708,175712345
lpar6,Latimeria_chalumnae,LPAR6,-,4,175570637,175576216
lpar6,Latimeria_chalumnae,RCBTB2,-,4,175728552,175765519
lpar6,Latimeria_chalumnae,CYSLTR2,+,4,175827956,175828882
lpar6,Latimeria_chalumnae,FNDC3A,+,4,175939834,176266622
lpar6,Latimeria_chalumnae,MLNR,+,4,176285041,176288767
lpar6,Latimeria_chalumnae,CDADC1,+,4,176316711,176391124
lpar6,Alosa_alosa,WASHC5,-,15,12086742,12106588
lpar6,Alosa_alosa,MLNR,-,15,12111781,12115292
lpar6,Alosa_alosa,FNDC3A,-,15,12117217,12176104
lpar6,Alosa_alosa,CYSLTR2,-,15,12204997,12210876
lpar6,Alosa_alosa,RCBTB2,+,15,12238114,12267249
lpar6,Alosa_alosa,LPAR6,+,15,12276044,12282771
lpar6,Alosa_alosa,NEK3,-,15,12315562,12326970
lpar6,Alosa_alosa,LHFPL6,-,15,12334952,12386625
lpar6,Alosa_alosa,LHFPL6,-,15,12389521,12391482
lpar6,Alosa_alosa,COG6,+,15,12392696,12443313
lpar6,Alosa_alosa,FOXO1A,-,15,12485405,12522738
lpar6,Danio_rerio,ALG8,+,21,24351442,24360037
lpar6,Danio_rerio,GUCA1D,-,21,24365211,24369066
lpar6,Danio_rerio,DUB,-,21,24376610,24410252
lpar6,Danio_rerio,CYSLTR2,-,21,24415328,24418667
lpar6,Danio_rerio,RB1,-,21,24419360,24475986
lpar6,Danio_rerio,LPAR6,+,21,24443186,24446907
lpar6,Danio_rerio,LPAR6,+,21,24451883,24456144
lpar6,Danio_rerio,DLAT,-,21,24478069,24493682
lpar6,Danio_rerio,ZW10,-,21,24494925,24505691
lpar6,Danio_rerio,USP28,-,21,24510011,24548834
lpar6,Danio_rerio,HTR3B,+,21,24548691,24572627
lpar6,Scyliorhinus_canicula,FNDC3A,-,7,107344205,107677259
lpar6,Scyliorhinus_canicula,CYSLTR2,-,7,107793950,107794879
lpar6,Scyliorhinus_canicula,CYSLTR2,-,7,107956733,107988545
lpar6,Scyliorhinus_canicula,RCBTB2,+,7,108049168,108182618
lpar6,Scyliorhinus_canicula,RB1,-,7,108183507,108660621
lpar6,Scyliorhinus_canicula,LPAR6,+,7,108349030,108351163
lpar6,Scyliorhinus_canicula,ITM2B,-,7,108708768,108732339
lpar6,Scyliorhinus_canicula,MED4,+,7,108772395,108811587
lpar6,Scyliorhinus_canicula,NUDT15,-,7,108812620,108827152
lpar6,Scyliorhinus_canicula,SUCLA2,+,7,108846059,109064709
lpar6,Scyliorhinus_canicula,HTR2A,+,7,109600653,110295210
lpar4/5/6-like,Zootoca_vivipara,KRTCAP3,+,3,120378750,120384943
lpar4/5/6-like,Zootoca_vivipara,IFT172,-,3,120384906,120407139
lpar4/5/6-like,Zootoca_vivipara,LDLRAP1,+,3,120407439,120412209
lpar4/5/6-like,Zootoca_vivipara,FNDC4,-,3,120413095,120415845
lpar4/5/6-like,Zootoca_vivipara,FMO-LIKE,+,3,120425972,120435547
lpar4/5/6-like,Zootoca_vivipara,LPAR4/5/6-LIKE,-,3,120436223,120437316
lpar4/5/6-like,Zootoca_vivipara,MYOSIN HEAD,-,3,120459160,120464085
lpar4/5/6-like,Zootoca_vivipara,GPN1,-,3,120465907,120476924
lpar4/5/6-like,Zootoca_vivipara,ZNF512,+,3,120476959,120492485
lpar4/5/6-like,Zootoca_vivipara,FAM75,+,3,120493387,120494832
lpar4/5/6-like,Zootoca_vivipara,CCDC166,-,3,120494850,120499473
lpar4/5/6-like,Thamnophis_elegans,FNDC4,-,4,116114147,116134527
lpar4/5/6-like,Thamnophis_elegans,GOLGA6L22,+,4,116143273,116144148
lpar4/5/6-like,Thamnophis_elegans,ZNF512,-,4,116148456,116163252
lpar4/5/6-like,Thamnophis_elegans,GPN1,+,4,116163600,116177838
lpar4/5/6-like,Thamnophis_elegans,ST6GAL1,+,4,116185859,116214256
lpar4/5/6-like,Thamnophis_elegans,LPAR4/5/6-LIKE,+,4,116230668,116245057
lpar4/5/6-like,Thamnophis_elegans,FMO3,-,4,116250240,116263964
lpar4/5/6-like,Thamnophis_elegans,LRRC75A,-,4,116276606,116343960
lpar4/5/6-like,Thamnophis_elegans,TMEM248,-,4,116350116,116370588
lpar4/5/6-like,Thamnophis_elegans,NCBP3,-,4,116377509,116396210
lpar4/5/6-like,Thamnophis_elegans,SMTNL2,+,4,116440981,116462783
lpar4/5/6-like,Chelonia_mydas,RIPPLY,-,28,100338,102321
lpar4/5/6-like,Chelonia_mydas,ZNF3,-,28,189168,204172
lpar4/5/6-like,Chelonia_mydas,ZNF436,-,28,217146,229607
lpar4/5/6-like,Chelonia_mydas,FMOGS-OX4,+,28,239831,245158
lpar4/5/6-like,Chelonia_mydas,FIBH,-,28,246204,251301
lpar4/5/6-like,Chelonia_mydas,LPAR4/5/6-LIKE,-,28,251301,263086
lpar4/5/6-like,Chelonia_mydas,ST6GAL2,-,28,265317,278555
lpar4/5/6-like,Chelonia_mydas,GPR17-LIKE (PUTATIVE),-,28,278781,284130
lpar4/5/6-like,Chelonia_mydas,COPS6,+,28,285799,292201
lpar4/5/6-like,Chelonia_mydas,MCM7,-,28,295344,303583
lpar4/5/6-like,Chelonia_mydas,AP4M1,+,28,303680,309735
lpar4/5/6-like,Geotrypetes_seraphini,MCM7,+,16,22503273,22536049
lpar4/5/6-like,Geotrypetes_seraphini,COPS6,-,16,22549412,22573891
lpar4/5/6-like,Geotrypetes_seraphini,GPR17-LIKE (PUTATIVE),+,16,22630226,22639259
lpar4/5/6-like,Geotrypetes_seraphini,GPR17-LIKE (PUTATIVE),+,16,22651675,22660706
lpar4/5/6-like,Geotrypetes_seraphini,ST6GAL1,+,16,22682035,22730232
lpar4/5/6-like,Geotrypetes_seraphini,LPAR4/5/6-LIKE,+,16,22778190,22797053
lpar4/5/6-like,Geotrypetes_seraphini,FMO5,-,16,22809198,22860398
lpar4/5/6-like,Geotrypetes_seraphini,SNAPC2,-,16,22872054,22878644
lpar4/5/6-like,Geotrypetes_seraphini,MYOSIN HEAD,-,16,22904044,22928274
lpar4/5/6-like,Geotrypetes_seraphini,MYOSIN HEAD,-,16,22931111,22988413
lpar4/5/6-like,Geotrypetes_seraphini,CTC1,+,16,23016637,23079508
lpar4/5/6-like,Latimeria_chalumnae,HER8.2,-,8,38613822,38618613
lpar4/5/6-like,Latimeria_chalumnae,CAB39,+,8,38642500,38716863
lpar4/5/6-like,Latimeria_chalumnae,ACTIN MICRO,+,8,38655603,38656887
lpar4/5/6-like,Latimeria_chalumnae,ACTIN MICRO,-,8,38662028,38664233
lpar4/5/6-like,Latimeria_chalumnae,ACTIN MICRO,-,8,38664609,38672810
lpar4/5/6-like,Latimeria_chalumnae,LPAR4/5/6-LIKE,+,8,38716953,38723741
lpar4/5/6-like,Latimeria_chalumnae,GPR55-LIKE,-,8,38758585,38759478
lpar4/5/6-like,Latimeria_chalumnae,GPR55,-,8,38808426,38822563
lpar4/5/6-like,Latimeria_chalumnae,IFI27L2A,-,8,38898860,38913047
lpar4/5/6-like,Latimeria_chalumnae,GPR35,-,8,38934469,38937712
lpar4/5/6-like,Latimeria_chalumnae,ST6GAL1,-,8,39182641,39237076
lpar4/5/6-like,Alosa_alosa,HTRA3B,-,24,9845956,9854308
lpar4/5/6-like,Alosa_alosa,ZANL,+,24,9856461,9889430
lpar4/5/6-like,Alosa_alosa,TRAPPC14,-,24,9889519,9903052
lpar4/5/6-like,Alosa_alosa,GAL3ST4,-,24,9903366,9913098
lpar4/5/6-like,Alosa_alosa,HER8A,-,24,9917988,9921162
lpar4/5/6-like,Alosa_alosa,LPAR4/5/6-LIKE,-,24,9922989,9927273
lpar4/5/6-like,Alosa_alosa,TM4SF21B,-,24,9929100,9931373
lpar4/5/6-like,Alosa_alosa,MBLAC1,-,24,9938346,9958424
lpar4/5/6-like,Alosa_alosa,MPDU1B,+,24,9960019,9964193
lpar4/5/6-like,Alosa_alosa,SOX19B,-,24,9969300,9972085
lpar4/5/6-like,Alosa_alosa,EIF4A1A,-,24,9977840,9984771
lpar4/5/6-like,Danio_rerio,PITRM1,+,2,51362343,51394213
lpar4/5/6-like,Danio_rerio,PFKPB,-,2,51394447,51446529
lpar4/5/6-like,Danio_rerio,SNORC,-,2,51456077,51474368
lpar4/5/6-like,Danio_rerio,GIGYF2,-,2,51477613,51529571
lpar4/5/6-like,Danio_rerio,GPR55,+,2,51535125,51540671
lpar4/5/6-like,Danio_rerio,LPAR4/5/6-LIKE,+,2,51557017,51558590
lpar4/5/6-like,Danio_rerio,ITM2CB,-,2,51558833,51581109
lpar4/5/6-like,Danio_rerio,HES6,+,2,51577633,51579162
lpar4/5/6-like,Danio_rerio,PER2,-,2,51583857,51646578
lpar4/5/6-like,Danio_rerio,UL45,-,2,51666054,51667898
lpar4/5/6-like,Danio_rerio,CLEC20A,-,2,51673116,51677197
lpar4/5/6-like,Leucoraja_erinaceus,PER2,+,14,54352348,54398488
lpar4/5/6-like,Leucoraja_erinaceus,HES6,-,14,54420315,54423826
lpar4/5/6-like,Leucoraja_erinaceus,CAB39,+,14,54470546,54543515
lpar4/5/6-like,Leucoraja_erinaceus,ITM2C,+,14,54548808,54589762
lpar4/5/6-like,Leucoraja_erinaceus,GPR55-LIKE,-,14,54602659,54608928
lpar4/5/6-like,Leucoraja_erinaceus,LPAR4/5/6-LIKE,-,14,54619978,54621338
lpar4/5/6-like,Leucoraja_erinaceus,GPR55-LIKE,-,14,54635557,54637001
lpar4/5/6-like,Leucoraja_erinaceus,GPR55-LIKE,-,14,54641716,54644241
lpar4/5/6-like,Leucoraja_erinaceus,GPR55-LIKE,-,14,54672562,54673575
lpar4/5/6-like,Leucoraja_erinaceus,GPR55-LIKE,-,14,54706323,54714121
lpar4/5/6-like,Leucoraja_erinaceus,USP47,+,14,54721130,54749304
lpar4/5/6-like,Petromyzon_marinus,SLC2A4,-,55,13117366,13130412
lpar4/5/6-like,Petromyzon_marinus,DNAI4,+,55,13144435,13164104
lpar4/5/6-like,Petromyzon_marinus,MYOSIN HEAD,-,55,13162617,13174012
lpar4/5/6-like,Petromyzon_marinus,CLDN4,+,55,13180277,13191714
lpar4/5/6-like,Petromyzon_marinus,DRC8,-,55,13195468,13207597
lpar4/5/6-like,Petromyzon_marinus,LPAR4/5/6-LIKE,+,55,13213163,13236697
lpar4/5/6-like,Petromyzon_marinus,COX20,+,55,13238306,13247784
lpar4/5/6-like,Petromyzon_marinus,NXNL2,-,55,13259257,13270799
lpar4/5/6-like,Petromyzon_marinus,MYOSIN HEAD,-,55,13273865,13286630
lpar4/5/6-like,Petromyzon_marinus,IKBIP,+,55,13288442,13294604
lpar4/5/6-like,Petromyzon_marinus,TRPC1,+,55,13296135,13324194
lpar_petromyzon,Petromyzon_marinus1,DUF6475,-,1,10944925,10961216
lpar_petromyzon,Petromyzon_marinus1,DUF6475,+,1,10967182,10980116
lpar_petromyzon,Petromyzon_marinus1,DUF6475,-,1,10979022,11005163
lpar_petromyzon,Petromyzon_marinus1,ECPAS,-,1,11009510,11144469
lpar_petromyzon,Petromyzon_marinus1,MCOLN3,+,1,11151570,11203966
lpar_petromyzon,Petromyzon_marinus1,LPAR-LIKE,+,1,11270816,11354333
lpar_petromyzon,Petromyzon_marinus1,DUF6475,+,1,11371041,11377150
lpar_petromyzon,Petromyzon_marinus1,DUF6475,+,1,11378821,11401182
lpar_petromyzon,Petromyzon_marinus1,DUF6475,-,1,11407790,11419044
lpar_petromyzon,Petromyzon_marinus1,DUF6475,-,1,11418062,11453822
lpar_petromyzon,Petromyzon_marinus1,DUF6475,-,1,11463685,11473229
lpar_petromyzon,Petromyzon_marinus2,MYOSIN HEAD,-,44,339553,346208
lpar_petromyzon,Petromyzon_marinus2,VCP,+,44,409860,485255
lpar_petromyzon,Petromyzon_marinus2,ADGRL2,-,44,682192,1032686
lpar_petromyzon,Petromyzon_marinus2,DTWD1,-,44,1075951,1087528
lpar_petromyzon,Petromyzon_marinus2,SVEP1,-,44,1090231,1140285
lpar_petromyzon,Petromyzon_marinus2,LPAR-LIKE,-,44,1145378,1155708
lpar_petromyzon,Petromyzon_marinus2,NPR1,-,44,1168880,1229747
lpar_petromyzon,Petromyzon_marinus2,MMAB,+,44,1237851,1262290
lpar_petromyzon,Petromyzon_marinus2,DUSP3,+,44,1265010,1274621
lpar_petromyzon,Petromyzon_marinus2,BMPR1B,+,44,1281896,1306670
lpar_petromyzon,Petromyzon_marinus2,NFIA,+,44,1316481,1427851
lpar_petromyzon,Petromyzon_marinus3,DUF6475,-,-,191498,197344
lpar_petromyzon,Petromyzon_marinus3,PCDH17,+,-,203795,226989
lpar_petromyzon,Petromyzon_marinus3,DUF6475,-,-,231084,239291
lpar_petromyzon,Petromyzon_marinus3,DUF6475,-,-,247106,251171
lpar_petromyzon,Petromyzon_marinus3,TISSUE FACTOR,+,-,263848,280466
lpar_petromyzon,Petromyzon_marinus3,LPAR-LIKE,-,-,289013,291201
lpar_petromyzon,Petromyzon_marinus3,DUF6475,+,-,378056,381586
lpar_petromyzon,Petromyzon_marinus3,DUF6475,+,-,431663,433346
lpar_petromyzon,Petromyzon_marinus3,DUF6475,+,-,505362,508422
lpar_petromyzon,Petromyzon_marinus3,TISSUE FACTOR,+,-,549849,569329
lpar_petromyzon,Petromyzon_marinus3,FAT1,-,-,598619,625765
lpar_petromyzon,Petromyzon_marinus4,GHSR,-,55,13117366,13130412
lpar_petromyzon,Petromyzon_marinus4,DNAI4,+,55,13144435,13164104
lpar_petromyzon,Petromyzon_marinus4,MYOSIN HEAD,-,55,13162617,13174012
lpar_petromyzon,Petromyzon_marinus4,CLDN4,+,55,13180277,13191714
lpar_petromyzon,Petromyzon_marinus4,DRC8,-,55,13195468,13207597
lpar_petromyzon,Petromyzon_marinus4,LPAR-LIKE,+,55,13213163,13236697
lpar_petromyzon,Petromyzon_marinus4,COX20,+,55,13238306,13247784
lpar_petromyzon,Petromyzon_marinus4,NXNL2,-,55,13259257,13270799
lpar_petromyzon,Petromyzon_marinus4,MYOSIN HEAD,-,55,13273865,13286630
lpar_petromyzon,Petromyzon_marinus4,IKBIP,+,55,13288442,13294604
lpar_petromyzon,Petromyzon_marinus4,TRPC1,+,55,13296135,13324194
gpr174/p2ry10-actinopterygii,Acipenser_ruthenus,THSD1,-,9,16795812,16803968
gpr174/p2ry10-actinopterygii,Acipenser_ruthenus,VPS36,-,9,16805991,16816972
gpr174/p2ry10-actinopterygii,Acipenser_ruthenus,CKAP2,+,9,16817528,16825119
gpr174/p2ry10-actinopterygii,Acipenser_ruthenus,NEK3,+,9,16826641,16836817
gpr174/p2ry10-actinopterygii,Acipenser_ruthenus,RBAK,+,9,16838217,16928445
gpr174/p2ry10-actinopterygii,Acipenser_ruthenus,GPR174/P2RY10-LIKE,-,9,16871932,16874938
gpr174/p2ry10-actinopterygii,Acipenser_ruthenus,LPAR6,-,9,16896076,16898487
gpr174/p2ry10-actinopterygii,Acipenser_ruthenus,RCBTB2,-,9,16928887,16946242
gpr174/p2ry10-actinopterygii,Acipenser_ruthenus,CYSLTR2,+,9,16966097,16972792
gpr174/p2ry10-actinopterygii,Acipenser_ruthenus,FNDC3A,+,9,16996544,17100743
gpr174/p2ry10-actinopterygii,Acipenser_ruthenus,MLNR,+,9,17110878,17118802
gpr174/p2ry10-actinopterygii,Tachysurus_fulvidraco,HTR3B,-,21,8611606,8620221
gpr174/p2ry10-actinopterygii,Tachysurus_fulvidraco,USP28,+,21,8621587,8642360
gpr174/p2ry10-actinopterygii,Tachysurus_fulvidraco,ZW10,+,21,8644630,8653146
gpr174/p2ry10-actinopterygii,Tachysurus_fulvidraco,DLAT,+,21,8654576,8666635
gpr174/p2ry10-actinopterygii,Tachysurus_fulvidraco,RB1,+,21,8667903,8692443
gpr174/p2ry10-actinopterygii,Tachysurus_fulvidraco,GPR174/P2RY10-LIKE,-,21,8676473,8679935
gpr174/p2ry10-actinopterygii,Tachysurus_fulvidraco,LPAR6,-,21,8680431,8683135
gpr174/p2ry10-actinopterygii,Tachysurus_fulvidraco,CYSLTR2,+,21,8691459,8704552
gpr174/p2ry10-actinopterygii,Tachysurus_fulvidraco,DUB,+,21,8706863,8721867
gpr174/p2ry10-actinopterygii,Tachysurus_fulvidraco,GUCA1D,+,21,8722917,8729343
gpr174/p2ry10-actinopterygii,Tachysurus_fulvidraco,ALG8,-,21,8729413,8738038
gpr174/p2ry10-actinopterygii,Labeo_rohita,HTR3B,-,21,15959717,15972035
gpr174/p2ry10-actinopterygii,Labeo_rohita,USP28,+,21,15972048,16011412
gpr174/p2ry10-actinopterygii,Labeo_rohita,ZW10,+,21,16012181,16025868
gpr174/p2ry10-actinopterygii,Labeo_rohita,DLAT,+,21,16026422,16039973
gpr174/p2ry10-actinopterygii,Labeo_rohita,RB1,+,21,16042624,16083977
gpr174/p2ry10-actinopterygii,Labeo_rohita,GPR174/P2RY10-LIKE,-,21,16058899,16095869
gpr174/p2ry10-actinopterygii,Labeo_rohita,LPAR6,-,21,16065937,16068396
gpr174/p2ry10-actinopterygii,Labeo_rohita,CYSLTR2,+,21,16084065,16090688
gpr174/p2ry10-actinopterygii,Labeo_rohita,DUB,+,21,16092782,16113800
gpr174/p2ry10-actinopterygii,Labeo_rohita,GUCA1B,+,21,16119827,16125436
gpr174/p2ry10-actinopterygii,Labeo_rohita,ALG8,-,21,16125447,16131764
gpr174/p2ry10-actinopterygii,Ctenopharyngodon_idella,GUCA1D,-,21,14231730,14235486
gpr174/p2ry10-actinopterygii,Ctenopharyngodon_idella,DUB,-,21,14242134,14256667
gpr174/p2ry10-actinopterygii,Ctenopharyngodon_idella,CYSLTR2,-,21,14256862,14262863
gpr174/p2ry10-actinopterygii,Ctenopharyngodon_idella,RB1,-,21,14263243,14300316
gpr174/p2ry10-actinopterygii,Ctenopharyngodon_idella,LPAR6,+,21,14280291,14282809
gpr174/p2ry10-actinopterygii,Ctenopharyngodon_idella,GPR174/P2RY10-LIKE,+,21,14284180,14287597
gpr174/p2ry10-actinopterygii,Ctenopharyngodon_idella,DLAT,-,21,14301096,14310512
gpr174/p2ry10-actinopterygii,Ctenopharyngodon_idella,ZW10,-,21,14311579,14320001
gpr174/p2ry10-actinopterygii,Ctenopharyngodon_idella,USP28,-,21,14324481,14343128
gpr174/p2ry10-actinopterygii,Ctenopharyngodon_idella,HTR3B,+,21,14345439,14351122
gpr174/p2ry10-actinopterygii,Ctenopharyngodon_idella,HTR3A,+,21,14354530,14364029
gpr174/p2ry10-actinopterygii,Carassius_gibelio,GUCA1C,-,A21,11425226,11431467
gpr174/p2ry10-actinopterygii,Carassius_gibelio,RCSD1,-,A21,11431604,11441769
gpr174/p2ry10-actinopterygii,Carassius_gibelio,HERPES HELICASE,-,A21,11447301,11461991
gpr174/p2ry10-actinopterygii,Carassius_gibelio,MYOSIN HEAD,-,A21,11470518,11482452
gpr174/p2ry10-actinopterygii,Carassius_gibelio,RBAK,+,A21,11506671,11532564
gpr174/p2ry10-actinopterygii,Carassius_gibelio,GPR174/P2RY10-LIKE,-,A21,11518130,11519730
gpr174/p2ry10-actinopterygii,Carassius_gibelio,LPAR6,-,A21,11521070,11525213
gpr174/p2ry10-actinopterygii,Carassius_gibelio,CYSLTR2,+,A21,11532712,11537753
gpr174/p2ry10-actinopterygii,Carassius_gibelio,CAPZIP,+,A21,11538111,11550275
gpr174/p2ry10-actinopterygii,Carassius_gibelio,GUCA1C,+,A21,11550412,11555843
gpr174/p2ry10-actinopterygii,Carassius_gibelio,MYOSIN HEAD,+,A21,11560231,11568483
gpr174/p2ry10-actinopterygii,Clupea_harengus,ALG8,+,8,23046945,23051947
gpr174/p2ry10-actinopterygii,Clupea_harengus,GUCA1D,-,8,23052694,23058581
gpr174/p2ry10-actinopterygii,Clupea_harengus,DUB,-,8,23077599,23086083
gpr174/p2ry10-actinopterygii,Clupea_harengus,RB1,-,8,23086408,23117662
gpr174/p2ry10-actinopterygii,Clupea_harengus,LPAR6,+,8,23100097,23101841
gpr174/p2ry10-actinopterygii,Clupea_harengus,GPR174/P2RY10-LIKE,+,8,23103319,23106223
gpr174/p2ry10-actinopterygii,Clupea_harengus,CCDC61,+,8,23117805,23129671
gpr174/p2ry10-actinopterygii,Clupea_harengus,ITPKCA,+,8,23130338,23136344
gpr174/p2ry10-actinopterygii,Clupea_harengus,SPAR,+,8,23143027,23149573
gpr174/p2ry10-actinopterygii,Clupea_harengus,MEIOB,-,8,23149678,23154652
gpr174/p2ry10-actinopterygii,Clupea_harengus,QPCTLB,+,8,23155397,23164628
gpr174/p2ry10-actinopterygii,Alosa_alosa,CCDC90B,-,2,37044577,37047586
gpr174/p2ry10-actinopterygii,Alosa_alosa,ALG8,+,2,37049226,37061480
gpr174/p2ry10-actinopterygii,Alosa_alosa,GUCA1D,-,2,37062784,37068208
gpr174/p2ry10-actinopterygii,Alosa_alosa,DUB,-,2,37074758,37086500
gpr174/p2ry10-actinopterygii,Alosa_alosa,RB1,-,2,37092122,37158922
gpr174/p2ry10-actinopterygii,Alosa_alosa,GPR174/P2RY10-LIKE,+,2,37124777,37132798
gpr174/p2ry10-actinopterygii,Alosa_alosa,LPAR6,+,2,37125505,37127174
gpr174/p2ry10-actinopterygii,Alosa_alosa,CCDC61,+,2,37159763,37174070
gpr174/p2ry10-actinopterygii,Alosa_alosa,ITPKCA,+,2,37175705,37214144
gpr174/p2ry10-actinopterygii,Alosa_alosa,DUF5711,-,2,37193136,37198576
gpr174/p2ry10-actinopterygii,Alosa_alosa,MEIOB,-,2,37214653,37224270
gpr174/p2ry10-actinopterygii,Lepisosteus_oculatus,LHFPL16,+,5,17062380,17153016
gpr174/p2ry10-actinopterygii,Lepisosteus_oculatus,NHLRC3,-,5,17182258,17190009
gpr174/p2ry10-actinopterygii,Lepisosteus_oculatus,MYOSIN HEAD,+,5,17190686,17199614
gpr174/p2ry10-actinopterygii,Lepisosteus_oculatus,NEK3,+,5,17200968,17213693
gpr174/p2ry10-actinopterygii,Lepisosteus_oculatus,RB1,+,5,17214902,17296960
gpr174/p2ry10-actinopterygii,Lepisosteus_oculatus,GPR174/P2RY10-LIKE,-,5,17248931,17253486
gpr174/p2ry10-actinopterygii,Lepisosteus_oculatus,LPAR6,-,5,17270992,17273249
gpr174/p2ry10-actinopterygii,Lepisosteus_oculatus,RCBTB2,-,5,17294376,17319583
gpr174/p2ry10-actinopterygii,Lepisosteus_oculatus,CYSLTR2,+,5,17331373,17341887
gpr174/p2ry10-actinopterygii,Lepisosteus_oculatus,MTUS2,-,5,17352101,17559070
gpr174/p2ry10-actinopterygii,Lepisosteus_oculatus,SLC7A1,-,5,17566076,17608101
gpr174/p2ry10-actinopterygii,Sinocyclocheilus_grahami,ALG8,+,-,752495,757255
gpr174/p2ry10-actinopterygii,Sinocyclocheilus_grahami,GUCA1C,-,-,760030,763513
gpr174/p2ry10-actinopterygii,Sinocyclocheilus_grahami,CYSLTR2,-,-,786099,790078
gpr174/p2ry10-actinopterygii,Sinocyclocheilus_grahami,RBAK,-,-,792250,820861
gpr174/p2ry10-actinopterygii,Sinocyclocheilus_grahami,LPAR6,+,-,802056,804097
gpr174/p2ry10-actinopterygii,Sinocyclocheilus_grahami,GPR174/P2RY10-LIKE,+,-,811074,812041
gpr174/p2ry10-actinopterygii,Sinocyclocheilus_grahami,DLAT,-,-,821799,832791
gpr174/p2ry10-actinopterygii,Sinocyclocheilus_grahami,ZW10,-,-,834939,843112
gpr174/p2ry10-actinopterygii,Sinocyclocheilus_grahami,USP28,-,-,852539,873713
gpr174/p2ry10-actinopterygii,Sinocyclocheilus_grahami,HTR3B,+,-,874991,880932
gpr174/p2ry10-actinopterygii,Sinocyclocheilus_grahami,HTR3A,+,-,883377,889265
gpr18,Homo_sapiens,RNF113B,-,13,98175784,98177268
gpr18,Homo_sapiens,STK24,-,13,98445184,98577106
gpr18,Homo_sapiens,SLC15A1,-,13,98683800,98752671
gpr18,Homo_sapiens,DOCK9,-,13,98793428,99088618
gpr18,Homo_sapiens,UBAC2,+,13,99200853,99386503
gpr18,Homo_sapiens,GPR18,-,13,99254738,99258378
gpr18,Homo_sapiens,GPR183,-,13,99294538,99307398
gpr18,Homo_sapiens,TM9SF2,+,13,99501471,99564047
gpr18,Homo_sapiens,CLYBL,+,13,99606689,99909443
gpr18,Homo_sapiens,ZIC5,-,13,99962963,99971908
gpr18,Homo_sapiens,ZIC2,+,13,99981783,99986764
gpr18,Gallus_gallus,CLYBL,-,1,144330750,144458949
gpr18,Gallus_gallus,TM9SF2,-,1,144497519,144524534
gpr18,Gallus_gallus,GPR183-LIKE,+,1,144554663,144560139
gpr18,Gallus_gallus,UBAC2,-,1,144561590,144658635
gpr18,Gallus_gallus,GPR183,+,1,144600648,144613047
gpr18,Gallus_gallus,GPR18,+,1,144638372,144643630
gpr18,Gallus_gallus,DOCK9,+,1,144687955,144806891
gpr18,Gallus_gallus,SLC15A1,+,1,144821064,144845172
gpr18,Gallus_gallus,STK24,+,1,144857022,144912752
gpr18,Gallus_gallus,DUF6475,-,1,144884887,144886744
gpr18,Gallus_gallus,FARP1,-,1,144915696,145114018
gpr18,Chelonia_mydas,FARP1,+,1,97030205,97359246
gpr18,Chelonia_mydas,STK24,-,1,97371302,97494897
gpr18,Chelonia_mydas,SLC15A1,-,1,97509137,97553079
gpr18,Chelonia_mydas,DOCK9,-,1,97610109,97932548
gpr18,Chelonia_mydas,UBAC2,+,1,97997914,98160578
gpr18,Chelonia_mydas,GPR18,-,1,98034004,98039386
gpr18,Chelonia_mydas,GPR183,-,1,98077020,98091891
gpr18,Chelonia_mydas,GPR183-LIKE,-,1,98174981,98182428
gpr18,Chelonia_mydas,TM9SF2,+,1,98264498,98328257
gpr18,Chelonia_mydas,CLYBL,+,1,98346244,98568354
gpr18,Chelonia_mydas,ZIC5,-,1,98608995,98617271
gpr18,Xenopus_tropicalis,CLYBL,-,2,120826520,121005383
gpr18,Xenopus_tropicalis,TM9SF2,-,2,121009062,121032563
gpr18,Xenopus_tropicalis,GPR183,+,2,121061060,121063245
gpr18,Xenopus_tropicalis,UBAC2,-,2,121075938,121154640
gpr18,Xenopus_tropicalis,GPR183,+,2,121100976,121115690
gpr18,Xenopus_tropicalis,GPR18,+,2,121132838,121144463
gpr18,Xenopus_tropicalis,DOCK9,+,2,121171409,121322169
gpr18,Xenopus_tropicalis,SLC15A1,+,2,121326173,121355996
gpr18,Xenopus_tropicalis,STK24,+,2,121372827,121403903
gpr18,Xenopus_tropicalis,FARP1,-,2,121411875,121521376
gpr18,Xenopus_tropicalis,IPO5,-,2,121530082,121556579
gpr18,Protopterus_annectens,SLC15A1,-,5.part0,1460390482,1460812664
gpr18,Protopterus_annectens,DOCK9,-,5.part0,1461315462,1463824147
gpr18,Protopterus_annectens,RELT,+,5.part0,1465209713,1465394525
gpr18,Protopterus_annectens,STK24,-,5.part0,1471239181,1472528059
gpr18,Protopterus_annectens,ARHGEF17,-,5.part0,1473031187,1475210422
gpr18,Protopterus_annectens,GPR18,-,5.part0,1475870156,1476043085
gpr18,Protopterus_annectens,FARP1,-,5.part0,1476503483,1479037639
gpr18,Protopterus_annectens,IPO5,-,5.part0,1479379390,1480784574
gpr18,Protopterus_annectens,FZD4,-,5.part0,1481223936,1481233698
gpr18,Protopterus_annectens,TMEM135,+,5.part0,1482210811,1484881007
gpr18,Protopterus_annectens,RPL9,-,5.part0,1485231462,1485232046
gpr18,Latimeria_chalumnae,NMRK2,+,4,123043865,123044783
gpr18,Latimeria_chalumnae,TM9SF2,-,4,123097634,123196296
gpr18,Latimeria_chalumnae,GPR183-LIKE,+,4,123315361,123316455
gpr18,Latimeria_chalumnae,UBAC2,-,4,123481783,123775052
gpr18,Latimeria_chalumnae,GPR183,+,4,123625017,123666871
gpr18,Latimeria_chalumnae,GPR18,+,4,123760000,123761106
gpr18,Latimeria_chalumnae,DOCK9B,+,4,123828499,124203667
gpr18,Latimeria_chalumnae,SLC15A1,+,4,124221399,124276404
gpr18,Latimeria_chalumnae,STK24,+,4,124307422,124546028
gpr18,Latimeria_chalumnae,FARP1,-,4,124561188,124888650
gpr18,Latimeria_chalumnae,KPNB3,-,4,124917584,124978878
gpr18,Danio_rerio,COMMD6,+,9,32255223,32259694
gpr18,Danio_rerio,TBC1D4,+,9,32262238,32320485
gpr18,Danio_rerio,KLF12B,+,9,32365716,32470369
gpr18,Danio_rerio,KLF5B,-,9,32476895,32486633
gpr18,Danio_rerio,DACHD,+,9,32498820,32744325
gpr18,Danio_rerio,GPR18,-,9,32767390,32772509
gpr18,Danio_rerio,GPR183,-,9,32784566,32787496
gpr18,Danio_rerio,7TM_1,-,9,32813316,32815441
gpr18,Danio_rerio,TY3B,+,9,32837689,32843341
gpr18,Danio_rerio,CLYBL,+,9,32846922,32938585
gpr18,Danio_rerio,ZIC5,-,9,32953558,32957498
gpr18,Scyliorhinus_canicula,FARP1,+,14,154200391,154479805
gpr18,Scyliorhinus_canicula,STK24,-,14,154487922,154550338
gpr18,Scyliorhinus_canicula,SLC15A1,-,14,154570387,154622109
gpr18,Scyliorhinus_canicula,DOCK9B,-,14,154655275,155011755
gpr18,Scyliorhinus_canicula,UBAC2,+,14,155066607,155313749
gpr18,Scyliorhinus_canicula,GPR18,-,14,155080776,155135382
gpr18,Scyliorhinus_canicula,GPR183,-,14,155167192,155186018
gpr18,Scyliorhinus_canicula,GPR183-LIKE,-,14,155369241,155386800
gpr18,Scyliorhinus_canicula,TM9SF2,+,14,155455534,155500799
gpr18,Scyliorhinus_canicula,CLYBL,+,14,155508310,155657564
gpr18,Scyliorhinus_canicula,ZIC5,-,14,155760303,155767037
gpr18,Petromyzon_marinus,COL4A6,-,47,6271168,6457758
gpr18,Petromyzon_marinus,DUF6475,+,47,6458057,6598903
gpr18,Petromyzon_marinus,IRS1B,+,47,6655610,6731424
gpr18,Petromyzon_marinus,MYOSIN HEAD,-,47,6810061,6887289
gpr18,Petromyzon_marinus,PLSCR2,-,47,6912727,6926024
gpr18,Petromyzon_marinus,GPR18,-,47,6930909,6942358
gpr18,Petromyzon_marinus,TM9SF2,+,47,6948751,6995795
gpr18,Petromyzon_marinus,ZIC4,-,47,7176175,7215903
gpr18,Petromyzon_marinus,ZIC1,+,47,7271159,7286989
gpr18,Petromyzon_marinus,P2RY1,-,47,7622128,7633701
gpr18,Petromyzon_marinus,P2RY1,-,47,7646372,7655452
gpr55,Homo_sapiens,SP140L,+,2,230327192,230403731
gpr55,Homo_sapiens,SP100,+,2,230416200,230545605
gpr55,Homo_sapiens,FMNL1,-,2,230690064,230713325
gpr55,Homo_sapiens,CAB39,+,2,230712841,230821074
gpr55,Homo_sapiens,ITM2C,+,2,230864184,230879253
gpr55,Homo_sapiens,GPR55,-,2,230907327,230961200
gpr55,Homo_sapiens,SPATA3,+,2,230996120,231020108
gpr55,Homo_sapiens,C2ORF72,+,2,231037522,231049718
gpr55,Homo_sapiens,PSMD1,+,2,231056866,231172826
gpr55,Homo_sapiens,HTR2B,-,2,231108229,231125041
gpr55,Homo_sapiens,ARMC9,+,2,231198630,231376847
gpr55,Ornithorhynchus_anatinus,HES6,-,1,119717575,119720322
gpr55,Ornithorhynchus_anatinus,HES6,-,1,119798495,119802511
gpr55,Ornithorhynchus_anatinus,CAB39,+,1,119931014,120011046
gpr55,Ornithorhynchus_anatinus,ITM2C,+,1,120106088,120199224
gpr55,Ornithorhynchus_anatinus,GPR55-LIKE,-,1,120323925,120332652
gpr55,Ornithorhynchus_anatinus,GPR55,-,1,120439042,120443688
gpr55,Ornithorhynchus_anatinus,GPR35,-,1,120575386,120579054
gpr55,Ornithorhynchus_anatinus,GPR35-LIKE (TRUNCATED),-,1,120613872,120614922
gpr55,Ornithorhynchus_anatinus,GPR35,-,1,120620611,120621579
gpr55,Ornithorhynchus_anatinus,GPR35,-,1,120656337,120659831
gpr55,Ornithorhynchus_anatinus,GPR35,-,1,120667458,120669180
gpr55,Gallus_gallus,OTOS,+,9,4877647,4880286
gpr55,Gallus_gallus,COPS9,+,9,4880793,4883645
gpr55,Gallus_gallus,ADIPOQ,-,9,4885999,4890654
gpr55,Gallus_gallus,ST6GAL1,+,9,4900524,4931632
gpr55,Gallus_gallus,GPR35,+,9,4981328,4993190
gpr55,Gallus_gallus,GPR55,+,9,5010953,5017119
gpr55,Gallus_gallus,GPR55-LIKE,+,9,5034348,5037798
gpr55,Gallus_gallus,ITM2C,-,9,5046217,5077004
gpr55,Gallus_gallus,CAB39,-,9,5076614,5147763
gpr55,Gallus_gallus,HES6,+,9,5123333,5125987
gpr55,Gallus_gallus,MTIF2,+,9,5137041,5148518
gpr55,Chelonia_mydas,CAB39,+,9,41819506,41887222
gpr55,Chelonia_mydas,ITM2C,+,9,41941219,41984229
gpr55,Chelonia_mydas,GPR55-LIKE,-,9,42013160,42015723
gpr55,Chelonia_mydas,GPR55-LIKE,-,9,42019133,42021708
gpr55,Chelonia_mydas,GPR55-LIKE,-,9,42025318,42028392
gpr55,Chelonia_mydas,GPR55,-,9,42049222,42056438
gpr55,Chelonia_mydas,GPR35,-,9,42109033,42112940
gpr55,Chelonia_mydas,GPR35,-,9,42126201,42130962
gpr55,Chelonia_mydas,GPR35,-,9,42134963,42142041
gpr55,Chelonia_mydas,OPN3,+,9,42238449,42254842
gpr55,Chelonia_mydas,ST6GAL1,-,9,42324795,42581039
gpr55,Xenopus_laevis,ADIPOQ,-,5S,115020164,115023840
gpr55,Xenopus_laevis,ST6GAL1,+,5S,115055125,115089035
gpr55,Xenopus_laevis,TMTOPN3,-,5S,115177359,115259335
gpr55,Xenopus_laevis,GPR35,+,5S,115359461,115375636
gpr55,Xenopus_laevis,GPR35,+,5S,115388876,115393454
gpr55,Xenopus_laevis,GPR55,+,5S,115440008,115441680
gpr55,Xenopus_laevis,CAB39,-,5S,115476694,115496418
gpr55,Xenopus_laevis,HES6,-,5S,115540024,115544876
gpr55,Xenopus_laevis,HES6.2,-,5S,115574268,115578350
gpr55,Xenopus_laevis,VAMP1,-,5S,115597474,115609293
gpr55,Xenopus_laevis,PIK3CB,-,5S,115617522,115726077
gpr55,Protopterus_annectens,AUGURIN,+,4.part1,550303614,550461729
gpr55,Protopterus_annectens,ADIPOQ,-,4.part1,550660876,550704671
gpr55,Protopterus_annectens,GPR35,-,4.part1,551064693,551066782
gpr55,Protopterus_annectens,GPBP1L1,+,4.part1,551289095,552726604
gpr55,Protopterus_annectens,ST6GAL1,-,4.part1,553018062,554181801
gpr55,Protopterus_annectens,GPR55,+,4.part1,555873671,556403300
gpr55,Protopterus_annectens,FARSB,+,4.part1,557024014,557931985
gpr55,Protopterus_annectens,SGPP2,-,4.part1,558040876,559457754
gpr55,Protopterus_annectens,RNF183,+,4.part1,560014828,560017091
gpr55,Protopterus_annectens,PAX3,+,4.part1,560269109,560631707
gpr55,Protopterus_annectens,EIF4G1,-,4.part1,561380104,564348326
gpr55,Latimeria_chalumnae,ACTIN MICRO,+,8,38655603,38656887
gpr55,Latimeria_chalumnae,ACTIN MICRO,-,8,38662028,38664233
gpr55,Latimeria_chalumnae,ACTL,-,8,38664609,38672810
gpr55,Latimeria_chalumnae,LPAR4/5/6-LIKE,+,8,38716953,38723741
gpr55,Latimeria_chalumnae,GPR55-LIKE,-,8,38758585,38759478
gpr55,Latimeria_chalumnae,GPR55,-,8,38808426,38822563
gpr55,Latimeria_chalumnae,IFI27L2A,-,8,38898860,38913047
gpr55,Latimeria_chalumnae,GPR35,-,8,38934469,38937712
gpr55,Latimeria_chalumnae,ST6GAL1,-,8,39182641,39237076
gpr55,Latimeria_chalumnae,ADIPOQA,+,8,39299696,39316747
gpr55,Latimeria_chalumnae,AND1,-,8,39328361,39336521
gpr55,Danio_rerio,KLF6B,+,2,51348217,51356325
gpr55,Danio_rerio,PITRM1,+,2,51362343,51394213
gpr55,Danio_rerio,PFKPB,-,2,51394447,51446529
gpr55,Danio_rerio,SNORC,-,2,51456077,51474368
gpr55,Danio_rerio,GIGYF2,-,2,51477613,51529571
gpr55,Danio_rerio,GPR55,+,2,51535125,51540671
gpr55,Danio_rerio,LPAR5,+,2,51557017,51558590
gpr55,Danio_rerio,ITM2CB,-,2,51558833,51581109
gpr55,Danio_rerio,HES6,+,2,51577633,51579162
gpr55,Danio_rerio,PER2,-,2,51583857,51646578
gpr55,Danio_rerio,UL45,-,2,51666054,51667898
gpr55,Oreochromis_niloticus,THPO,+,LG18,16232224,16236458
gpr55,Oreochromis_niloticus,SLC12A9,+,LG18,16236622,16248432
gpr55,Oreochromis_niloticus,PER2,+,LG18,16261336,16294507
gpr55,Oreochromis_niloticus,HES6,-,LG18,16296666,16298824
gpr55,Oreochromis_niloticus,ITM2CB,+,LG18,16298132,16305784
gpr55,Oreochromis_niloticus,GPR55,-,LG18,16307387,16311331
gpr55,Oreochromis_niloticus,SNORC,-,LG18,16315671,16321538
gpr55,Oreochromis_niloticus,GIGYF2,-,LG18,16326402,16349026
gpr55,Oreochromis_niloticus,KNCN,+,LG18,16353852,16359629
gpr55,Oreochromis_niloticus,TMEM275A,+,LG18,16360948,16364587
gpr55,Oreochromis_niloticus,SL4P,-,LG18,16396909,16406670
gpr119,Homo_sapiens,ELF4,-,X,130063954,130111857
gpr119,Homo_sapiens,RAB33A,+,X,130110622,130184869
gpr119,Homo_sapiens,AIFM1,-,X,130129361,130165840
gpr119,Homo_sapiens,ZNF280C,-,X,130202706,130268898
gpr119,Homo_sapiens,SLC25A14,+,X,130339918,130373356
gpr119,Homo_sapiens,GPR119,-,X,130379448,130385673
gpr119,Homo_sapiens,RBMX2,+,X,130401986,130413655
gpr119,Homo_sapiens,ENOX2,-,X,130622324,130903208
gpr119,Homo_sapiens,ARHGAP36,+,X,131058345,131089884
gpr119,Homo_sapiens,IGSF1,-,X,131273505,131289456
gpr119,Homo_sapiens,OR13H1,+,X,131544073,131544999
gpr119,Monodelphis_domestica,ARHGAP36,-,X,52176557,52208592
gpr119,Monodelphis_domestica,ENOX2,+,X,52374969,52766431
gpr119,Monodelphis_domestica,HAKAI,+,X,52467728,52477986
gpr119,Monodelphis_domestica,FSIP2,+,X,52873020,52925892
gpr119,Monodelphis_domestica,RBMX2,-,X,52894213,53007726
gpr119,Monodelphis_domestica,GPR119,+,X,53030659,53033003
gpr119,Monodelphis_domestica,SLC25A14,-,X,53048863,53083626
gpr119,Monodelphis_domestica,RAB33A,-,X,53100153,53114773
gpr119,Monodelphis_domestica,AIFM1,+,X,53138525,53165015
gpr119,Monodelphis_domestica,ELF4,+,X,53193816,53253160
gpr119,Monodelphis_domestica,BCORL1,-,X,53259134,53323958
gpr119,Gallus_gallus,ITM2A,-,4,1425205,1434193
gpr119,Gallus_gallus,TBX22,+,4,1461422,1466606
gpr119,Gallus_gallus,CHMP1B,-,4,1478473,1485076
gpr119,Gallus_gallus,ENOX2,-,4,1485963,1509713
gpr119,Gallus_gallus,MYOSIN HEAD,-,4,1508875,1509775
gpr119,Gallus_gallus,GPR119,-,4,1509993,1514329
gpr119,Gallus_gallus,SLC25A14,-,4,1513859,1520736
gpr119,Gallus_gallus,RBMX2,-,4,1521126,1523447
gpr119,Gallus_gallus,RAB33A,-,4,1523497,1527744
gpr119,Gallus_gallus,MARS2,-,4,1529820,1533096
gpr119,Gallus_gallus,AIFM1,+,4,1532991,1544693
gpr119,Chelonia_mydas,GPR171,+,9,27009466,27013390
gpr119,Chelonia_mydas,CLRN1,+,9,27149940,27165054
gpr119,Chelonia_mydas,MINDY4B,+,9,27177435,27203038
gpr119,Chelonia_mydas,SIAH2,+,9,27224232,27245014
gpr119,Chelonia_mydas,ERICH6,+,9,27262578,27306280
gpr119,Chelonia_mydas,GPR119,-,9,27306398,27327262
gpr119,Chelonia_mydas,SELENOT,-,9,27319331,27337745
gpr119,Chelonia_mydas,EIF2A,-,9,27356413,27388768
gpr119,Chelonia_mydas,SERP1,+,9,27389004,27390889
gpr119,Chelonia_mydas,TSC22D2,-,9,27416180,27449932
gpr119,Chelonia_mydas,PFN2,+,9,27672081,27679291
gpr119,Crocodylus_porosus,PFN2,-,-,643229,648510
gpr119,Crocodylus_porosus,TSC22D2,+,-,854216,898460
gpr119,Crocodylus_porosus,SERP1,-,-,915195,917966
gpr119,Crocodylus_porosus,EIF2A,+,-,918085,955551
gpr119,Crocodylus_porosus,SELENOT,+,-,965863,976802
gpr119,Crocodylus_porosus,GPR119,+,-,990859,993262
gpr119,Crocodylus_porosus,ERICH6,-,-,995557,1032761
gpr119,Crocodylus_porosus,CLRN1,-,-,1108973,1126856
gpr119,Crocodylus_porosus,MED12L,+,-,1166579,1466749
gpr119,Crocodylus_porosus,GPR171,-,-,1269330,1272576
gpr119,Crocodylus_porosus,P2RY14,-,-,1281672,1297553
gpr119,Xenopus_tropicalis,GPR171,+,5,118196315,118201288
gpr119,Xenopus_tropicalis,CLRN1,+,5,118238866,118250994
gpr119,Xenopus_tropicalis,MINDY4B,+,5,118260251,118282083
gpr119,Xenopus_tropicalis,SIAH2,+,5,118284204,118292622
gpr119,Xenopus_tropicalis,ERICH6,+,5,118301914,118327644
gpr119,Xenopus_tropicalis,GPR119,-,5,118328560,118329654
gpr119,Xenopus_tropicalis,SELENOT,-,5,118343685,118348826
gpr119,Xenopus_tropicalis,EIF2A,-,5,118356409,118390162
gpr119,Xenopus_tropicalis,SERP1,+,5,118395724,118399412
gpr119,Xenopus_tropicalis,TSC22D2,-,5,118427544,118458443
gpr119,Xenopus_tropicalis,PFN2,+,5,118616255,118633338
gpr119,Protopterus_annectens,MAST4,+,2.part2,62227563,62512162
gpr119,Protopterus_annectens,VMN2R26,+,2.part2,64618689,64653048
gpr119,Protopterus_annectens,SXPH,+,2.part2,64871209,64884465
gpr119,Protopterus_annectens,SIAH2,+,2.part2,65653510,65705318
gpr119,Protopterus_annectens,ERICH6,+,2.part2,66044514,66464003
gpr119,Protopterus_annectens,GPR119,-,2.part2,66608432,66611211
gpr119,Protopterus_annectens,SELENOT,-,2.part2,68428893,68827263
gpr119,Protopterus_annectens,EIF2A,-,2.part2,68978305,70182620
gpr119,Protopterus_annectens,GCLC,+,2.part2,71959778,72977329
gpr119,Protopterus_annectens,ELOVL5,+,2.part2,73371041,74099012
gpr119,Protopterus_annectens,FBXO9,-,2.part2,74393947,76030535
gpr119,Oreochromis_niloticus,SPRY3,-,LG10,28166520,28186005
gpr119,Oreochromis_niloticus,POF1B,-,LG10,28206857,28243510
gpr119,Oreochromis_niloticus,P33MONOX,+,LG10,28246787,28259214
gpr119,Oreochromis_niloticus,ARHGAP24,-,LG10,28259941,28267371
gpr119,Oreochromis_niloticus,CLK1,+,LG10,28267319,28284038
gpr119,Oreochromis_niloticus,GPR119,-,LG10,28288262,28298685
gpr119,Oreochromis_niloticus,SLC25A14,+,LG10,28302621,28318044
gpr119,Oreochromis_niloticus,BTG4,+,LG10,28324439,28328637
gpr119,Oreochromis_niloticus,HNRNPAB,+,LG10,28334301,28340910
gpr119,Oreochromis_niloticus,CNFN.2,+,LG10,28351775,28356758
gpr119,Oreochromis_niloticus,CNFN,+,LG10,28363201,28366876
gpr119,Scyliorhinus_canicula,KCTD16,+,17,57881837,57930442
gpr119,Scyliorhinus_canicula,TNIP3,-,17,58635336,58680531
gpr119,Scyliorhinus_canicula,CLEC,+,17,58639848,58788894
gpr119,Scyliorhinus_canicula,KLF5L,+,17,59357282,59427864
gpr119,Scyliorhinus_canicula,KLF12,-,17,59581613,59791762
gpr119,Scyliorhinus_canicula,GPR119,+,17,59973290,59974471
gpr119,Scyliorhinus_canicula,RBMX2,+,17,59990724,60013748
gpr119,Scyliorhinus_canicula,SIAH2L,-,17,60148162,60228006
gpr119,Scyliorhinus_canicula,MYOSIN HEAD,-,17,60282219,60494638
gpr119,Scyliorhinus_canicula,TNFSF10,+,17,60537066,60549810
gpr119,Scyliorhinus_canicula,MRP5,-,17,60561000,60830579
gpr3,Homo_sapiens,TMEM222,+,1,27322162,27336399
gpr3,Homo_sapiens,SYTL1,+,1,27342021,27353931
gpr3,Homo_sapiens,MAP3K6,-,1,27355183,27366960
gpr3,Homo_sapiens,FCN3,-,1,27369109,27374823
gpr3,Homo_sapiens,CD164L2,-,1,27379175,27383332
gpr3,Homo_sapiens,GPR3,+,1,27392621,27395813
gpr3,Homo_sapiens,WASF2,-,1,27404229,27490166
gpr3,Homo_sapiens,AHDC1,-,1,27534244,27604226
gpr3,Homo_sapiens,FGR,-,1,27612063,27635184
gpr3,Homo_sapiens,IFI6,-,1,27666063,27672191
gpr3,Homo_sapiens,FAM76A,+,1,27725960,27763115
gpr3,Ornithorhynchus_anatinus,WDTC1,+,16,44764836,44780694
gpr3,Ornithorhynchus_anatinus,TMEM222,+,16,44788127,44796370
gpr3,Ornithorhynchus_anatinus,SYTL1,+,16,44798321,44810942
gpr3,Ornithorhynchus_anatinus,MAP3K6,-,16,44811417,44826978
gpr3,Ornithorhynchus_anatinus,CD164L2,-,16,44831527,44837047
gpr3,Ornithorhynchus_anatinus,GPR3,+,16,44849479,44851961
gpr3,Ornithorhynchus_anatinus,WASF2,-,16,44856963,44877752
gpr3,Ornithorhynchus_anatinus,AHDC1,-,16,44903959,44996534
gpr3,Ornithorhynchus_anatinus,FGR,-,16,45008658,45031115
gpr3,Ornithorhynchus_anatinus,LCP2,+,16,45036613,45051496
gpr3,Ornithorhynchus_anatinus,IFI6,-,16,45062212,45069512
gpr3,Manacus_candei,SLC9A1,-,-,1841220,1871479
gpr3,Manacus_candei,WDTC1,+,-,1877298,1908132
gpr3,Manacus_candei,TMEM222,+,-,1909224,1917351
gpr3,Manacus_candei,SYTL1,+,-,1921162,1927949
gpr3,Manacus_candei,CD164L2,-,-,1928050,1933771
gpr3,Manacus_candei,GPR3,+,-,1935311,1938042
gpr3,Manacus_candei,WASF2,-,-,1944015,1975922
gpr3,Manacus_candei,AHDC1,-,-,1987938,2041997
gpr3,Manacus_candei,DUF928,-,-,1997912,1999259
gpr3,Manacus_candei,FGR,-,-,2048320,2059433
gpr3,Manacus_candei,LCP1,+,-,2061319,2067686
gpr3,Chelonia_mydas,TPBG,+,19,10529735,10551218
gpr3,Chelonia_mydas,SYTL1,+,19,10555866,10575383
gpr3,Chelonia_mydas,MAP3K6,-,19,10575685,10600725
gpr3,Chelonia_mydas,FCN3,-,19,10606490,10616521
gpr3,Chelonia_mydas,CD164L2,-,19,10619310,10636189
gpr3,Chelonia_mydas,GPR3,+,19,10664390,10667816
gpr3,Chelonia_mydas,WASF2,-,19,10678638,10718709
gpr3,Chelonia_mydas,METTL24,-,19,10729372,10745181
gpr3,Chelonia_mydas,AHDC1,-,19,10757344,10870309
gpr3,Chelonia_mydas,FGR,-,19,10896280,10943157
gpr3,Chelonia_mydas,LCP1,+,19,10946451,10961128
gpr3,Ambystoma_mexicanum,TPBGL,+,11,221407738,221444287
gpr3,Ambystoma_mexicanum,SYTL1,+,11,221781504,222069789
gpr3,Ambystoma_mexicanum,MAP3K6,-,11,222063181,223676481
gpr3,Ambystoma_mexicanum,GTF2IRD2,-,11,223939526,223941334
gpr3,Ambystoma_mexicanum,CD164L2,-,11,224848059,225202028
gpr3,Ambystoma_mexicanum,GPR3,+,11,225878488,225891517
gpr3,Ambystoma_mexicanum,WASF2,-,11,225975507,226561968
gpr3,Ambystoma_mexicanum,AHDC1,-,11,228347200,229163071
gpr3,Ambystoma_mexicanum,FGR,-,11,229696897,230064452
gpr3,Ambystoma_mexicanum,LCP2,+,11,230309263,230365994
gpr3,Ambystoma_mexicanum,FCNV1,+,11,230463978,230598174
gpr3,Protopterus_annectens,TMEM222,-,1.part1,1767046896,1767340695
gpr3,Protopterus_annectens,FCN1,+,1.part1,1768573503,1768992268
gpr3,Protopterus_annectens,FCN2,+,1.part1,1769340050,1769621541
gpr3,Protopterus_annectens,FCN1,+,1.part1,1769728829,1770886954
gpr3,Protopterus_annectens,CD164L2,-,1.part1,1771244332,1771733390
gpr3,Protopterus_annectens,GPR3,+,1.part1,1774808280,1774815690
gpr3,Protopterus_annectens,WASF2,-,1.part1,1775414521,1776153802
gpr3,Protopterus_annectens,AHDC1,-,1.part1,1778823132,1780628567
gpr3,Protopterus_annectens,FGR,-,1.part1,1781139064,1783444367
gpr3,Protopterus_annectens,SNRNP40,+,1.part1,1784227546,1784660939
gpr3,Protopterus_annectens,NKAIN1,+,1.part1,1787830486,1789299044
gpr3,Latimeria_chalumnae,FAM76A,+,27,5873742,5896859
gpr3,Latimeria_chalumnae,YRK,+,27,5911142,6021825
gpr3,Latimeria_chalumnae,AHDC1,+,27,6050141,6272193
gpr3,Latimeria_chalumnae,METTL24,+,27,6300749,6324022
gpr3,Latimeria_chalumnae,WASF2,+,27,6331432,6367440
gpr3,Latimeria_chalumnae,GPR3,-,27,6390999,6393683
gpr3,Latimeria_chalumnae,CD164L2,+,27,6440544,6482241
gpr3,Latimeria_chalumnae,FCN1,-,27,6482244,6505819
gpr3,Latimeria_chalumnae,FCN2,-,27,6506718,6516824
gpr3,Latimeria_chalumnae,FCN2,+,27,6519627,6536186
gpr3,Latimeria_chalumnae,MAP3K5,+,27,6537780,6609281
gpr3,Danio_rerio,SESN2,+,19,46173047,46189341
gpr3,Danio_rerio,YRK,+,19,46190968,46264967
gpr3,Danio_rerio,AHDC1,+,19,46272035,46333493
gpr3,Danio_rerio,METTL24,+,19,46337886,46348889
gpr3,Danio_rerio,WASF2,+,19,46357060,46376589
gpr3,Danio_rerio,GPR3,-,19,46382376,46385755
gpr3,Danio_rerio,CD164L2,+,19,46396713,46406354
gpr3,Danio_rerio,SYCE1,+,19,46413282,46437435
gpr3,Danio_rerio,SYCE1,+,19,46437496,46445419
gpr3,Danio_rerio,FAM83HB,-,19,46444821,46473282
gpr3,Danio_rerio,SL4P,-,19,46488495,46493462
gpr3,Scyliorhinus_canicula,YRK,+,1,88586886,88967811
gpr3,Scyliorhinus_canicula,GPR139,-,1,89019471,89023987
gpr3,Scyliorhinus_canicula,AHDC1,+,1,89162218,89470378
gpr3,Scyliorhinus_canicula,AMD1,-,1,89540575,89675014
gpr3,Scyliorhinus_canicula,WASF2,+,1,89803743,89920522
gpr3,Scyliorhinus_canicula,GPR3,-,1,89967265,89969204
gpr3,Scyliorhinus_canicula,CD164L2,+,1,90481953,90527390
gpr3,Scyliorhinus_canicula,SESN2,+,1,90616383,90750709
gpr3,Scyliorhinus_canicula,MED18,+,1,90927187,90931130
gpr3,Scyliorhinus_canicula,FOXO3,-,1,91560892,91798346
gpr3,Scyliorhinus_canicula,SCMH1,+,1,92007119,92338906
gpr6,Homo_sapiens,SMPD2,+,6,109440723,109443918
gpr6,Homo_sapiens,MICAL1,-,6,109444061,109465967
gpr6,Homo_sapiens,ZBTB24,-,6,109462593,109483218
gpr6,Homo_sapiens,AK9,-,6,109492854,109691201
gpr6,Homo_sapiens,FIG4,+,6,109691295,109825425
gpr6,Homo_sapiens,GPR6,+,6,109978310,109980719
gpr6,Homo_sapiens,WASF1,-,6,110099818,110179669
gpr6,Homo_sapiens,CDC40,+,6,110180426,110232231
gpr6,Homo_sapiens,METTL24,-,6,110243939,110358348
gpr6,Homo_sapiens,DDO,-,6,110388320,110415574
gpr6,Homo_sapiens,SLC22A16,-,6,110424686,110476612
gpr6,Monodelphis_domestica,SMPD2,+,2,374574823,374580382
gpr6,Monodelphis_domestica,MICAL1,-,2,374580463,374608618
gpr6,Monodelphis_domestica,ZBTB24,-,2,374614805,374631380
gpr6,Monodelphis_domestica,AK9,-,2,374639588,374802811
gpr6,Monodelphis_domestica,FIG4,+,2,374806909,374956957
gpr6,Monodelphis_domestica,GPR6,+,2,375177159,375179835
gpr6,Monodelphis_domestica,WASF1,-,2,375349542,375479688
gpr6,Monodelphis_domestica,CDC40,+,2,375479869,375540450
gpr6,Monodelphis_domestica,METTL24,-,2,375555896,375761738
gpr6,Monodelphis_domestica,DDO,-,2,375763500,375843920
gpr6,Monodelphis_domestica,SLC22A16,-,2,375855103,375919017
gpr6,Gallus_gallus,SLC22A16,+,3,66212853,66246461
gpr6,Gallus_gallus,DDO,+,3,66249851,66256628
gpr6,Gallus_gallus,METTL24,+,3,66263764,66318313
gpr6,Gallus_gallus,CDC40,-,3,66318176,66355167
gpr6,Gallus_gallus,WASF1,+,3,66355938,66435828
gpr6,Gallus_gallus,GPR6,-,3,66454117,66455836
gpr6,Gallus_gallus,FIG4,-,3,66483507,66550148
gpr6,Gallus_gallus,AK9,+,3,66550440,66606483
gpr6,Gallus_gallus,ZBTB24,+,3,66606581,66616010
gpr6,Gallus_gallus,PPIL6,+,3,66615633,66630767
gpr6,Gallus_gallus,CD164,+,3,66636266,66647836
gpr6,Chelonia_mydas,CD164,-,3,80891500,80907269
gpr6,Chelonia_mydas,PPIL6,-,3,80914258,80945663
gpr6,Chelonia_mydas,ZBTB24,-,3,80925053,80959898
gpr6,Chelonia_mydas,AK9,-,3,80960264,81186545
gpr6,Chelonia_mydas,FIG4,+,3,81186531,81347636
gpr6,Chelonia_mydas,GPR6,+,3,81435205,81436568
gpr6,Chelonia_mydas,WASF1,-,3,81522142,81699898
gpr6,Chelonia_mydas,CDC40,+,3,81701622,81754116
gpr6,Chelonia_mydas,METTL24,-,3,81767123,81853798
gpr6,Chelonia_mydas,DDO,-,3,81888835,81939973
gpr6,Chelonia_mydas,SLC22A16,-,3,81954457,82005453
gpr6,Xenopus_tropicalis,SLC22A16,+,5,77322877,77339863
gpr6,Xenopus_tropicalis,DDO,+,5,77345301,77354680
gpr6,Xenopus_tropicalis,METTL24,+,5,77365537,77397414
gpr6,Xenopus_tropicalis,CDC40,-,5,77402904,77433933
gpr6,Xenopus_tropicalis,WASF1,+,5,77448747,77484995
gpr6,Xenopus_tropicalis,GPR6,-,5,77549616,77552654
gpr6,Xenopus_tropicalis,FIG4,-,5,77613684,77734058
gpr6,Xenopus_tropicalis,AK9,+,5,77734117,77789394
gpr6,Xenopus_tropicalis,XB5897337,-,5,77791491,77799558
gpr6,Xenopus_tropicalis,ZBTB24,+,5,77809995,77826474
gpr6,Xenopus_tropicalis,PPIL6,+,5,77832736,77846127
gpr6,Protopterus_annectens,AMD1,-,1.part0,1344235245,1344549958
gpr6,Protopterus_annectens,DDO,+,1.part0,1345578221,1345958423
gpr6,Protopterus_annectens,METTL24,+,1.part0,1346041782,1346746993
gpr6,Protopterus_annectens,CDC40,-,1.part0,1346907884,1347958668
gpr6,Protopterus_annectens,WASF1,+,1.part0,1347958725,1349873808
gpr6,Protopterus_annectens,GPR6,-,1.part0,1351322015,1351324217
gpr6,Protopterus_annectens,FIG4,-,1.part0,1353464204,1357292385
gpr6,Protopterus_annectens,DLAT,+,1.part0,1356831417,1356832591
gpr6,Protopterus_annectens,AK9,+,1.part0,1357292391,1359945702
gpr6,Protopterus_annectens,ZBTB24,+,1.part0,1360060861,1360386103
gpr6,Protopterus_annectens,PPIL6,+,1.part0,1360537138,1361081173
gpr6,Latimeria_chalumnae,CD164,-,3,199296124,199345292
gpr6,Latimeria_chalumnae,PPIL6,-,3,199364676,199386872
gpr6,Latimeria_chalumnae,ZBTB24,-,3,199399866,199423115
gpr6,Latimeria_chalumnae,AK9,-,3,199435961,199559702
gpr6,Latimeria_chalumnae,FIG4A,+,3,199559798,199797854
gpr6,Latimeria_chalumnae,GPR6,+,3,199925254,199926237
gpr6,Latimeria_chalumnae,WASF1,-,3,200121040,200279363
gpr6,Latimeria_chalumnae,DUF4371,-,3,200287045,200291546
gpr6,Latimeria_chalumnae,CDC40,+,3,200291800,200363854
gpr6,Latimeria_chalumnae,METTL24,-,3,200381187,200435795
gpr6,Latimeria_chalumnae,DDO,-,3,200504557,200557212
gpr6,Danio_rerio,NCOA7B,-,20,56379369,56432529
gpr6,Danio_rerio,CTSBB,-,20,56440733,56456020
gpr6,Danio_rerio,FDFT1,-,20,56461791,56493722
gpr6,Danio_rerio,GATA4,-,20,56506581,56522339
gpr6,Danio_rerio,FIG4A,+,20,56600388,56740705
gpr6,Danio_rerio,GPR6,+,20,56754555,56758862
gpr6,Danio_rerio,WASF1,-,20,56777441,56856462
gpr6,Danio_rerio,CDC40,+,20,56858986,56892374
gpr6,Danio_rerio,METTL24,-,20,56898777,56929218
gpr6,Danio_rerio,APOBB.2,+,20,56933406,56963984
gpr6,Danio_rerio,BUB1BA,+,20,56968726,57003738
gpr6,Scyliorhinus_canicula,SLC22A16,+,6,36870619,37027828
gpr6,Scyliorhinus_canicula,DDO,+,6,37084958,37301433
gpr6,Scyliorhinus_canicula,METTL24,+,6,37418073,37610861
gpr6,Scyliorhinus_canicula,CDC40,-,6,37631917,37835454
gpr6,Scyliorhinus_canicula,WASF1,+,6,37835566,38011535
gpr6,Scyliorhinus_canicula,GPR6,-,6,38107922,38113899
gpr6,Scyliorhinus_canicula,FIG4A,-,6,38162326,38374264
gpr6,Scyliorhinus_canicula,AK9,+,6,38373909,38831609
gpr6,Scyliorhinus_canicula,ZBTB24,+,6,38863195,38898436
gpr6,Scyliorhinus_canicula,PPIL6,+,6,38912166,38966500
gpr6,Scyliorhinus_canicula,CD164,+,6,39012119,39032101
gpr12,Homo_sapiens,ATP8A2,+,13,25371973,26025850
gpr12,Homo_sapiens,SHISA2,-,13,26044596,26052015
gpr12,Homo_sapiens,RNF6,-,13,26132114,26223084
gpr12,Homo_sapiens,CDK8,+,13,26254128,26405237
gpr12,Homo_sapiens,WASF3,+,13,26539138,26688947
gpr12,Homo_sapiens,GPR12,-,13,26755199,26760785
gpr12,Homo_sapiens,USP12,-,13,27066155,27171810
gpr12,Homo_sapiens,RPL21,+,13,27251557,27256567
gpr12,Homo_sapiens,RASL11A,+,13,27270829,27275191
gpr12,Homo_sapiens,GTF3A,+,13,27424618,27435822
gpr12,Homo_sapiens,MTIF3,-,13,27435642,27450563
gpr12,Monodelphis_domestica,ATP8A2,-,4,295910900,296771591
gpr12,Monodelphis_domestica,TMED4,+,4,296299027,296300677
gpr12,Monodelphis_domestica,RNF6,-,4,296835252,296849071
gpr12,Monodelphis_domestica,CDK8,+,4,296896943,297016867
gpr12,Monodelphis_domestica,WASF3,+,4,297206382,297407303
gpr12,Monodelphis_domestica,GPR12,-,4,297523875,297541426
gpr12,Monodelphis_domestica,USP12,-,4,298138914,298273247
gpr12,Monodelphis_domestica,RPL21,+,4,298344875,298350188
gpr12,Monodelphis_domestica,RASL11A,+,4,298390157,298393225
gpr12,Monodelphis_domestica,GTF3A,+,4,298679917,298701611
gpr12,Monodelphis_domestica,MTIF3,-,4,298701320,298715498
gpr12,Gallus_gallus,MTIF3,+,1,176093476,176099254
gpr12,Gallus_gallus,GTF3A,-,1,176099178,176103584
gpr12,Gallus_gallus,RASL11A,-,1,176151176,176152509
gpr12,Gallus_gallus,RPL21,-,1,176157665,176162170
gpr12,Gallus_gallus,USP12,+,1,176176766,176217783
gpr12,Gallus_gallus,GPR12,+,1,176320067,176345067
gpr12,Gallus_gallus,WASF3,-,1,176352767,176417276
gpr12,Gallus_gallus,CDK8,-,1,176459721,176528845
gpr12,Gallus_gallus,RNF6,+,1,176533556,176543302
gpr12,Gallus_gallus,ATP8A2,+,1,176556115,176871380
gpr12,Gallus_gallus,SHISA2,-,1,176876762,176880616
gpr12,Chelonia_mydas,SHISA2,+,1,43240889,43248933
gpr12,Chelonia_mydas,ATP8A2,-,1,43278793,43931178
gpr12,Chelonia_mydas,RNF6,-,1,43944788,43970973
gpr12,Chelonia_mydas,CDK8,+,1,43980514,44176058
gpr12,Chelonia_mydas,WASF3,+,1,44270026,44408508
gpr12,Chelonia_mydas,GPR12,-,1,44478644,44489362
gpr12,Chelonia_mydas,USP12,-,1,44722258,44806802
gpr12,Chelonia_mydas,RPL21,+,1,44823988,44828955
gpr12,Chelonia_mydas,RASL11A,+,1,44846587,44849224
gpr12,Chelonia_mydas,GTF3A,+,1,44966391,44976442
gpr12,Chelonia_mydas,MTIF3,-,1,44976316,44985936
gpr12,Xenopus_tropicalis,GTF3A,-,2,155421854,155431883
gpr12,Xenopus_tropicalis,RASL11A,-,2,155503674,155509413
gpr12,Xenopus_tropicalis,RPL21,-,2,155512440,155518733
gpr12,Xenopus_tropicalis,MTIF3,+,2,155519109,155529481
gpr12,Xenopus_tropicalis,USP12,+,2,155534406,155565011
gpr12,Xenopus_tropicalis,GPR12,+,2,155643090,155646224
gpr12,Xenopus_tropicalis,WASF3,-,2,155668011,155702533
gpr12,Xenopus_tropicalis,CDK8,-,2,155759449,155807675
gpr12,Xenopus_tropicalis,ATP8A2,+,2,155850432,156229773
gpr12,Xenopus_tropicalis,SHISA2,-,2,156269874,156285817
gpr12,Xenopus_tropicalis,NUP58,-,2,156308166,156346739
gpr12,Protopterus_annectens,MTIF3,+,5.part1,657803681,658066382
gpr12,Protopterus_annectens,GTF3A,-,5.part1,658458300,658865187
gpr12,Protopterus_annectens,RASL11A,-,5.part1,662271183,662276245
gpr12,Protopterus_annectens,RPL21,-,5.part1,662626941,662672612
gpr12,Protopterus_annectens,USP12,+,5.part1,664495544,665030770
gpr12,Protopterus_annectens,GPR12,+,5.part1,667172268,667174624
gpr12,Protopterus_annectens,WASF3,-,5.part1,667622446,668936445
gpr12,Protopterus_annectens,RNF17,-,5.part1,669272156,673208869
gpr12,Protopterus_annectens,MYOSIN HEAD,-,5.part1,673265739,675116347
gpr12,Protopterus_annectens,CPAP,-,5.part1,675209104,676130910
gpr12,Protopterus_annectens,CENPJ,-,5.part1,676131418,676278543
gpr12,Latimeria_chalumnae,GTF3A,-,4,191694712,191718343
gpr12,Latimeria_chalumnae,RASL11A,-,4,191953118,191961670
gpr12,Latimeria_chalumnae,MYOSIN HEAD,-,4,191987317,191990498
gpr12,Latimeria_chalumnae,RPL21,-,4,191990588,192008993
gpr12,Latimeria_chalumnae,USP12A,+,4,192036375,192131068
gpr12,Latimeria_chalumnae,GPR12,+,4,192442995,192443996
gpr12,Latimeria_chalumnae,WASF3,-,4,192546673,192707541
gpr12,Latimeria_chalumnae,DHFR2,-,4,192606753,192607637
gpr12,Latimeria_chalumnae,CDK8,-,4,193095533,193429401
gpr12,Latimeria_chalumnae,RNF6,+,4,193470324,193495709
gpr12,Latimeria_chalumnae,ATP8A2,+,4,193529138,193795322
gpr12,Danio_rerio,AKAP3,-,7,22951969,22964793
gpr12,Danio_rerio,CCNB3,+,7,22964950,22988788
gpr12,Danio_rerio,PEPTIDASE A17,-,7,23029069,23036592
gpr12,Danio_rerio,HTR2CL1,+,7,23399506,23478161
gpr12,Danio_rerio,DUF6475,+,7,23479789,23526881
gpr12,Danio_rerio,GPR12,-,7,23540170,23546949
gpr12,Danio_rerio,DGKD,+,7,23546544,23709640
gpr12,Danio_rerio,CHORD,-,7,23711530,23729814
gpr12,Danio_rerio,PICALM,-,7,23739932,23833061
gpr12,Danio_rerio,RAS FAMILY,-,7,23849180,23857017
gpr12,Danio_rerio,RAB39BB,+,7,23859115,23869803
gpr12,Scyliorhinus_canicula,LNX2A,+,14,47653888,47858144
gpr12,Scyliorhinus_canicula,GTF3AB,-,14,47978392,48001496
gpr12,Scyliorhinus_canicula,RASL11A,-,14,48190030,48197304
gpr12,Scyliorhinus_canicula,RPL21,-,14,48243183,48253286
gpr12,Scyliorhinus_canicula,USP12,+,14,48299153,48349062
gpr12,Scyliorhinus_canicula,GPR12,-,14,48620285,48623732
gpr12,Scyliorhinus_canicula,WASF3B,-,14,48914247,49056797
gpr12,Scyliorhinus_canicula,CDK8,-,14,49125504,49299655
gpr12,Scyliorhinus_canicula,RNF6,+,14,49354051,49415464
gpr12,Scyliorhinus_canicula,ATP8A2,+,14,49483285,50275719
gpr12,Scyliorhinus_canicula,ATP5PF,-,14,49654992,49655303
gpr3/6/12-like,Petromyzon_marinus,MCM9,+,51,6963582,6981759
gpr3/6/12-like,Petromyzon_marinus,CEP85L,+,51,7020144,7134512
gpr3/6/12-like,Petromyzon_marinus,MYOSIN HEAD,-,51,7136515,7159971
gpr3/6/12-like,Petromyzon_marinus,SLC35F2,-,51,7189988,7205747
gpr3/6/12-like,Petromyzon_marinus,OPN5,-,51,7210827,7238855
gpr3/6/12-like,Petromyzon_marinus,GPR3/6/12-LIKE,+,51,7295039,7319043
gpr3/6/12-like,Petromyzon_marinus,TYR,-,51,7335082,7374604
gpr3/6/12-like,Petromyzon_marinus,GRM1,+,51,7443583,7540996
gpr3/6/12-like,Petromyzon_marinus,RAB32,+,51,7551954,7584284
gpr3/6/12-like,Petromyzon_marinus,ADGB,+,51,7649365,7842697
gpr3/6/12-like,Petromyzon_marinus,HSDL1,-,51,7844027,7853059
gpr161,Homo_sapiens,RCSD1,+,1,167630231,167708695
gpr161,Homo_sapiens,MPZL1,+,1,167721981,167791918
gpr161,Homo_sapiens,ADCY10,-,1,167809385,167914133
gpr161,Homo_sapiens,DCAF6,+,1,167863575,168075835
gpr161,Homo_sapiens,MPC2,-,1,167916674,167937071
gpr161,Homo_sapiens,GPR161,-,1,168079541,168137666
gpr161,Homo_sapiens,TIPRL,+,1,168178961,168202108
gpr161,Homo_sapiens,SFT2D2,+,1,168226003,168253020
gpr161,Homo_sapiens,TBX19,+,1,168280876,168314425
gpr161,Homo_sapiens,XCL2,-,1,168540767,168543996
gpr161,Homo_sapiens,XCL1,+,1,168576604,168582068
gpr161,Ornithorhynchus_anatinus,RCSD1,+,16,3458299,3470134
gpr161,Ornithorhynchus_anatinus,MPZL1,+,16,3488864,3511423
gpr161,Ornithorhynchus_anatinus,ADCY10,-,16,3514146,3554298
gpr161,Ornithorhynchus_anatinus,MPC2,-,16,3554389,3573428
gpr161,Ornithorhynchus_anatinus,DCAF6,+,16,3574081,3650512
gpr161,Ornithorhynchus_anatinus,GPR161,-,16,3653303,3673909
gpr161,Ornithorhynchus_anatinus,TIPRL,+,16,3682850,3692091
gpr161,Ornithorhynchus_anatinus,SFT2D2,+,16,3694155,3706789
gpr161,Ornithorhynchus_anatinus,TBX19,+,16,3713123,3733621
gpr161,Ornithorhynchus_anatinus,XCL1,+,16,3789343,3793218
gpr161,Ornithorhynchus_anatinus,DPT,-,16,3818365,3827505
gpr161,Numida_meleagris,DPT,+,1,81836760,81863748
gpr161,Numida_meleagris,XCL1,+,1,81927894,81935331
gpr161,Numida_meleagris,TBX19,-,1,82019084,82035596
gpr161,Numida_meleagris,SFT2D2,-,1,82036906,82052710
gpr161,Numida_meleagris,TIPRL,-,1,82052942,82061824
gpr161,Numida_meleagris,GPR161,+,1,82062054,82073900
gpr161,Numida_meleagris,TTF2,+,1,82074888,82127818
gpr161,Numida_meleagris,CPOX,-,1,82099319,82106904
gpr161,Numida_meleagris,ST3GAL6,+,1,82147021,82189170
gpr161,Numida_meleagris,COL8A1,-,1,82194546,82279593
gpr161,Numida_meleagris,DCBLD2,+,1,82444670,82511423
gpr161,Chelonia_mydas,DCBLD2,-,1,194288872,194362623
gpr161,Chelonia_mydas,COL8A1,+,1,194659303,194779162
gpr161,Chelonia_mydas,ST3GAL6,-,1,194776862,194874818
gpr161,Chelonia_mydas,CPOX,+,1,194962919,194978434
gpr161,Chelonia_mydas,TTF2,-,1,195015906,195051428
gpr161,Chelonia_mydas,GPR161,-,1,195061175,195084753
gpr161,Chelonia_mydas,TIPRL,+,1,195100189,195113418
gpr161,Chelonia_mydas,SFT2D2,+,1,195120191,195138563
gpr161,Chelonia_mydas,TBX19,+,1,195148746,195176937
gpr161,Chelonia_mydas,XCL2,+,1,195298070,195303313
gpr161,Chelonia_mydas,DPT,-,1,195377260,195409199
gpr161,Xenopus_tropicalis,ADORA1,-,2,54761652,54791538
gpr161,Xenopus_tropicalis,MYOG,+,2,54936367,54945731
gpr161,Xenopus_tropicalis,TMEM183A,+,2,55032267,55045551
gpr161,Xenopus_tropicalis,RIN3,-,2,55061423,55071030
gpr161,Xenopus_tropicalis,SIRT2,+,2,55087417,55102955
gpr161,Xenopus_tropicalis,GPR161,-,2,55106410,55115511
gpr161,Xenopus_tropicalis,DPT,-,2,55120382,55147085
gpr161,Xenopus_tropicalis,ATP1B1,+,2,55247460,55260959
gpr161,Xenopus_tropicalis,NME7,-,2,55260779,55323878
gpr161,Xenopus_tropicalis,BLZF1,+,2,55323980,55331125
gpr161,Xenopus_tropicalis,PPIASE,+,2,55336348,55336821
gpr161,Latimeria_chalumnae,CRYBG3,+,4,36923770,36949797
gpr161,Latimeria_chalumnae,RIOX2,-,4,36953951,36977418
gpr161,Latimeria_chalumnae,TIPRL,-,4,36981504,37006818
gpr161,Latimeria_chalumnae,INTS10,-,4,37013631,37048196
gpr161,Latimeria_chalumnae,SLC19A2,+,4,37052225,37079643
gpr161,Latimeria_chalumnae,GPR161,+,4,37090427,37114887
gpr161,Latimeria_chalumnae,DCAF6,-,4,37115832,37271682
gpr161,Latimeria_chalumnae,MPC2B,+,4,37290677,37328815
gpr161,Latimeria_chalumnae,DPT,-,4,37556324,37591964
gpr161,Latimeria_chalumnae,ATP1B1,+,4,37742082,37791418
gpr161,Latimeria_chalumnae,NME7,-,4,37791277,38072320
gpr161,Danio_rerio,TUBULIN-C,-,6,7919364,7923390
gpr161,Danio_rerio,BIN1B,-,6,7925635,7984973
gpr161,Danio_rerio,IHHB,-,6,7989446,8015043
gpr161,Danio_rerio,NHEJ1,-,6,8018434,8041162
gpr161,Danio_rerio,ATG3,-,6,8042511,8055718
gpr161,Danio_rerio,GPR161,+,6,8056916,8068322
gpr161,Danio_rerio,HS6ST3A,-,6,8088966,8141101
gpr161,Danio_rerio,CLDN10D,+,6,8170753,8179663
gpr161,Danio_rerio,DZIP1,+,6,8183853,8214621
gpr161,Danio_rerio,CLDN10E,-,6,8220665,8226804
gpr161,Danio_rerio,CLDN10A,-,6,8231577,8256509
gpr161,Scyliorhinus_canicula,NME7,+,7,54459969,54765202
gpr161,Scyliorhinus_canicula,ATP1B1,-,7,54765065,54794544
gpr161,Scyliorhinus_canicula,DPT,-,7,55016602,55097510
gpr161,Scyliorhinus_canicula,MPC2B,-,7,55485043,55505380
gpr161,Scyliorhinus_canicula,DCAF6,+,7,55505560,55697029
gpr161,Scyliorhinus_canicula,GPR161,-,7,55699232,55737967
gpr161,Scyliorhinus_canicula,SLC19A2,-,7,55747653,55765416
gpr161,Scyliorhinus_canicula,F5,-,7,55775458,55928931
gpr161,Scyliorhinus_canicula,ATG3,-,7,55957242,56009290
gpr161,Scyliorhinus_canicula,SLC35A5,+,7,56043014,56054395
gpr161,Scyliorhinus_canicula,CCDC80,-,7,56072981,56104549
gpr161,Petromyzon_marinus,SHOX2,+,47,5640079,5682751
gpr161,Petromyzon_marinus,WDR73,+,47,5935860,5948284
gpr161,Petromyzon_marinus,NEU3,-,47,5946861,5956488
gpr161,Petromyzon_marinus,NEU3,-,47,5960957,5981375
gpr161,Petromyzon_marinus,AGFG1,-,47,5970690,6012110
gpr161,Petromyzon_marinus,GPR161,+,47,6012355,6028796
gpr161,Petromyzon_marinus,NOD2,+,47,6032668,6060447
gpr161,Petromyzon_marinus,IPO5,+,47,6064582,6098416
gpr161,Petromyzon_marinus,FARP1,+,47,6122590,6224443
gpr161,Petromyzon_marinus,STK25,-,47,6224945,6261075
gpr161,Petromyzon_marinus,COL4A6,-,47,6271168,6457758
cysltr1,Homo_sapiens,COX7B,+,X,77899467,77907375
cysltr1,Homo_sapiens,ATP7A,+,X,77910692,78050394
cysltr1,Homo_sapiens,PGAM4,-,X,77967948,77969637
cysltr1,Homo_sapiens,PGK1,+,X,78104247,78129294
cysltr1,Homo_sapiens,TAF9B,-,X,78129747,78139649
cysltr1,Homo_sapiens,CYSLTR1,-,X,78271467,78327610
cysltr1,Homo_sapiens,RTL3,-,X,78656067,78659327
cysltr1,Homo_sapiens,LPAR4,+,X,78747719,78758713
cysltr1,Homo_sapiens,P2RY10,+,X,78945390,78963726
cysltr1,Homo_sapiens,GPR174,+,X,79144687,79175317
cysltr1,Homo_sapiens,ITM2A,-,X,79360383,79367333
cysltr1,Ornithorhynchus_anatinus,IL13RA2,-,6,401564,419415
cysltr1,Ornithorhynchus_anatinus,LRCH2,-,6,451057,499581
cysltr1,Ornithorhynchus_anatinus,HTR2C,-,6,512137,589504
cysltr1,Ornithorhynchus_anatinus,TAF9B,-,6,655532,665427
cysltr1,Ornithorhynchus_anatinus,FNDC3A,-,6,671994,709850
cysltr1,Ornithorhynchus_anatinus,CYSLTR1,-,6,722634,740718
cysltr1,Ornithorhynchus_anatinus,LPAR4,+,6,846932,859671
cysltr1,Ornithorhynchus_anatinus,P2RY10,+,6,889304,899623
cysltr1,Ornithorhynchus_anatinus,P2RY10,+,6,903617,917352
cysltr1,Ornithorhynchus_anatinus,GPR174,+,6,940005,966665
cysltr1,Ornithorhynchus_anatinus,ITM2A,-,6,1003583,1026995
cysltr1,Gallus_gallus,STARD10,+,4,1216624,1221792
cysltr1,Gallus_gallus,PDZD11,-,4,1222698,1225960
cysltr1,Gallus_gallus,KIF4B,+,4,1226047,1243238
cysltr1,Gallus_gallus,TAF9,-,4,1245056,1248268
cysltr1,Gallus_gallus,FNDC3A,-,4,1251297,1289027
cysltr1,Gallus_gallus,CYSLTR1,-,4,1302314,1319547
cysltr1,Gallus_gallus,CXCR8,+,4,1319514,1326175
cysltr1,Gallus_gallus,LPAR4,+,4,1351954,1365620
cysltr1,Gallus_gallus,P2RY10,+,4,1391379,1398772
cysltr1,Gallus_gallus,P2RY10,+,4,1401492,1405935
cysltr1,Gallus_gallus,GPR174,+,4,1410252,1416096
cysltr1,Chelonia_mydas,CPSF6,+,9,75145909,75147746
cysltr1,Chelonia_mydas,GPR174,-,9,75181577,75199009
cysltr1,Chelonia_mydas,P2RY10,-,9,75223242,75233393
cysltr1,Chelonia_mydas,P2RY10,-,9,75239838,75254181
cysltr1,Chelonia_mydas,LPAR4,-,9,75297284,75319989
cysltr1,Chelonia_mydas,CYSLTR1,+,9,75506651,75522149
cysltr1,Chelonia_mydas,FNDC3A,+,9,75565204,75647491
cysltr1,Chelonia_mydas,GHSR,-,9,75649331,75652452
cysltr1,Chelonia_mydas,TAF9,+,9,75663160,75669317
cysltr1,Chelonia_mydas,KIF4A,-,9,75672092,75712757
cysltr1,Chelonia_mydas,PDZD11,+,9,75712458,75721553
cysltr1,Xenopus_tropicalis,ZNF185,-,8,65418262,65503032
cysltr1,Xenopus_tropicalis,NSDHL,-,8,65509759,65522387
cysltr1,Xenopus_tropicalis,CETN2,+,8,65522628,65528518
cysltr1,Xenopus_tropicalis,P2RY10,-,8,65539130,65545845
cysltr1,Xenopus_tropicalis,LPAR4,-,8,65576764,65592574
cysltr1,Xenopus_tropicalis,CYSLTR1,+,8,65705049,65717672
cysltr1,Xenopus_tropicalis,FNDC3C,+,8,65773256,65839701
cysltr1,Xenopus_tropicalis,GHSR,-,8,65843514,65845221
cysltr1,Xenopus_tropicalis,TAF9B,+,8,65848549,65855956
cysltr1,Xenopus_tropicalis,HTR2C,+,8,66130020,66256868
cysltr1,Xenopus_tropicalis,IL13RA2,-,8,66309329,66344847
cysltr1,Protopterus_annectens,ARR3,-,15.part0,603484551,604019992
cysltr1,Protopterus_annectens,INPPL1,+,15.part0,604020048,605119829
cysltr1,Protopterus_annectens,P2RY4,-,15.part0,605559867,606525547
cysltr1,Protopterus_annectens,P2RY4,+,15.part0,607395731,607673300
cysltr1,Protopterus_annectens,MYOSIN HEAD,+,15.part0,608505129,608579271
cysltr1,Protopterus_annectens,CYSLTR1,+,15.part0,608654632,609310155
cysltr1,Protopterus_annectens,FNDC3A,+,15.part0,609971277,611293415
cysltr1,Protopterus_annectens,TAF9,+,15.part0,611425027,611765672
cysltr1,Protopterus_annectens,SLC6A14,+,15.part0,621263700,621621233
cysltr1,Protopterus_annectens,AGTR2,-,15.part0,621884392,621952197
cysltr1,Protopterus_annectens,U2SURP,-,15.part0,622973344,624513127
cysltr1,Latimeria_chalumnae,PCDH11,-,15,34368064,35105823
cysltr1,Latimeria_chalumnae,KIAA1586,+,15,37030650,37032875
cysltr1,Latimeria_chalumnae,KLHL4,-,15,37385585,37452250
cysltr1,Latimeria_chalumnae,DACHA,-,15,37926075,38389269
cysltr1,Latimeria_chalumnae,CHM,+,15,38446160,38563503
cysltr1,Latimeria_chalumnae,CYSLTR1,-,15,38595175,38599675
cysltr1,Latimeria_chalumnae,CXCR4,+,15,38810877,38825233
cysltr1,Latimeria_chalumnae,LPAR4,+,15,38918614,38937284
cysltr1,Latimeria_chalumnae,P2RY10,+,15,39044755,39075642
cysltr1,Latimeria_chalumnae,RERE,+,15,39075666,39077376
cysltr1,Latimeria_chalumnae,GPR174,+,15,39215130,39216101
cysltr1,Alosa_alosa,POLR1D,+,21,10904339,10927826
cysltr1,Alosa_alosa,EDNRB,-,21,10931771,10948438
cysltr1,Alosa_alosa,HARBI1,+,21,10984452,10986208
cysltr1,Alosa_alosa,RRAGA,-,21,11022881,11040476
cysltr1,Alosa_alosa,FNDC3A,-,21,11044904,11071915
cysltr1,Alosa_alosa,CYSLTR1,-,21,11085336,11159010
cysltr1,Alosa_alosa,7TM,+,21,11195265,11196883
cysltr1,Alosa_alosa,LPAR4,+,21,11220568,11226478
cysltr1,Alosa_alosa,MUC4,-,21,11231891,11242367
cysltr1,Alosa_alosa,MCCC2,+,21,11242444,11244449
cysltr1,Alosa_alosa,P2RY10,+,21,11248842,11258464
cysltr1,Scyliorhinus_canicula,IL13RA2,+,17,81056258,81079229
cysltr1,Scyliorhinus_canicula,HTR2A,-,17,81196744,81541254
cysltr1,Scyliorhinus_canicula,SUCLA2,-,17,82067739,82243519
cysltr1,Scyliorhinus_canicula,TAF9,-,17,82255019,82270032
cysltr1,Scyliorhinus_canicula,FNDC3A,-,17,82311511,82467911
cysltr1,Scyliorhinus_canicula,CYSLTR1,-,17,82597951,82637009
cysltr1,Scyliorhinus_canicula,CXCR5,+,17,82975603,83023063
cysltr1,Scyliorhinus_canicula,LPAR4,+,17,83109855,83173198
cysltr1,Scyliorhinus_canicula,P2RY10,+,17,83362549,83418431
cysltr1,Scyliorhinus_canicula,GPR174,+,17,83565651,83590616
cysltr1,Scyliorhinus_canicula,ITM2A,-,17,83757493,83776679
cysltr2,Homo_sapiens,ITM2B,+,13,48233205,48270356
cysltr2,Homo_sapiens,RB1,+,13,48303750,48481889
cysltr2,Homo_sapiens,LPAR6,-,13,48389570,48444668
cysltr2,Homo_sapiens,RCBTB2,-,13,48488962,48535894
cysltr2,Homo_sapiens,HERPES LAMP2,-,13,48504383,48506805
cysltr2,Homo_sapiens,CYSLTR2,+,13,48653928,48711225
cysltr2,Homo_sapiens,FNDC3A,+,13,48975290,49209778
cysltr2,Homo_sapiens,MLNR,+,13,49220337,49222376
cysltr2,Homo_sapiens,CDADC1,+,13,49247924,49293484
cysltr2,Homo_sapiens,CAB39L,-,13,49308649,49444063
cysltr2,Homo_sapiens,SETDB2-PHF11,+,13,49444273,49528975
cysltr2,Ornithorhynchus_anatinus,SETDB2,-,20,8373891,8397280
cysltr2,Ornithorhynchus_anatinus,CAB39L,+,20,8397437,8483001
cysltr2,Ornithorhynchus_anatinus,CDADC1,-,20,8495288,8512040
cysltr2,Ornithorhynchus_anatinus,MLNR,-,20,8516831,8519600
cysltr2,Ornithorhynchus_anatinus,FNDC3A,-,20,8521631,8630811
cysltr2,Ornithorhynchus_anatinus,CYSLTR2,-,20,8768811,8770195
cysltr2,Ornithorhynchus_anatinus,RCBTB2,+,20,8827051,8855374
cysltr2,Ornithorhynchus_anatinus,RB1,-,20,8859457,8954786
cysltr2,Ornithorhynchus_anatinus,LPAR6,+,20,8898716,8900788
cysltr2,Ornithorhynchus_anatinus,MED4,+,20,8956264,9030362
cysltr2,Ornithorhynchus_anatinus,ITM2B,-,20,8961949,8981682
cysltr2,Gallus_gallus,MYOSIN HEAD,-,1,168588856,168596055
cysltr2,Gallus_gallus,ITM2B,+,1,168596136,168622124
cysltr2,Gallus_gallus,RB1,+,1,168632962,168710103
cysltr2,Gallus_gallus,LPAR6,-,1,168677263,168678695
cysltr2,Gallus_gallus,RCBTB2,-,1,168711579,168741131
cysltr2,Gallus_gallus,CYSLTR2,+,1,168786110,168795546
cysltr2,Gallus_gallus,FNDC3A,+,1,168878578,168992871
cysltr2,Gallus_gallus,MLNR,+,1,168993009,168996840
cysltr2,Gallus_gallus,CDADC1,+,1,169008188,169024208
cysltr2,Gallus_gallus,CAB39L,-,1,169025269,169086922
cysltr2,Gallus_gallus,SETDB2,+,1,169087004,169105824
cysltr2,Chelonia_mydas,SETDB2,-,1,56893679,56991742
cysltr2,Chelonia_mydas,CAB39L,+,1,56991809,57101445
cysltr2,Chelonia_mydas,CDADC1,-,1,57107477,57134349
cysltr2,Chelonia_mydas,MLNR,-,1,57171269,57177224
cysltr2,Chelonia_mydas,FNDC3A,-,1,57178923,57381072
cysltr2,Chelonia_mydas,CYSLTR2,-,1,57560400,57570677
cysltr2,Chelonia_mydas,CYSLTR2,-,1,57574078,57587792
cysltr2,Chelonia_mydas,RCBTB2,+,1,57688151,57781873
cysltr2,Chelonia_mydas,RB1,-,1,57770983,57938703
cysltr2,Chelonia_mydas,LPAR6,+,1,57839172,57842437
cysltr2,Chelonia_mydas,ITM2B,-,1,57965424,57989890
cysltr2,Chelonia_mydas,MED4,+,1,58008608,58029517
cysltr2,Crocodylus_porosus,MED4,-,-,151797995,151809110
cysltr2,Crocodylus_porosus,ITM2B,+,-,151861132,151892353
cysltr2,Crocodylus_porosus,RB1,+,-,151913806,152028111
cysltr2,Crocodylus_porosus,LPAR6,-,-,151987060,151988823
cysltr2,Crocodylus_porosus,RCBTB2,-,-,152031072,152099731
cysltr2,Crocodylus_porosus,CYSLTR2,+,-,152210129,152218522
cysltr2,Crocodylus_porosus,FNDC3A,+,-,152446431,152668607
cysltr2,Crocodylus_porosus,MLNR,+,-,152670323,152674131
cysltr2,Crocodylus_porosus,CDADC1,+,-,152711875,152742713
cysltr2,Crocodylus_porosus,CAB39L,-,-,152759090,152871279
cysltr2,Crocodylus_porosus,SETDB2,+,-,152871515,152896451
cysltr2,Protopterus_annectens,PROSER1,+,5.part1,538685198,539467114
cysltr2,Protopterus_annectens,STOML,+,5.part1,539614818,539834580
cysltr2,Protopterus_annectens,MLNR,+,5.part1,540040564,540414463
cysltr2,Protopterus_annectens,FNDC3A,-,5.part1,540751554,544019436
cysltr2,Protopterus_annectens,PIBF1,-,5.part1,544042092,544043914
cysltr2,Protopterus_annectens,CYSLTR2,-,5.part1,545023526,545325659
cysltr2,Protopterus_annectens,RCBTB2,+,5.part1,553469629,554601886
cysltr2,Protopterus_annectens,RB1,-,5.part1,554831532,558272092
cysltr2,Protopterus_annectens,LPAR6,+,5.part1,555909851,555912011
cysltr2,Protopterus_annectens,ITM2B,-,5.part1,558469735,558946529
cysltr2,Protopterus_annectens,NUDT15,-,5.part1,560060105,560166009
cysltr2,Latimeria_chalumnae,MED4,-,4,175275092,175299907
cysltr2,Latimeria_chalumnae,ITM2BB,+,4,175340955,175375286
cysltr2,Latimeria_chalumnae,RB1,+,4,175395708,175712345
cysltr2,Latimeria_chalumnae,LPAR6A,-,4,175570637,175576216
cysltr2,Latimeria_chalumnae,RCBTB2,-,4,175728552,175765519
cysltr2,Latimeria_chalumnae,CYSLTR2,+,4,175827956,175828882
cysltr2,Latimeria_chalumnae,FNDC3A,+,4,175939834,176266622
cysltr2,Latimeria_chalumnae,MLNR,+,4,176285041,176288767
cysltr2,Latimeria_chalumnae,CDADC1,+,4,176316711,176391124
cysltr2,Latimeria_chalumnae,CAB39L,-,4,176396463,176448304
cysltr2,Latimeria_chalumnae,SETDB2,+,4,176464266,176510075
cysltr2,Alosa_alosa,GUCA1D,-,15,12047855,12051143
cysltr2,Alosa_alosa,USE1,-,15,12072743,12080614
cysltr2,Alosa_alosa,CAPZIP,-,15,12086742,12106588
cysltr2,Alosa_alosa,MLNR,-,15,12111781,12115292
cysltr2,Alosa_alosa,FNDC3A,-,15,12117217,12176104
cysltr2,Alosa_alosa,CYSLTR2,-,15,12204997,12210876
cysltr2,Alosa_alosa,RCBTB2,+,15,12238114,12267249
cysltr2,Alosa_alosa,LPAR6,+,15,12276044,12282771
cysltr2,Alosa_alosa,NEK3,-,15,12315562,12326970
cysltr2,Alosa_alosa,LHFPL6,-,15,12334952,12386625
cysltr2,Alosa_alosa,LHFPL6,-,15,12389521,12391482
cysltr2,Scyliorhinus_canicula,MOSPD2,+,7,95015752,95119986
cysltr2,Scyliorhinus_canicula,MAP3K15,+,7,95486579,95657157
cysltr2,Scyliorhinus_canicula,PDHA1,-,7,95659624,95688969
cysltr2,Scyliorhinus_canicula,ADGRG2,+,7,95796644,96077359
cysltr2,Scyliorhinus_canicula,GRPR,+,7,96270373,96341667
cysltr2,Scyliorhinus_canicula,CYSLTR2,+,7,96893470,96909972
cysltr2,Scyliorhinus_canicula,SYAP1,+,7,97596429,97641532
cysltr2,Scyliorhinus_canicula,TXLNG,+,7,97736156,97838732
cysltr2,Scyliorhinus_canicula,RBBP7,-,7,97890899,97946719
cysltr2,Scyliorhinus_canicula,REPS2,+,7,98015902,98275320
cysltr2,Scyliorhinus_canicula,NHSA,+,7,98346861,98890236
cysltr-like,Acipenser_ruthenus,GPR87,-,17,28035940,28054822
cysltr-like,Acipenser_ruthenus,P2RY13,-,17,28044713,28047401
cysltr-like,Acipenser_ruthenus,P2RY12,-,17,28055973,28057244
cysltr-like,Acipenser_ruthenus,IGSF10,-,17,28096321,28112202
cysltr-like,Acipenser_ruthenus,AADAC,+,17,28136899,28146362
cysltr-like,Acipenser_ruthenus,CYSLTR-LIKE,-,17,28146451,28149674
cysltr-like,Acipenser_ruthenus,SUCNR1,-,17,28160790,28163852
cysltr-like,Acipenser_ruthenus,MBNL1,+,17,28191059,28252265
cysltr-like,Acipenser_ruthenus,P2RY1,+,17,28281405,28284613
cysltr-like,Acipenser_ruthenus,RAP2B,+,17,28311003,28313085
cysltr-like,Acipenser_ruthenus,ARHGEF26,+,17,28387802,28423703
cysltr-like,Chanos_chanos1,P2RY13,-,6,13228784,13230198
cysltr-like,Chanos_chanos1,P2RY14,-,6,13234424,13235410
cysltr-like,Chanos_chanos1,P2RY12,-,6,13238691,13241435
cysltr-like,Chanos_chanos1,IGSF10,-,6,13256302,13267889
cysltr-like,Chanos_chanos1,AADAC,+,6,13295252,13301291
cysltr-like,Chanos_chanos1,CYSLTR-LIKE,-,6,13306161,13307234
cysltr-like,Chanos_chanos1,SUCNR1,-,6,13314301,13318911
cysltr-like,Chanos_chanos1,MBNL1,+,6,13375191,13436965
cysltr-like,Chanos_chanos1,PCSK7,+,6,13441411,13457135
cysltr-like,Chanos_chanos1,TAGLN,-,6,13457356,13463756
cysltr-like,Chanos_chanos1,CBLN18,-,6,13469453,13470615
cysltr-like,Chanos_chanos2,UBA7,+,6,47704331,47768803
cysltr-like,Chanos_chanos2,INKA1B,-,6,47771931,47774835
cysltr-like,Chanos_chanos2,GNAI2B,-,6,47780608,47842541
cysltr-like,Chanos_chanos2,SLC38A3B,-,6,47847668,47877505
cysltr-like,Chanos_chanos2,RBM5,-,6,47899633,47912286
cysltr-like,Chanos_chanos2,CYSLTR-LIKE,+,6,47917343,47919401
cysltr-like,Chanos_chanos2,GNB1B,-,6,47924738,47942682
cysltr-like,Chanos_chanos2,CALML6,+,6,47942083,47947802
cysltr-like,Chanos_chanos2,C6H3ORF18,+,6,47952765,47955177
cysltr-like,Chanos_chanos2,MST1,-,6,47971452,47987862
cysltr-like,Chanos_chanos2,ABHD14B,+,6,47988340,47992395
cysltr-like,Scleropages_formosus,MOGAT3A,+,13,29382622,29386039
cysltr-like,Scleropages_formosus,PLOD3,-,13,29392325,29401596
cysltr-like,Scleropages_formosus,ASGR1A,+,13,29405898,29412332
cysltr-like,Scleropages_formosus,KCTD21,+,13,29412473,29413427
cysltr-like,Scleropages_formosus,RADX,-,13,29413439,29420173
cysltr-like,Scleropages_formosus,CYSLTR-LIKE,-,13,29421957,29428405
cysltr-like,Scleropages_formosus,SERP1,-,13,29433416,29436192
cysltr-like,Scleropages_formosus,NPPC,-,13,29448231,29448800
cysltr-like,Scleropages_formosus,ENO3,-,13,29454479,29459347
cysltr-like,Scleropages_formosus,PFN1,-,13,29460758,29465299
cysltr-like,Scleropages_formosus,KCNAB3,-,13,29472980,29481587
cysltr-like,Clupea_harengus1,CARD8,+,9,20539771,20551002
cysltr-like,Clupea_harengus1,AXL,+,9,20561723,20602594
cysltr-like,Clupea_harengus1,MBNL1,-,9,20615252,20716352
cysltr-like,Clupea_harengus1,SUCNR1,+,9,20777800,20789501
cysltr-like,Clupea_harengus1,SUCNR1,+,9,20830761,20831687
cysltr-like,Clupea_harengus1,CYSLTR-LIKE,+,9,20833119,20839207
cysltr-like,Clupea_harengus1,AADAC,-,9,20841654,20857781
cysltr-like,Clupea_harengus1,IGSF10,+,9,20913137,20927262
cysltr-like,Clupea_harengus1,P2RY12,+,9,20948821,20957252
cysltr-like,Clupea_harengus1,P2RY14,-,9,20954873,20955850
cysltr-like,Clupea_harengus1,P2RY13,-,9,20968555,20969550
cysltr-like,Clupea_harengus2,INKA1B,-,5,25554875,25558202
cysltr-like,Clupea_harengus2,GNAI2B,-,5,25561380,25607900
cysltr-like,Clupea_harengus2,SLC38A3B,-,5,25608674,25644858
cysltr-like,Clupea_harengus2,ROST,-,5,25665250,25667181
cysltr-like,Clupea_harengus2,RBM5,-,5,25668240,25682666
cysltr-like,Clupea_harengus2,CYSLTR-LIKE,+,5,25696212,25698548
cysltr-like,Clupea_harengus2,GNB1B,-,5,25702734,25723375
cysltr-like,Clupea_harengus2,CALML6,+,5,25729581,25732253
cysltr-like,Clupea_harengus2,TMEM154,+,5,25733374,25741148
cysltr-like,Clupea_harengus2,UBACT,-,5,25742607,25752235
cysltr-like,Clupea_harengus2,MST1,-,5,25752383,25763696
cysltr-like,Alosa_alosa1,P2RY13,-,15,29949961,29951014
cysltr-like,Alosa_alosa1,P2RY12,-,15,29954685,29960135
cysltr-like,Alosa_alosa1,IGSF10,-,15,29995055,30011168
cysltr-like,Alosa_alosa1,EXT,+,15,30041969,30071267
cysltr-like,Alosa_alosa1,AADAC,+,15,30073865,30088944
cysltr-like,Alosa_alosa1,CYSLTR-LIKE,-,15,30101026,30102174
cysltr-like,Alosa_alosa1,SUCNR1,-,15,30114120,30126469
cysltr-like,Alosa_alosa1,MBNL1,+,15,30279382,30374880
cysltr-like,Alosa_alosa1,AXL,-,15,30393255,30455856
cysltr-like,Alosa_alosa1,MYOSIN HEAD,+,15,30464462,30480900
cysltr-like,Alosa_alosa1,CYP2G1,-,15,30498992,30504534
cysltr-like,Alosa_alosa2,INKA1B,-,10,4487766,4491064
cysltr-like,Alosa_alosa2,GNAI2B,-,10,4494609,4535474
cysltr-like,Alosa_alosa2,SLC38A3B,-,10,4542523,4572495
cysltr-like,Alosa_alosa2,AIG1,-,10,4593524,4596208
cysltr-like,Alosa_alosa2,RBM5,-,10,4597048,4615216
cysltr-like,Alosa_alosa2,CYSLTR-LIKE,+,10,4652706,4656015
cysltr-like,Alosa_alosa2,GNB1B,-,10,4660496,4687737
cysltr-like,Alosa_alosa2,CALML6,+,10,4703847,4706454
cysltr-like,Alosa_alosa2,TMEM154,+,10,4707109,4716753
cysltr-like,Alosa_alosa2,UBACT,-,10,4718853,4725933
cysltr-like,Alosa_alosa2,MST1,-,10,4727470,4740292
cysltr-like,Rhincodon_typus,LRCH4,+,45,514171,543231
cysltr-like,Rhincodon_typus,MYOSIN HEAD,-,45,520944,574616
cysltr-like,Rhincodon_typus,RNF217,+,45,545482,548093
cysltr-like,Rhincodon_typus,SERP2,+,45,581662,588820
cysltr-like,Rhincodon_typus,SRRT,+,45,592904,629425
cysltr-like,Rhincodon_typus,CYSLTR-LIKE,-,45,640548,648331
cysltr-like,Rhincodon_typus,DNAH2,+,45,672664,852749
cysltr-like,Rhincodon_typus,ACADV1,+,45,925411,990545
cysltr-like,Rhincodon_typus,MYOSIN HEAD,-,45,1022942,1025523
cysltr-like,Rhincodon_typus,ATP1B2B,+,45,1042052,1064282
cysltr-like,Rhincodon_typus,MYOSIN HEAD,+,45,1101686,1109086
cysltr-petromyzon,Petromyzon_marinus1,TOM1L2,-,37,11708806,11772244
cysltr-petromyzon,Petromyzon_marinus1,C37H1ORF146,+,37,11774130,11791012
cysltr-petromyzon,Petromyzon_marinus1,MYOSIN HEAD,+,37,11814584,11839722
cysltr-petromyzon,Petromyzon_marinus1,SPAG9,-,37,11894723,11990935
cysltr-petromyzon,Petromyzon_marinus1,FANCG,-,37,11997205,12019432
cysltr-petromyzon,Petromyzon_marinus1,CYSLTR-LIKE,+,37,12040185,12041609
cysltr-petromyzon,Petromyzon_marinus1,MPST,-,37,12042686,12060775
cysltr-petromyzon,Petromyzon_marinus1,UBE2I,+,37,12061194,12075984
cysltr-petromyzon,Petromyzon_marinus1,LIG1,-,37,12078241,12109456
cysltr-petromyzon,Petromyzon_marinus1,BAIAP3,+,37,12115300,12163742
cysltr-petromyzon,Petromyzon_marinus1,BAIAP3,-,37,12165031,12215354
cysltr-petromyzon,Petromyzon_marinus2,CALR,-,44,9315895,9324207
cysltr-petromyzon,Petromyzon_marinus2,MAD2L2,-,44,9338658,9354584
cysltr-petromyzon,Petromyzon_marinus2,ABCA7,+,44,9415692,9500318
cysltr-petromyzon,Petromyzon_marinus2,GPX4,+,44,9501677,9520431
cysltr-petromyzon,Petromyzon_marinus2,ACP5,+,44,9525143,9541846
cysltr-petromyzon,Petromyzon_marinus2,CYSLTR-LIKE,+,44,9547611,9552833
cysltr-petromyzon,Petromyzon_marinus2,CYSLTR-LIKE,+,44,9552944,9563744
cysltr-petromyzon,Petromyzon_marinus2,EFCAB7,+,44,9567073,9604432
cysltr-petromyzon,Petromyzon_marinus2,ANKRD13C,-,44,9608335,9642324
cysltr-petromyzon,Petromyzon_marinus2,USP1,+,44,9648875,9668367
cysltr-petromyzon,Petromyzon_marinus2,CBARP,+,44,9964863,10018001
cysltr-petromyzon,Petromyzon_marinus2,STK11,-,44,10061603,10178958
cysltr-petromyzon,Petromyzon_marinus3,SMC4,-,55,6017974,6055433
cysltr-petromyzon,Petromyzon_marinus3,P2RY1,-,55,6084382,6100800
cysltr-petromyzon,Petromyzon_marinus3,SPUMA_A9PTASE,-,55,6117290,6127966
cysltr-petromyzon,Petromyzon_marinus3,CYSLTR-LIKE,+,55,6168176,6183516
cysltr-petromyzon,Petromyzon_marinus3,CYSLTR-LIKE,+,55,6190633,6200510
cysltr-petromyzon,Petromyzon_marinus3,CYSLTR-LIKE,+,55,6204295,6209454
cysltr-petromyzon,Petromyzon_marinus3,CYSLTR-LIKE,+,55,6214943,6218565
cysltr-petromyzon,Petromyzon_marinus3,CYSLTR-LIKE,+,55,6221737,6230904
cysltr-petromyzon,Petromyzon_marinus3,CYSLTR-LIKE,+,55,6232646,6254371
cysltr-petromyzon,Petromyzon_marinus3,CYSLTR-LIKE,+,55,6265349,6289653
cysltr-petromyzon,Petromyzon_marinus3,MYOSIN HEAD,+,55,6310072,6333922
cysltr-petromyzon,Petromyzon_marinus3,TRIM59,+,55,6346883,6356004
cysltr-petromyzon,Petromyzon_marinus3,YEATS2,-,55,6356830,6423326
ffar1/2/3,Homo_sapiens,LSR,+,19,35249001,35267963
ffar1/2/3,Homo_sapiens,USF2,+,19,35268961,35279820
ffar1/2/3,Homo_sapiens,HAMP,+,19,35282527,35285142
ffar1/2/3,Homo_sapiens,MAG,+,19,35292160,35313806
ffar1/2/3,Homo_sapiens,CD22,+,19,35329186,35347360
ffar1/2/3,Homo_sapiens,FFAR1,+,19,35347901,35353863
ffar1/2/3,Homo_sapiens,FFAR3,+,19,35358150,35360488
ffar1/2/3,Homo_sapiens,GPR42,+,19,35371067,35372961
ffar1/2/3,Homo_sapiens,FFAR2,+,19,35448256,35451766
ffar1/2/3,Homo_sapiens,KRTDAP,-,19,35487323,35490463
ffar1/2/3,Homo_sapiens,DMKN,-,19,35497219,35513648
ffar1/2/3,Chelonia_mydas,TMEM147,+,24,15719558,15725731
ffar1/2/3,Chelonia_mydas,ATP4A,-,24,15728152,15744437
ffar1/2/3,Chelonia_mydas,PRRT1B,-,24,15751494,15757939
ffar1/2/3,Chelonia_mydas,FFAR1,+,24,15800038,15801042
ffar1/2/3,Chelonia_mydas,FFAR3,+,24,15807993,15810641
ffar1/2/3,Chelonia_mydas,FFAR2,+,24,15817833,15819016
ffar1/2/3,Chelonia_mydas,FFAR2,-,24,15831093,15832129
ffar1/2/3,Chelonia_mydas,FFAR2,+,24,15854172,15860710
ffar1/2/3,Chelonia_mydas,FFAR2,+,24,15869766,15879929
ffar1/2/3,Chelonia_mydas,PPE12,+,24,15968983,15992719
ffar1/2/3,Chelonia_mydas,YAFO TOXIN,+,24,16103539,16153409
ffar1/2/3,Chelonia_mydas,CMKLR1,-,24,16134599,16139386
ffar1/2/3,Xenopus_tropicalis,HAMP,-,7,122531461,122534196
ffar1/2/3,Xenopus_tropicalis,USF2,-,7,122542966,122561734
ffar1/2/3,Xenopus_tropicalis,SIRPB1,+,7,122565287,122580955
ffar1/2/3,Xenopus_tropicalis,MYOSIN HEAD,-,7,122661143,122662934
ffar1/2/3,Xenopus_tropicalis,FFAR2/3-LIKE,-,7,122670914,122672762
ffar1/2/3,Xenopus_tropicalis,FFAR2,-,7,122753024,122770689
ffar1/2/3,Xenopus_tropicalis,FFAR2/3-LIKE,-,7,122780740,122781714
ffar1/2/3,Xenopus_tropicalis,FFAR2/3-LIKE,-,7,122793093,122796262
ffar1/2/3,Xenopus_tropicalis,FFAR1,-,7,122821567,122822541
ffar1/2/3,Xenopus_tropicalis,CD22,-,7,122832957,122860798
ffar1/2/3,Xenopus_tropicalis,G6B,+,7,122918271,122952833
ffar1/2/3,Latimeria_chalumnae,IGLON5,+,25,19671557,19736278
ffar1/2/3,Latimeria_chalumnae,VSIG10L,-,25,19767876,19775097
ffar1/2/3,Latimeria_chalumnae,ETFB,-,25,19794401,19808267
ffar1/2/3,Latimeria_chalumnae,HAMP,-,25,19812168,19820624
ffar1/2/3,Latimeria_chalumnae,USF2,-,25,19837541,19866552
ffar1/2/3,Latimeria_chalumnae,FFAR2/3-LIKE,-,25,19884808,19898293
ffar1/2/3,Latimeria_chalumnae,FFAR2/3-LIKE,-,25,19938731,19939687
ffar1/2/3,Latimeria_chalumnae,GPR33,+,25,20028586,20029662
ffar1/2/3,Latimeria_chalumnae,FFAR1,-,25,20039993,20040808
ffar1/2/3,Latimeria_chalumnae,CD22,+,25,20353929,20371926
ffar1/2/3,Latimeria_chalumnae,FFAR (TRUNCATED),+,25,20473813,20478060
ffar1/2/3,Danio_rerio,USF2,+,19,11655510,11674439
ffar1/2/3,Danio_rerio,MYOSIN HEAD,+,19,11689729,11695706
ffar1/2/3,Danio_rerio,CDPS,+,19,11700423,11704446
ffar1/2/3,Danio_rerio,7TM_1,-,19,11708672,11716857
ffar1/2/3,Danio_rerio,7TM_1,-,19,11721662,11724777
ffar1/2/3,Danio_rerio,FFAR1,-,19,11727477,11728512
ffar1/2/3,Danio_rerio,TEKT2,-,19,11730801,11745953
ffar1/2/3,Danio_rerio,OLAH,-,19,11746630,11753969
ffar1/2/3,Danio_rerio,AGO3B,+,19,11758841,11787668
ffar1/2/3,Danio_rerio,SLC9A3.1,-,19,11789441,11827812
ffar1/2/3,Danio_rerio,SLC9A3.2,-,19,11835421,11917593
ffar1/2/3,Scyliorhinus_canicula,HAMP,+,12,58839306,58846021
ffar1/2/3,Scyliorhinus_canicula,FPR3,+,12,58906212,58927381
ffar1/2/3,Scyliorhinus_canicula,SIGLEC14,+,12,59017065,59136652
ffar1/2/3,Scyliorhinus_canicula,SIGLEC10,-,12,59169150,59207543
ffar1/2/3,Scyliorhinus_canicula,HAMP2,-,12,59256381,59262813
ffar1/2/3,Scyliorhinus_canicula,FFAR1,+,12,59317615,59318634
ffar1/2/3,Scyliorhinus_canicula,FFAR2/3-LIKE,+,12,59428649,59476297
ffar1/2/3,Scyliorhinus_canicula,IGLON5,+,12,59586398,59700327
ffar1/2/3,Scyliorhinus_canicula,VSIG10L,-,12,59715376,59764511
ffar1/2/3,Scyliorhinus_canicula,VSIG10L,-,12,59831029,59872082
ffar1/2/3,Scyliorhinus_canicula,HEPACAM,-,12,59882631,59911100
ffar1/2/3,Petromyzon_marinus1,SNAP25,+,6,13110452,13142832
ffar1/2/3,Petromyzon_marinus1,ZFYVE26,+,6,13144155,13182926
ffar1/2/3,Petromyzon_marinus1,ARG1,-,6,13183198,13197533
ffar1/2/3,Petromyzon_marinus1,CRIM1,+,6,13247823,13319253
ffar1/2/3,Petromyzon_marinus1,SRD5A2,+,6,13358024,13371587
ffar1/2/3,Petromyzon_marinus1,FFAR-LIKE,+,6,13377135,13380219
ffar1/2/3,Petromyzon_marinus1,PAR-1,+,6,13393655,13398869
ffar1/2/3,Petromyzon_marinus1,MOCS3,-,6,13476441,13492338
ffar1/2/3,Petromyzon_marinus1,VIT,-,6,13499320,13556691
ffar1/2/3,Petromyzon_marinus1,RRH,-,6,13567490,13584089
ffar1/2/3,Petromyzon_marinus1,SOCS5,-,6,13640797,13651255
ffar1/2/3,Petromyzon_marinus2,XPNPEP1,-,11,13450037,13499274
ffar1/2/3,Petromyzon_marinus2,ATRNL1,+,11,13513510,13555354
ffar1/2/3,Petromyzon_marinus2,SUPV3L1,-,11,13562285,13593246
ffar1/2/3,Petromyzon_marinus2,KIFBP,+,11,13592603,13613727
ffar1/2/3,Petromyzon_marinus2,SH3BP2,+,11,13634767,13682527
ffar1/2/3,Petromyzon_marinus2,FFAR-LIKE,+,11,13691821,13692675
ffar1/2/3,Petromyzon_marinus2,P2RY8,-,11,13693957,13699330
ffar1/2/3,Petromyzon_marinus2,CRTAC1,-,11,13858255,14554209
ffar1/2/3,Petromyzon_marinus2,KY,-,11,14575440,14578014
ffar1/2/3,Petromyzon_marinus2,FFAR-LIKE,+,11,14624691,14631288
ffar1/2/3,Petromyzon_marinus2,RVT_1,-,11,14631234,14644236
ffar1/2/3,Petromyzon_marinus2,INVALID SEQUENCE,+,11,14648956,14651965
ffar1/2/3,Petromyzon_marinus2,LPAR (TRUNCATED),+,11,14666977,14669125
ffar1/2/3,Petromyzon_marinus2,RCCD1,-,11,14707411,14724872
ffar1/2/3,Petromyzon_marinus2,NICOL1,+,11,14731990,14744786
ffar1/2/3,Petromyzon_marinus3,WDR26,-,31,3807824,3826797
ffar1/2/3,Petromyzon_marinus3,PANX,-,31,3833331,3839537
ffar1/2/3,Petromyzon_marinus3,RGS22,-,31,3841132,3854088
ffar1/2/3,Petromyzon_marinus3,DRC5,+,31,3877470,3885774
ffar1/2/3,Petromyzon_marinus3,FAM177A1,-,31,3885142,3911421
ffar1/2/3,Petromyzon_marinus3,FFAR-LIKE,-,31,3896254,3919343
ffar1/2/3,Petromyzon_marinus3,TEX30,-,31,3925452,3951654
ffar1/2/3,Petromyzon_marinus3,SIX1,+,31,4069094,4094219
ffar1/2/3,Petromyzon_marinus3,SIX6,-,31,4152666,4175366
ffar1/2/3,Petromyzon_marinus3,MYOSIN HEAD,+,31,4180608,4197280
ffar1/2/3,Petromyzon_marinus3,CAMKMT,-,31,4197406,4217254
ffar4,Homo_sapiens,EXOC6,+,10,92826830,93059489
ffar4,Homo_sapiens,CYP26C1,+,10,93060797,93069539
ffar4,Homo_sapiens,CYP26A1,+,10,93073474,93077884
ffar4,Homo_sapiens,MYOF,-,10,93306428,93482333
ffar4,Homo_sapiens,CEP55,+,10,93496611,93529091
ffar4,Homo_sapiens,FFAR4,+,10,93566664,93590071
ffar4,Homo_sapiens,RBP4,-,10,93591693,93601743
ffar4,Homo_sapiens,PDE6C,+,10,93612536,93666009
ffar4,Homo_sapiens,FRA10AC1,-,10,93667882,93702958
ffar4,Homo_sapiens,LGI1,+,10,93757935,93798158
ffar4,Homo_sapiens,SLC35G1,+,10,93893977,93909829
ffar4,Monodelphis_domestica,SLC35G1,-,1,81901530,81913923
ffar4,Monodelphis_domestica,LGI1,-,1,81987433,82043821
ffar4,Monodelphis_domestica,FRA10AC1,+,1,82082568,82148799
ffar4,Monodelphis_domestica,PDE6C,-,1,82152183,82241111
ffar4,Monodelphis_domestica,RBP4,+,1,82257361,82268711
ffar4,Monodelphis_domestica,FFAR4,-,1,82269558,82282650
ffar4,Monodelphis_domestica,CEP55,-,1,82296379,82333452
ffar4,Monodelphis_domestica,MYOF,+,1,82345585,82511754
ffar4,Monodelphis_domestica,CYP26A1,-,1,82726043,82730718
ffar4,Monodelphis_domestica,CYP26C1,-,1,82733352,82751437
ffar4,Monodelphis_domestica,EXOC6,-,1,82751509,82965511
ffar4,Gallus_gallus,SLC35G1,-,6,21067734,21077235
ffar4,Gallus_gallus,LGI1,-,6,21092608,21124318
ffar4,Gallus_gallus,FRA10AC1,+,6,21124113,21152727
ffar4,Gallus_gallus,PDE6C,-,6,21147553,21176168
ffar4,Gallus_gallus,RBP4,+,6,21185244,21192898
ffar4,Gallus_gallus,FFAR4,-,6,21193386,21199151
ffar4,Gallus_gallus,MYOF,+,6,21198669,21291464
ffar4,Gallus_gallus,CEP55,-,6,21206153,21221026
ffar4,Gallus_gallus,CYP26A1,-,6,21357932,21361342
ffar4,Gallus_gallus,CYP26C1,-,6,21362452,21370583
ffar4,Gallus_gallus,EXOC6,-,6,21370116,21456863
ffar4,Chelonia_mydas,SLC35G1,-,7,91618313,91628725
ffar4,Chelonia_mydas,LGI1,-,7,91665159,91684644
ffar4,Chelonia_mydas,FRA10AC1,+,7,91718805,91772760
ffar4,Chelonia_mydas,PDE6C,-,7,91772850,91828572
ffar4,Chelonia_mydas,RBP4,+,7,91845772,91854985
ffar4,Chelonia_mydas,FFAR4,-,7,91855037,91867352
ffar4,Chelonia_mydas,CEP55,-,7,91882573,91917890
ffar4,Chelonia_mydas,MYOF,+,7,91920310,92035658
ffar4,Chelonia_mydas,CYP26A1,-,7,92147308,92151564
ffar4,Chelonia_mydas,CYP26C1,-,7,92154344,92172739
ffar4,Chelonia_mydas,EXOC6,-,7,92175295,92351150
ffar4,Crocodylus_porosus,EXOC6,+,-,29901810,30069612
ffar4,Crocodylus_porosus,CYP26C1,+,-,30070147,30081935
ffar4,Crocodylus_porosus,CYP26A1,+,-,30086518,30089141
ffar4,Crocodylus_porosus,MYOF,-,-,30201501,30316089
ffar4,Crocodylus_porosus,CEP55,+,-,30317883,30344802
ffar4,Crocodylus_porosus,FFAR4,+,-,30372934,30384163
ffar4,Crocodylus_porosus,RBP4,-,-,30384302,30394299
ffar4,Crocodylus_porosus,PDE6C,+,-,30411776,30451827
ffar4,Crocodylus_porosus,FRA10AC1,-,-,30458657,30509605
ffar4,Crocodylus_porosus,LGI1,+,-,30509816,30545011
ffar4,Crocodylus_porosus,SLC35G1,+,-,30604748,30606422
ffar4,Xenopus_tropicalis,PCDH8L,-,7,35762861,35769246
ffar4,Xenopus_tropicalis,MYOF,+,7,35813841,35897799
ffar4,Xenopus_tropicalis,TMEM252,+,7,35905008,35917025
ffar4,Xenopus_tropicalis,TMEM252,+,7,35926883,35935394
ffar4,Xenopus_tropicalis,CEP55,+,7,35959559,35977527
ffar4,Xenopus_tropicalis,FFAR4,+,7,35980062,35996612
ffar4,Xenopus_tropicalis,RBP4,-,7,35996039,36005263
ffar4,Xenopus_tropicalis,PDE6C,+,7,36012523,36045863
ffar4,Xenopus_tropicalis,FRA10AC1,-,7,36047430,36083768
ffar4,Xenopus_tropicalis,LGI1,+,7,36102999,36129631
ffar4,Xenopus_tropicalis,SLC35G1,+,7,36135118,36149784
ffar4,Monopterus_albus,TP53BP2A,-,-,2043481,2058722
ffar4,Monopterus_albus,XPO5,+,-,2072436,2085040
ffar4,Monopterus_albus,EFEMP1,+,-,2107282,2125511
ffar4,Monopterus_albus,MARK1,+,-,2132649,2157397
ffar4,Monopterus_albus,LGI1,-,-,2157483,2163237
ffar4,Monopterus_albus,FFAR4,-,-,2166213,2169190
ffar4,Monopterus_albus,CEP55,-,-,2169286,2175737
ffar4,Monopterus_albus,MYOFL,+,-,2207947,2227555
ffar4,Monopterus_albus,PARGA,+,-,2228354,2249541
ffar4,Monopterus_albus,CUNH10ORF53,-,-,2263654,2265575
ffar4,Monopterus_albus,CHATA,-,-,2264903,2271207
ffar4,Scyliorhinus_canicula,HHEX,+,16,54585095,54591422
ffar4,Scyliorhinus_canicula,EXOC6,+,16,54876477,55109325
ffar4,Scyliorhinus_canicula,CYP26A1,+,16,55133739,55205952
ffar4,Scyliorhinus_canicula,MYOF,-,16,55206357,55491193
ffar4,Scyliorhinus_canicula,CEP55L,+,16,55543483,55579118
ffar4,Scyliorhinus_canicula,FFAR4,+,16,55603593,55619899
ffar4,Scyliorhinus_canicula,RBP4,-,16,55620479,55654100
ffar4,Scyliorhinus_canicula,PDE6C,+,16,55670982,55736594
ffar4,Scyliorhinus_canicula,FRA10AC1,-,16,55753747,55818716
ffar4,Scyliorhinus_canicula,ZMYM1,-,16,55834210,55842657
ffar4,Scyliorhinus_canicula,LGI1B,+,16,55849869,55906042
ffar4,Petromyzon_marinus,SMOX,+,11,5647008,5665976
ffar4,Petromyzon_marinus,ADRA1A,-,11,5674232,5682904
ffar4,Petromyzon_marinus,CTNNA2,+,11,5789606,5822529
ffar4,Petromyzon_marinus,LRRTM4,-,11,5957929,5998755
ffar4,Petromyzon_marinus,COMTD1,+,11,6242601,6252263
ffar4,Petromyzon_marinus,FFAR4,-,11,6252426,6267719
ffar4,Petromyzon_marinus,CSGA,+,11,6284354,6293019
ffar4,Petromyzon_marinus,CCDC34,+,11,6299246,6322167
ffar4,Petromyzon_marinus,PLA2G4F,-,11,6320756,6376386
ffar4,Petromyzon_marinus,NPY2R,+,11,6397370,6409986
ffar4,Petromyzon_marinus,FGFRL1,+,11,6424293,6526923
ptgdr,Homo_sapiens,TMX1,+,14,51240246,51257654
ptgdr,Homo_sapiens,FRMD6,+,14,51396430,51730726
ptgdr,Homo_sapiens,GNG2,+,14,51826173,51969794
ptgdr,Homo_sapiens,RTRAF,+,14,51989545,52010693
ptgdr,Homo_sapiens,NID2,-,14,52004808,52069058
ptgdr,Homo_sapiens,PTGDR,+,14,52267697,52280913
ptgdr,Homo_sapiens,PTGER2,+,14,52314311,52328597
ptgdr,Homo_sapiens,TXNDC16,-,14,52430595,52552504
ptgdr,Homo_sapiens,GPR137C,+,14,52552835,52637712
ptgdr,Homo_sapiens,ERO1A,-,14,52639914,52695557
ptgdr,Homo_sapiens,PSMC6,+,14,52707199,52728589
ptgdr,Ornithorhynchus_anatinus,PSMC6,-,14,3463517,3481848
ptgdr,Ornithorhynchus_anatinus,ERO1A,+,14,3492598,3523915
ptgdr,Ornithorhynchus_anatinus,GPR137C,-,14,3524423,3548127
ptgdr,Ornithorhynchus_anatinus,TXNDC16,+,14,3548577,3600065
ptgdr,Ornithorhynchus_anatinus,PTGER2,-,14,3658943,3676876
ptgdr,Ornithorhynchus_anatinus,PTGDR,-,14,3689146,3698852
ptgdr,Ornithorhynchus_anatinus,NID2,+,14,3761670,3799670
ptgdr,Ornithorhynchus_anatinus,RTRAF,-,14,3799769,3813627
ptgdr,Ornithorhynchus_anatinus,GNG2,-,14,3819897,3871020
ptgdr,Ornithorhynchus_anatinus,FRMD6,-,14,3885645,3942077
ptgdr,Ornithorhynchus_anatinus,TMX1,-,14,4087210,4099221
ptgdr,Gallus_gallus,TMX1,+,5,57785126,57793645
ptgdr,Gallus_gallus,FRMD6,+,5,57802399,57830172
ptgdr,Gallus_gallus,GNG2,+,5,57832975,57847854
ptgdr,Gallus_gallus,RTRAF,+,5,57848665,57861367
ptgdr,Gallus_gallus,NID2,-,5,57861575,57873551
ptgdr,Gallus_gallus,PTGDR,+,5,57880332,57883328
ptgdr,Gallus_gallus,PTGER2,+,5,57886643,57890427
ptgdr,Gallus_gallus,TXNDC16,-,5,57902759,57946378
ptgdr,Gallus_gallus,GPR137C,+,5,57946680,57962237
ptgdr,Gallus_gallus,ERO1A,-,5,57963935,57981469
ptgdr,Gallus_gallus,PSMC6,+,5,57982412,57994090
ptgdr,Chelonia_mydas,PSMC6,-,6,125542448,125559717
ptgdr,Chelonia_mydas,ERO1A,+,6,125565645,125598775
ptgdr,Chelonia_mydas,GPR137C,-,6,125603547,125631642
ptgdr,Chelonia_mydas,TXNDC16,+,6,125631074,125715794
ptgdr,Chelonia_mydas,PTGER2,-,6,125808360,125821144
ptgdr,Chelonia_mydas,PTGDR,-,6,125853820,125865662
ptgdr,Chelonia_mydas,NID2,+,6,125917438,125971506
ptgdr,Chelonia_mydas,RTRAF,-,6,125971703,125995007
ptgdr,Chelonia_mydas,GNG2,-,6,126012022,126100836
ptgdr,Chelonia_mydas,FRMD6,-,6,126161155,126236374
ptgdr,Chelonia_mydas,TMX1,-,6,126449917,126461332
ptgdr,Xenopus_tropicalis,MGC89226,+,8,95546357,95558642
ptgdr,Xenopus_tropicalis,ERO1A,+,8,95570418,95587474
ptgdr,Xenopus_tropicalis,GPR137C,-,8,95589115,95604448
ptgdr,Xenopus_tropicalis,TXNDC16,+,8,95604626,95645645
ptgdr,Xenopus_tropicalis,PTGER2,-,8,95673421,95692843
ptgdr,Xenopus_tropicalis,PTGDR,-,8,95718599,95725887
ptgdr,Xenopus_tropicalis,NID2,+,8,95775800,95821585
ptgdr,Xenopus_tropicalis,RTRAF,-,8,95824461,95832994
ptgdr,Xenopus_tropicalis,GNG2,-,8,95845983,95891347
ptgdr,Xenopus_tropicalis,FRMD6,-,8,95902829,96006339
ptgdr,Xenopus_tropicalis,TMX1,-,8,96052731,96064719
ptgdr,Protopterus_annectens,TMX1,+,6.part0,633092339,633461907
ptgdr,Protopterus_annectens,FRMD6,+,6.part0,635657277,636086926
ptgdr,Protopterus_annectens,GNG2,+,6.part0,637101831,637777417
ptgdr,Protopterus_annectens,RTRAF,+,6.part0,637853141,638411270
ptgdr,Protopterus_annectens,NID2,-,6.part0,638715275,639606563
ptgdr,Protopterus_annectens,PTGDR,+,6.part0,641793154,642230672
ptgdr,Protopterus_annectens,PTGER2,+,6.part0,643591614,643761875
ptgdr,Protopterus_annectens,TXNDC16,-,6.part0,644029169,645755000
ptgdr,Protopterus_annectens,GPR137C,+,6.part0,646083766,646845353
ptgdr,Protopterus_annectens,ERO1A,-,6.part0,647139547,647789124
ptgdr,Protopterus_annectens,KIF26A,+,6.part0,648867123,649487942
ptgdr,Latimeria_chalumnae,TMX1,+,11,1347201,1365058
ptgdr,Latimeria_chalumnae,FRMD6,+,11,1489624,1569811
ptgdr,Latimeria_chalumnae,GNG2,+,11,1615753,1700994
ptgdr,Latimeria_chalumnae,RTRAF,+,11,1713228,1735906
ptgdr,Latimeria_chalumnae,NID2A,-,11,1736436,1789218
ptgdr,Latimeria_chalumnae,PTGDR,+,11,1873317,1926899
ptgdr,Latimeria_chalumnae,PTGER2,+,11,1968445,1983487
ptgdr,Latimeria_chalumnae,TXNDC16,-,11,2017395,2092133
ptgdr,Latimeria_chalumnae,GPR137C,+,11,2092370,2124755
ptgdr,Latimeria_chalumnae,ERO1A,-,11,2129721,2159589
ptgdr,Latimeria_chalumnae,PSMC6,+,11,2159596,2176356
ptgdr,Anguilla_anguilla,TMX1,+,1,9219929,9229349
ptgdr,Anguilla_anguilla,FRMD6,+,1,9279552,9312106
ptgdr,Anguilla_anguilla,GNG2,+,1,9321046,9342282
ptgdr,Anguilla_anguilla,RTRAF,+,1,9344079,9349525
ptgdr,Anguilla_anguilla,NID2A,-,1,9349715,9383013
ptgdr,Anguilla_anguilla,PTGDR,+,1,9384629,9389497
ptgdr,Anguilla_anguilla,PTGER2,+,1,9398235,9409273
ptgdr,Anguilla_anguilla,TXNDC16,-,1,9414465,9444268
ptgdr,Anguilla_anguilla,GPR137C,+,1,9444651,9466029
ptgdr,Anguilla_anguilla,ERO1A,-,1,9466751,9473096
ptgdr,Anguilla_anguilla,PSMC6,+,1,9473185,9479040
ptgdr,Scyliorhinus_canicula,TMX1,+,2,54788531,54803195
ptgdr,Scyliorhinus_canicula,FRMD6,+,2,55139620,55296461
ptgdr,Scyliorhinus_canicula,GNG2,+,2,55535108,55632138
ptgdr,Scyliorhinus_canicula,RTRAF,+,2,55655937,55692162
ptgdr,Scyliorhinus_canicula,NID2A,-,2,55692046,55924873
ptgdr,Scyliorhinus_canicula,PTGDR,+,2,56083495,56126661
ptgdr,Scyliorhinus_canicula,PTGER2,+,2,56239830,56251508
ptgdr,Scyliorhinus_canicula,TXNDC16,-,2,56419964,56603146
ptgdr,Scyliorhinus_canicula,GPR137C,+,2,56603407,56651680
ptgdr,Scyliorhinus_canicula,UQCRH,-,2,56640803,56641036
ptgdr,Scyliorhinus_canicula,ERO1A,-,2,56669058,56705210
ptgdr2,Homo_sapiens,MS4A8,+,11,60699611,60715806
ptgdr2,Homo_sapiens,MS4A18,+,11,60724719,60745027
ptgdr2,Homo_sapiens,MS4A15,+,11,60756866,60776732
ptgdr2,Homo_sapiens,MS4A10,+,11,60785332,60801304
ptgdr2,Homo_sapiens,CCDC86,+,11,60842112,60851080
ptgdr2,Homo_sapiens,PTGDR2,-,11,60850932,60855949
ptgdr2,Homo_sapiens,ZP1,+,11,60867541,60875686
ptgdr2,Homo_sapiens,PRPF19,-,11,60890546,60906584
ptgdr2,Homo_sapiens,TMEM109,+,11,60914157,60923442
ptgdr2,Homo_sapiens,TMEM132A,+,11,60924459,60937158
ptgdr2,Homo_sapiens,SLC15A3,-,11,60937083,60952175
ptgdr2,Mus_musculus,SLC15A3,+,19,10819907,10835278
ptgdr2,Mus_musculus,TMEM132A,-,19,10835192,10847568
ptgdr2,Mus_musculus,TMEM109,-,19,10848020,10859106
ptgdr2,Mus_musculus,PRPF19,+,19,10872594,10886922
ptgdr2,Mus_musculus,ZP1,-,19,10891659,10897964
ptgdr2,Mus_musculus,PTGDR2,+,19,10901882,10919874
ptgdr2,Mus_musculus,CCDC86,-,19,10918844,10926629
ptgdr2,Mus_musculus,MS4A10,-,19,10939652,10952087
ptgdr2,Mus_musculus,MS4A15,-,19,10955666,10970613
ptgdr2,Mus_musculus,MS4A18,-,19,10974387,10995389
ptgdr2,Mus_musculus,MS4A8A,-,19,11044834,11058466
ptgdr2,Monodelphis_domestica,TMEM132A,-,6,12595397,12605098
ptgdr2,Monodelphis_domestica,TMEM109,-,6,12606134,12618365
ptgdr2,Monodelphis_domestica,TIGD1,+,6,12614368,12616122
ptgdr2,Monodelphis_domestica,PRPF19,+,6,12627276,12636172
ptgdr2,Monodelphis_domestica,ZP1,-,6,12641357,12648222
ptgdr2,Monodelphis_domestica,PTGDR2,+,6,12648315,12663444
ptgdr2,Monodelphis_domestica,CCDC86,-,6,12663190,12669214
ptgdr2,Monodelphis_domestica,MS4A15,-,6,12729008,12735584
ptgdr2,Monodelphis_domestica,MS4A8,-,6,12762984,12779844
ptgdr2,Monodelphis_domestica,MYOSIN HEAD,-,6,12888005,12907493
ptgdr2,Monodelphis_domestica,MS4A13,-,6,12908851,12932135
ptgdr2,Ornithorhynchus_anatinus,SLC15A3,+,3,17759142,17776384
ptgdr2,Ornithorhynchus_anatinus,TMEM132A,-,3,17776319,17790654
ptgdr2,Ornithorhynchus_anatinus,TMEM109,-,3,17792155,17806821
ptgdr2,Ornithorhynchus_anatinus,PRPF19,+,3,17810935,17822080
ptgdr2,Ornithorhynchus_anatinus,ZP1,-,3,17832052,17843451
ptgdr2,Ornithorhynchus_anatinus,PTGDR2,+,3,17862443,17868142
ptgdr2,Ornithorhynchus_anatinus,CCDC86,-,3,17868574,17880621
ptgdr2,Ornithorhynchus_anatinus,MS4A10,-,3,17966860,17982108
ptgdr2,Ornithorhynchus_anatinus,MS4A15,-,3,17994773,18005355
ptgdr2,Ornithorhynchus_anatinus,MS4A18,-,3,18015313,18025144
ptgdr2,Ornithorhynchus_anatinus,MS4A8,-,3,18041177,18054379
ptgdr2,Rhinatrema_bivittatum,FBN3,-,13,2738445,2883015
ptgdr2,Rhinatrema_bivittatum,TRUA,-,13,2946022,2971699
ptgdr2,Rhinatrema_bivittatum,CAPG,+,13,2973097,3016985
ptgdr2,Rhinatrema_bivittatum,MMP17,-,13,3021586,3054612
ptgdr2,Rhinatrema_bivittatum,ZP1,-,13,3068451,3087481
ptgdr2,Rhinatrema_bivittatum,PTGDR2,+,13,3109320,3129366
ptgdr2,Rhinatrema_bivittatum,KLHL42,+,13,3139803,3142622
ptgdr2,Rhinatrema_bivittatum,CCDC86,-,13,3144913,3149938
ptgdr2,Rhinatrema_bivittatum,MS4A15,-,13,3154946,3172706
ptgdr2,Rhinatrema_bivittatum,MS4A4A,-,13,3181688,3218446
ptgdr2,Rhinatrema_bivittatum,OLFR1019,+,13,3317277,3318233
ptgdr2,Protopterus_annectens,APLNR,-,9.part0,1159151044,1159152042
ptgdr2,Protopterus_annectens,MMP17,-,9.part0,1159165408,1159775167
ptgdr2,Protopterus_annectens,MYOSIN HEAD,-,9.part0,1160360526,1160579908
ptgdr2,Protopterus_annectens,KRT3,-,9.part0,1161077673,1161165897
ptgdr2,Protopterus_annectens,KRT6A,+,9.part0,1161272307,1161318442
ptgdr2,Protopterus_annectens,PTGDR2,+,9.part0,1161956436,1162471476
ptgdr2,Protopterus_annectens,PTGDR2,+,9.part0,1161956456,1162606515
ptgdr2,Protopterus_annectens,MS4A4D,-,9.part0,1163297193,1163691468
ptgdr2,Protopterus_annectens,CCDC86,+,9.part0,1163998932,1164164856
ptgdr2,Protopterus_annectens,MS4A4A,+,9.part0,1164338809,1164455479
ptgdr2,Protopterus_annectens,GPR15,-,9.part0,1167793785,1167799645
ptgdr2,Protopterus_annectens,CLDND1,+,9.part0,1168502384,1168627287
ptgdr2,Latimeria_chalumnae,SEPTIN4,+,6,169331601,169380651
ptgdr2,Latimeria_chalumnae,MICAL3B,-,6,169479300,169494565
ptgdr2,Latimeria_chalumnae,ACNAT1,-,6,169667910,169676645
ptgdr2,Latimeria_chalumnae,ACNAT21,-,6,169677661,169687725
ptgdr2,Latimeria_chalumnae,ACNAT21,+,6,169688359,169738099
ptgdr2,Latimeria_chalumnae,PTGDR2,+,6,169728166,169778544
ptgdr2,Latimeria_chalumnae,CCDC86,-,6,169786403,169789149
ptgdr2,Latimeria_chalumnae,EGFL7,-,6,169795672,169805055
ptgdr2,Latimeria_chalumnae,MS4A4A,+,6,169872501,169929752
ptgdr2,Latimeria_chalumnae,MS4A8,+,6,169933684,169937019
ptgdr2,Latimeria_chalumnae,CBLIF,+,6,169941112,169963843
ptgdr2,Danio_rerio,DUF6475,-,1,47270187,47283781
ptgdr2,Danio_rerio,DUF6475,-,1,47290060,47296215
ptgdr2,Danio_rerio,DUF6475,-,1,47298929,47307773
ptgdr2,Danio_rerio,DUF6475,+,1,47312588,47325720
ptgdr2,Danio_rerio,VWA11,-,1,47326323,47355764
ptgdr2,Danio_rerio,PTGDR2,+,1,47350104,47357535
ptgdr2,Danio_rerio,CABP2A,+,1,47366670,47400412
ptgdr2,Danio_rerio,SLC43A3A,-,1,47400321,47420578
ptgdr2,Danio_rerio,CTNND1,+,1,47432445,47488390
ptgdr2,Danio_rerio,PKINASE,+,1,47495612,47500806
ptgdr2,Danio_rerio,PKINASE,+,1,47505691,47511002
ptgdr2,Oreochromis_niloticus,G6B,-,LG3,7112624,7115515
ptgdr2,Oreochromis_niloticus,G6B,-,LG3,7128460,7131349
ptgdr2,Oreochromis_niloticus,G6B,-,LG3,7133211,7136002
ptgdr2,Oreochromis_niloticus,G6B,-,LG3,7137687,7140617
ptgdr2,Oreochromis_niloticus,G6B,-,LG3,7142172,7144488
ptgdr2,Oreochromis_niloticus,PTGDR2,+,LG3,7147282,7178863
ptgdr2,Oreochromis_niloticus,G6B,-,LG3,7147467,7149355
ptgdr2,Oreochromis_niloticus,G6B,-,LG3,7161154,7166059
ptgdr2,Oreochromis_niloticus,7TM_1,-,LG3,7178970,7191082
ptgdr2,Oreochromis_niloticus,UGT2C1,-,LG3,7206778,7213244
ptgdr2,Oreochromis_niloticus,UGT2B15,-,LG3,7215083,7217333
ltb4r1/2,Homo_sapiens,RABGGTA,-,14,24265537,24271626
ltb4r1/2,Homo_sapiens,NOP9,+,14,24271202,24309123
ltb4r1/2,Homo_sapiens,DHRS1,-,14,24290597,24299779
ltb4r1/2,Homo_sapiens,CIDEB,-,14,24305186,24311434
ltb4r1/2,Homo_sapiens,LTB4R2,+,14,24310139,24312037
ltb4r1/2,Homo_sapiens,LTB4R1,+,14,24311501,24318035
ltb4r1/2,Homo_sapiens,ADCY4,-,14,24318358,24335070
ltb4r1/2,Homo_sapiens,RIPK3,-,14,24336024,24339990
ltb4r1/2,Homo_sapiens,NFATC4,+,14,24366910,24379603
ltb4r1/2,Homo_sapiens,NYNRIN,+,14,24399002,24419282
ltb4r1/2,Homo_sapiens,KHNYN,+,14,24423164,24441842
ltb4r1/2,Gallus_gallus,BF2,-,16,2226702,2229464
ltb4r1/2,Gallus_gallus,C4,+,16,2230070,2244844
ltb4r1/2,Gallus_gallus,CENPA,+,16,2245146,2246866
ltb4r1/2,Gallus_gallus,CYP21A1,+,16,2247315,2251246
ltb4r1/2,Gallus_gallus,TNXB,-,16,2251200,2277927
ltb4r1/2,Gallus_gallus,LTB4R1,+,16,2280352,2282626
ltb4r1/2,Gallus_gallus,CD1F,-,16,2282623,2285345
ltb4r1/2,Gallus_gallus,CD1G,-,16,2286196,2289046
ltb4r1/2,Gallus_gallus,CPTL,-,16,2291862,2331434
ltb4r1/2,Gallus_gallus,ZNF135,+,16,2339318,2344053
ltb4r1/2,Gallus_gallus,HSD17B8,+,16,2346598,2360922
ltb4r1/2,Eublepharis_macularius,OR2G3,+,12,68767790,68769382
ltb4r1/2,Eublepharis_macularius,CYLD,-,12,68770753,68794270
ltb4r1/2,Eublepharis_macularius,NFATC4,+,12,68802152,68834795
ltb4r1/2,Eublepharis_macularius,RIPK3,+,12,68839889,68872381
ltb4r1/2,Eublepharis_macularius,ADCY4,+,12,68893128,68946841
ltb4r1/2,Eublepharis_macularius,LTB4R1,-,12,68951714,68952811
ltb4r1/2,Eublepharis_macularius,LTB4R2,-,12,68972424,68977764
ltb4r1/2,Eublepharis_macularius,G6B,-,12,68983229,69002227
ltb4r1/2,Eublepharis_macularius,VN2R26,-,12,69005831,69011517
ltb4r1/2,Eublepharis_macularius,VN2R26,+,12,69030958,69051291
ltb4r1/2,Eublepharis_macularius,VN2R26,-,12,69061004,69072464
ltb4r1/2,Chelonia_mydas,FCRL5,+,13,35505159,35552338
ltb4r1/2,Chelonia_mydas,A1BG,-,13,35550914,35575430
ltb4r1/2,Chelonia_mydas,FCRL5,+,13,35606287,35626185
ltb4r1/2,Chelonia_mydas,ORTHOREO P10,+,13,35629908,35638223
ltb4r1/2,Chelonia_mydas,LTB4R2,+,13,35648707,35658404
ltb4r1/2,Chelonia_mydas,LTB4R1,+,13,35655787,35658404
ltb4r1/2,Chelonia_mydas,ADCY4,-,13,35658681,35684972
ltb4r1/2,Chelonia_mydas,STK33,-,13,35735868,35745991
ltb4r1/2,Chelonia_mydas,NFATC4,-,13,35748083,35759672
ltb4r1/2,Chelonia_mydas,CYLD,+,13,35763277,35773610
ltb4r1/2,Chelonia_mydas,KHNYN,+,13,35783745,35803924
ltb4r1/2,Xenopus_tropicalis,ORTHOREO P10,-,1,142324486,142338346
ltb4r1/2,Xenopus_tropicalis,FCRL5,+,1,142345422,142370449
ltb4r1/2,Xenopus_tropicalis,OR10BR1,+,1,142455693,142456634
ltb4r1/2,Xenopus_tropicalis,OR6T1,-,1,142469872,142470819
ltb4r1/2,Xenopus_tropicalis,LTB4R2,+,1,142490269,142496175
ltb4r1/2,Xenopus_tropicalis,LTB4R1,+,1,142512857,142517807
ltb4r1/2,Xenopus_tropicalis,NFATC4,+,1,142542100,142580007
ltb4r1/2,Xenopus_tropicalis,RIPK3,+,1,142585365,142616900
ltb4r1/2,Xenopus_tropicalis,ADCY4,+,1,142640648,142677807
ltb4r1/2,Xenopus_tropicalis,CYLD,+,1,142688600,142704678
ltb4r1/2,Xenopus_tropicalis,KHNYN,+,1,142707857,142721520
ltb4r1/2,Latimeria_chalumnae,METTL3,+,6,91717487,91745712
ltb4r1/2,Latimeria_chalumnae,TOX4B,-,6,91751425,91782358
ltb4r1/2,Latimeria_chalumnae,RAB2B,+,6,91785584,91826293
ltb4r1/2,Latimeria_chalumnae,CHD8,+,6,91831428,91927500
ltb4r1/2,Latimeria_chalumnae,LTB4R2,+,6,91969540,91996582
ltb4r1/2,Latimeria_chalumnae,LTB4R1,+,6,92048018,92055106
ltb4r1/2,Latimeria_chalumnae,GALR1,-,6,92091053,92099574
ltb4r1/2,Latimeria_chalumnae,NFATC4,+,6,92140902,92207513
ltb4r1/2,Latimeria_chalumnae,RPGRIP1L,+,6,92274677,92285516
ltb4r1/2,Latimeria_chalumnae,RPGRIP1,+,6,92288680,92319146
ltb4r1/2,Latimeria_chalumnae,SUPT16H,-,6,92335797,92391301
ltb4r1/2,Alosa_alosa,CD244,-,24,15078944,15085525
ltb4r1/2,Alosa_alosa,VANGL2,-,24,15094434,15109326
ltb4r1/2,Alosa_alosa,ARHGEF11,-,24,15113046,15147869
ltb4r1/2,Alosa_alosa,MYADMA,+,24,15153609,15161903
ltb4r1/2,Alosa_alosa,LTB4R2,+,24,15295519,15319275
ltb4r1/2,Alosa_alosa,LTB4R1,+,24,15323749,15333950
ltb4r1/2,Alosa_alosa,KLHL33,-,24,15334907,15376526
ltb4r1/2,Alosa_alosa,SLC12A3,+,24,15377649,15390542
ltb4r1/2,Alosa_alosa,SLC12A3,+,24,15403177,15446431
ltb4r1/2,Alosa_alosa,RAG2,+,24,15454427,15458856
ltb4r1/2,Alosa_alosa,KLHL33,-,24,15486285,15494998
ltb4r1/2,Salmo_salar1,ZNF27,+,ssa07,26082527,26093979
ltb4r1/2,Salmo_salar1,ZNF37A,+,ssa07,26137839,26154931
ltb4r1/2,Salmo_salar1,KLHL33,+,ssa07,26172430,26176286
ltb4r1/2,Salmo_salar1,C1QL2,+,ssa07,26194142,26196725
ltb4r1/2,Salmo_salar1,LTB4R1,+,ssa07,26226240,26240465
ltb4r1/2,Salmo_salar1,LTB4R1,-,ssa07,26239774,26243269
ltb4r1/2,Salmo_salar1,LTB4R2,+,ssa07,26246428,26261608
ltb4r1/2,Salmo_salar1,PRKD3,-,ssa07,26272287,26287248
ltb4r1/2,Salmo_salar1,KLC2,-,ssa07,26287171,26309693
ltb4r1/2,Salmo_salar1,PACS1,-,ssa07,26309992,26365558
ltb4r1/2,Salmo_salar1,SF3B2,-,ssa07,26370155,26389145
ltb4r1/2,Salmo_salar2,SF3B2,+,ssa18,70244702,70261314
ltb4r1/2,Salmo_salar2,PACS1,+,ssa18,70266508,70369969
ltb4r1/2,Salmo_salar2,KLC2,+,ssa18,70370538,70391853
ltb4r1/2,Salmo_salar2,PRKD3,+,ssa18,70392063,70419690
ltb4r1/2,Salmo_salar2,TRIM16,+,ssa18,70419533,70423311
ltb4r1/2,Salmo_salar2,LTB4R2,+,ssa18,70440806,70450023
ltb4r1/2,Salmo_salar2,LTB4R1,+,ssa18,70453125,70458247
ltb4r1/2,Salmo_salar2,AIG1,-,ssa18,70534486,70542654
ltb4r1/2,Salmo_salar2,AIG1,+,ssa18,70569007,70579061
ltb4r1/2,Salmo_salar2,AIG1,-,ssa18,70607190,70614932
ltb4r1/2,Salmo_salar2,MYOSIN HEAD,+,ssa18,70615301,70624892
ltb4r1/2,Salmo_salar2,PARP14,-,ssa18,70646990,70651120
ltb4r1/2-like,Columba_livia,CLEC3A,+,13,19508562,19515596
ltb4r1/2-like,Columba_livia,WWOX,+,13,19530232,20001481
ltb4r1/2-like,Columba_livia,MAF,-,13,19990949,20188631
ltb4r1/2-like,Columba_livia,SMPD3,-,13,20643020,20741783
ltb4r1/2-like,Columba_livia,PLA2G15,-,13,20781768,20800225
ltb4r1/2-like,Columba_livia,LTB4R1/2-LIKE,+,13,20815557,20818103
ltb4r1/2-like,Columba_livia,ESRP2,+,13,20834833,20897181
ltb4r1/2-like,Columba_livia,NFATC3,-,13,20907922,20984019
ltb4r1/2-like,Columba_livia,DUS2,-,13,21011075,21030212
ltb4r1/2-like,Columba_livia,DPEP2,+,13,21029113,21066278
ltb4r1/2-like,Columba_livia,DDX28,+,13,21029526,21031484
ltb4r1/2-like,Meleagris_gallopavo,DDX28,+,13,9517478,9518787
ltb4r1/2-like,Meleagris_gallopavo,DUS2,-,13,9523765,9540431
ltb4r1/2-like,Meleagris_gallopavo,NFATC3,-,13,9569902,9608135
ltb4r1/2-like,Meleagris_gallopavo,ESRP2,+,13,9627147,9643334
ltb4r1/2-like,Meleagris_gallopavo,ESRP2,+,13,9669833,9674669
ltb4r1/2-like,Meleagris_gallopavo,LTB4R1/2-LIKE,+,13,9685924,9737190
ltb4r1/2-like,Meleagris_gallopavo,PLA2G15,-,13,9741550,9755410
ltb4r1/2-like,Meleagris_gallopavo,SMPD3,-,13,9869504,9920484
ltb4r1/2-like,Meleagris_gallopavo,PRMT7,+,13,9928975,9945044
ltb4r1/2-like,Meleagris_gallopavo,SLC7A6,+,13,9953717,9981737
ltb4r1/2-like,Meleagris_gallopavo,SLC7A6OS,-,13,9983751,9989096
ltb4r1/2-like,Eublepharis_macularius,TMEM208,-,16,31193145,31199645
ltb4r1/2-like,Eublepharis_macularius,FBXL2,+,16,31199797,31211556
ltb4r1/2-like,Eublepharis_macularius,ELMO3,-,16,31212765,31239836
ltb4r1/2-like,Eublepharis_macularius,E2F4,-,16,31243767,31258023
ltb4r1/2-like,Eublepharis_macularius,EXOC3L1,+,16,31260876,31278564
ltb4r1/2-like,Eublepharis_macularius,LTB4R1/2-LIKE,-,16,31282562,31283575
ltb4r1/2-like,Eublepharis_macularius,CTRL,+,16,31297166,31305007
ltb4r1/2-like,Eublepharis_macularius,PSKH1,-,16,31310141,31338590
ltb4r1/2-like,Eublepharis_macularius,NRN1L,-,16,31358028,31370020
ltb4r1/2-like,Eublepharis_macularius,EDC4,-,16,31375860,31411430
ltb4r1/2-like,Eublepharis_macularius,NUTF2,-,16,31417966,31437639
ltb4r1/2-like,Python_bivittatus,TMEM208,-,-,440195,444848
ltb4r1/2-like,Python_bivittatus,FBXL2,+,-,445000,457892
ltb4r1/2-like,Python_bivittatus,ELMO3,-,-,458489,482678
ltb4r1/2-like,Python_bivittatus,E2F4,-,-,485348,497029
ltb4r1/2-like,Python_bivittatus,EXOC3L1,+,-,500019,517324
ltb4r1/2-like,Python_bivittatus,LTB4R1/2-LIKE,-,-,522190,523188
ltb4r1/2-like,Python_bivittatus,CTRL,+,-,523919,530368
ltb4r1/2-like,Python_bivittatus,PSKH1,-,-,530283,555614
ltb4r1/2-like,Python_bivittatus,NRN1L,-,-,573147,575977
ltb4r1/2-like,Python_bivittatus,EDC4,-,-,584746,618609
ltb4r1/2-like,Python_bivittatus,NUTF2,-,-,621025,633680
ltb4r1/2-like,Acipenser_ruthenus1,GALR1,+,19,30839179,30850700
ltb4r1/2-like,Acipenser_ruthenus1,DDX28,-,19,30852239,30854364
ltb4r1/2-like,Acipenser_ruthenus1,DUS2,+,19,30854365,30873014
ltb4r1/2-like,Acipenser_ruthenus1,NFATC3,+,19,30880481,30934923
ltb4r1/2-like,Acipenser_ruthenus1,ESRP2,-,19,30939970,30958800
ltb4r1/2-like,Acipenser_ruthenus1,LTB4R1/2-LIKE,-,19,30970091,30972088
ltb4r1/2-like,Acipenser_ruthenus1,AMFR,+,19,30974130,30982700
ltb4r1/2-like,Acipenser_ruthenus1,DPEP2,+,19,30986515,30998761
ltb4r1/2-like,Acipenser_ruthenus1,SLC12A4,-,19,30998760,31028313
ltb4r1/2-like,Acipenser_ruthenus1,SLC6A2,-,19,31052017,31074845
ltb4r1/2-like,Acipenser_ruthenus1,LPCAT2,-,19,31080097,31092879
ltb4r1/2-like,Acipenser_ruthenus2,GALR1,+,20,30431822,30444964
ltb4r1/2-like,Acipenser_ruthenus2,DDX28,-,20,30447416,30449790
ltb4r1/2-like,Acipenser_ruthenus2,DUS2,+,20,30449224,30464927
ltb4r1/2-like,Acipenser_ruthenus2,NFATC3,+,20,30472382,30526126
ltb4r1/2-like,Acipenser_ruthenus2,ESRP2,-,20,30529620,30549149
ltb4r1/2-like,Acipenser_ruthenus2,LTB4R1/2-LIKE,-,20,30564222,30566090
ltb4r1/2-like,Acipenser_ruthenus2,LTB4R1/2-LIKE,-,20,30566718,30567734
ltb4r1/2-like,Acipenser_ruthenus2,AMFR,+,20,30568809,30577255
ltb4r1/2-like,Acipenser_ruthenus2,DPEP2,+,20,30583710,30596704
ltb4r1/2-like,Acipenser_ruthenus2,SLC12A4,-,20,30596177,30627289
ltb4r1/2-like,Acipenser_ruthenus2,SLC6A2,-,20,30642913,30666670
ltb4r1/2-like,Acipenser_ruthenus2,LPCAT2,-,20,30673114,30684005
ltb4r1/2-like,Alosa_alosa,IL34,+,11,3621649,3634294
ltb4r1/2-like,Alosa_alosa,LONP2,+,11,3634531,3657962
ltb4r1/2-like,Alosa_alosa,SIAH1,-,11,3658993,3667397
ltb4r1/2-like,Alosa_alosa,N4BP1,-,11,3678593,3691326
ltb4r1/2-like,Alosa_alosa,NUDT21,+,11,3696527,3700648
ltb4r1/2-like,Alosa_alosa,LTB4R1/2-LIKE,+,11,3713679,3724432
ltb4r1/2-like,Alosa_alosa,BCAR1,-,11,3724845,3804352
ltb4r1/2-like,Alosa_alosa,CFDP1,-,11,3811437,3865190
ltb4r1/2-like,Alosa_alosa,TMEM170A,+,11,3865257,3870512
ltb4r1/2-like,Alosa_alosa,CARMIL2,-,11,3871782,3924156
ltb4r1/2-like,Alosa_alosa,CTCF,-,11,3926432,3935117
ltb4r1/2-like,Salmo_salar,LPCAT2,+,ssa11,30182142,30192888
ltb4r1/2-like,Salmo_salar,SLC6A2,-,ssa11,30224091,30316916
ltb4r1/2-like,Salmo_salar,SLC12A4,+,ssa11,30339669,30392477
ltb4r1/2-like,Salmo_salar,DPEP2,-,ssa11,30392191,30414022
ltb4r1/2-like,Salmo_salar,AMFR,-,ssa11,30414997,30429914
ltb4r1/2-like,Salmo_salar,LTB4R1/2-LIKE,+,ssa11,30435351,30437421
ltb4r1/2-like,Salmo_salar,ESRP2,+,ssa11,30444411,30466406
ltb4r1/2-like,Salmo_salar,NFATC3,-,ssa11,30473281,30556687
ltb4r1/2-like,Salmo_salar,DDX28,+,ssa11,30563348,30567174
ltb4r1/2-like,Salmo_salar,TLN2,+,ssa11,30569552,30690922
ltb4r1/2-like,Salmo_salar,TPM1,+,ssa11,30700482,30713803
ltb4r1/2-like,Scyliorhinus_canicula,SLC12A4,+,9,60606795,60823298
ltb4r1/2-like,Scyliorhinus_canicula,DPEP2,-,9,60881294,60964277
ltb4r1/2-like,Scyliorhinus_canicula,DUS2,+,9,61310943,61399795
ltb4r1/2-like,Scyliorhinus_canicula,NFATC3,+,9,61495419,61694921
ltb4r1/2-like,Scyliorhinus_canicula,ESRP2,-,9,61839364,61875827
ltb4r1/2-like,Scyliorhinus_canicula,LTB4R1/2-LIKE,-,9,62202311,62203704
ltb4r1/2-like,Scyliorhinus_canicula,LTB4R1/2-LIKE,-,9,62222509,62240746
ltb4r1/2-like,Scyliorhinus_canicula,C3AR1,-,9,62300303,62303710
ltb4r1/2-like,Scyliorhinus_canicula,LTB4R1/2-LIKE,-,9,62337212,62338285
ltb4r1/2-like,Scyliorhinus_canicula,SSTR1,-,9,62358284,62359246
ltb4r1/2-like,Scyliorhinus_canicula,BCAR1,-,9,62397236,62720887
ltb4r1/2-like,Scyliorhinus_canicula,PSMB5,-,9,62792241,62799998
ltb4r1/2-like,Scyliorhinus_canicula,CFDP1,-,9,62819759,63048698
ltb4r1/2-like,Scyliorhinus_canicula,TMEM107A,+,9,63048959,63068517
oxer1,Homo_sapiens,PKDCC,+,2,42048020,42058516
oxer1,Homo_sapiens,EML4,+,2,42169352,42332547
oxer1,Homo_sapiens,COX7A2L,-,2,42335558,42368956
oxer1,Homo_sapiens,KCNG3,-,2,42388351,42493981
oxer1,Homo_sapiens,MTA3,+,2,42494109,42756945
oxer1,Homo_sapiens,OXER1,-,2,42762498,42764134
oxer1,Homo_sapiens,HAAO,-,2,42767088,42792582
oxer1,Homo_sapiens,MYOSIN HEAD,-,2,43064044,43102444
oxer1,Homo_sapiens,ZFP36L2,-,2,43222401,43226605
oxer1,Homo_sapiens,THADA,-,2,43230850,43596037
oxer1,Homo_sapiens,PLEKHH2,+,2,43637259,43767986
oxer1,Monodelphis_domestica,THADA,+,1,664921844,665371678
oxer1,Monodelphis_domestica,ZFP36L2,+,1,665376095,665380727
oxer1,Monodelphis_domestica,HINT3,+,1,665765894,665767342
oxer1,Monodelphis_domestica,HAAO,+,1,666155285,666172465
oxer1,Monodelphis_domestica,MTA3,-,1,666180845,666400331
oxer1,Monodelphis_domestica,OXER1,+,1,666182188,666183156
oxer1,Monodelphis_domestica,KCNG3,+,1,666514395,666571158
oxer1,Monodelphis_domestica,COX7A2L,+,1,666667665,666680361
oxer1,Monodelphis_domestica,EML4,-,1,666737732,666900227
oxer1,Monodelphis_domestica,TCEA1,-,1,666950499,666952365
oxer1,Monodelphis_domestica,PKDCC,-,1,667084611,667098606
oxer1,Mauremys_mutica,SLC35E3,+,3,169939441,169941166
oxer1,Mauremys_mutica,EML4,+,3,170116639,170376134
oxer1,Mauremys_mutica,COX7A2L,-,3,170681188,170693448
oxer1,Mauremys_mutica,KCNG3,-,3,170719944,170737533
oxer1,Mauremys_mutica,MTA3,+,3,170778334,171007236
oxer1,Mauremys_mutica,OXER1,-,3,171085409,171086382
oxer1,Mauremys_mutica,HAAO,-,3,171140526,171204848
oxer1,Mauremys_mutica,ZFP36L2,-,3,172508459,172514523
oxer1,Mauremys_mutica,THADA,-,3,172519302,172857323
oxer1,Mauremys_mutica,PLEKHH2,+,3,172878148,173008549
oxer1,Mauremys_mutica,DYNC2LI1,+,3,173011881,173066342
oxer1,Latimeria_chalumnae,PKDCCA,+,3,33686085,33747552
oxer1,Latimeria_chalumnae,EML4,+,3,34201793,34570348
oxer1,Latimeria_chalumnae,COX7A2L,-,3,35020277,35032307
oxer1,Latimeria_chalumnae,KCNG3,-,3,35050485,35068126
oxer1,Latimeria_chalumnae,MTA3,+,3,35096165,35299555
oxer1,Latimeria_chalumnae,OXER1,-,3,35352510,35354739
oxer1,Latimeria_chalumnae,HAAO,-,3,35441132,35554369
oxer1,Latimeria_chalumnae,ZFP36L2,-,3,37070936,37074671
oxer1,Latimeria_chalumnae,THADA,-,3,37089925,37434214
oxer1,Latimeria_chalumnae,PLEKHH2,+,3,37451989,37570841
oxer1,Latimeria_chalumnae,DYNC2LI1,+,3,37585830,37650181
oxer1,Poecilia_reticulata,PEX13,-,LG15,27963747,27968928
oxer1,Poecilia_reticulata,REL,-,LG15,27982180,28003650
oxer1,Poecilia_reticulata,PAPOLG,-,LG15,28007336,28029398
oxer1,Poecilia_reticulata,HAAO,+,LG15,28029500,28037467
oxer1,Poecilia_reticulata,TMEM229,-,LG15,28037931,28045497
oxer1,Poecilia_reticulata,OXER1,+,LG15,28052053,28060048
oxer1,Poecilia_reticulata,ZFP36L2,-,LG15,28360801,28364946
oxer1,Poecilia_reticulata,THADA,-,LG15,28371300,28485031
oxer1,Poecilia_reticulata,PLEKHH2,+,LG15,28486442,28519184
oxer1,Poecilia_reticulata,EPCAM,-,LG15,28522066,28524551
oxer1,Poecilia_reticulata,MUC4,+,LG15,28525311,28563317
gpr31,Homo_sapiens,RPS6KA2,-,6,166409363,166862772
gpr31,Homo_sapiens,RAMACL,-,6,166583008,166586677
gpr31,Homo_sapiens,RNASET2,-,6,166922112,166956549
gpr31,Homo_sapiens,CEP43,+,6,166999396,167052717
gpr31,Homo_sapiens,CCR6,+,6,167111794,167139140
gpr31,Homo_sapiens,GPR31,-,6,167155246,167157979
gpr31,Homo_sapiens,UNC93A,+,6,167269031,167316013
gpr31,Homo_sapiens,TTLL2,+,6,167325085,167342687
gpr31,Homo_sapiens,AFDN,+,6,167826563,167972022
gpr31,Homo_sapiens,KIF25,+,6,167997670,168045090
gpr31,Homo_sapiens,FRMD1,-,6,168053094,168093055
gpr31,Neogale_vison,DACT2,+,1,1458186,1467658
gpr31,Neogale_vison,KIF25,-,1,1577638,1587691
gpr31,Neogale_vison,AFDN,-,1,1620455,1749396
gpr31,Neogale_vison,UNC93A,+,1,2008331,2039806
gpr31,Neogale_vison,TTLL2,+,1,2057083,2058539
gpr31,Neogale_vison,GPR31,+,1,2112310,2113396
gpr31,Neogale_vison,CCR6,-,1,2128492,2130632
gpr31,Neogale_vison,CEP43,-,1,2207606,2243342
gpr31,Neogale_vison,RNASET2,+,1,2271215,2289270
gpr31,Neogale_vison,RPS6KA2,+,1,2330970,2631484
gpr31,Neogale_vison,MPC1,+,1,2648542,2666149
gpr31,Chelonia_mydas,CCR6,+,3,122594953,122609015
gpr31,Chelonia_mydas,CEP43,+,3,122618107,122670425
gpr31,Chelonia_mydas,CCR6,+,3,122705411,122719488
gpr31,Chelonia_mydas,SLC16A10,+,3,122724800,122749817
gpr31,Chelonia_mydas,CENPJ,+,3,122780329,122846891
gpr31,Chelonia_mydas,GPR31,-,3,122797458,122799323
gpr31,Chelonia_mydas,TTLL2,-,3,122850159,122871723
gpr31,Chelonia_mydas,UNC93A,-,3,122854467,122897269
gpr31,Chelonia_mydas,AFDN,+,3,123143227,123359091
gpr31,Chelonia_mydas,TESMIN,-,3,123180006,123180464
gpr31,Chelonia_mydas,KIF25,+,3,123376518,123451953
gpr31,Mauremys_mutica,CCR6,+,3,125912843,125939304
gpr31,Mauremys_mutica,CEP43,+,3,125953582,126022264
gpr31,Mauremys_mutica,CCR6,+,3,126073751,126082023
gpr31,Mauremys_mutica,SLC16A5,+,3,126089478,126133256
gpr31,Mauremys_mutica,CENPJ,+,3,126144838,126212023
gpr31,Mauremys_mutica,GPR31,-,3,126157488,126162561
gpr31,Mauremys_mutica,TTLL2,-,3,126215225,126225113
gpr31,Mauremys_mutica,UNC93A,-,3,126226287,126281848
gpr31,Mauremys_mutica,AFDN,+,3,126511794,126713401
gpr31,Mauremys_mutica,KIF25,+,3,126732327,126797114
gpr31,Mauremys_mutica,FRMD1,-,3,126831969,126907970
gpr31,Protopterus_annectens,LETM2,-,1.part0,1738226045,1739297420
gpr31,Protopterus_annectens,TAB2,+,1.part0,1739534069,1739902209
gpr31,Protopterus_annectens,ZC3H12D,-,1.part0,1740942869,1741124384
gpr31,Protopterus_annectens,PPIL4,-,1.part0,1741596291,1742210552
gpr31,Protopterus_annectens,GINM1,+,1.part0,1742333518,1742990085
gpr31,Protopterus_annectens,GPR31,+,1.part0,1743978060,1743979485
gpr31,Protopterus_annectens,TTLL2,-,1.part0,1744950073,1744996798
gpr31,Protopterus_annectens,UNC93A,-,1.part0,1745294081,1745838543
gpr31,Protopterus_annectens,LRP11,-,1.part0,1746387379,1747117769
gpr31,Protopterus_annectens,IGF2R,+,1.part0,1747364341,1749736684
gpr31,Protopterus_annectens,CYTH4,+,1.part0,1750027028,1750317881
gpr31-like,Poecilia_reticulata,LPA,+,LG21,4823354,4840635
gpr31-like,Poecilia_reticulata,SLC22A2,-,LG21,4840772,4850282
gpr31-like,Poecilia_reticulata,SLC22A2,-,LG21,4851243,4858172
gpr31-like,Poecilia_reticulata,IGF2R,-,LG21,4858729,4902523
gpr31-like,Poecilia_reticulata,TTLL2,+,LG21,4906043,4910095
gpr31-like,Poecilia_reticulata,GPR31-LIKE,+,LG21,4919557,4928987
gpr31-like,Poecilia_reticulata,HCAR2,+,LG21,4930371,4936218
gpr31-like,Poecilia_reticulata,MSRAA,-,LG21,4955102,4991491
gpr31-like,Poecilia_reticulata,IFT172,-,LG21,5000102,5040730
gpr31-like,Poecilia_reticulata,DNAJC5GA,-,LG21,5042503,5061718
gpr31-like,Poecilia_reticulata,CAD,-,LG21,5062791,5089816
gpr31-like,Oreochromis_niloticus,SLC22A2,-,LG15,19980887,19987969
gpr31-like,Oreochromis_niloticus,IGF2R,-,LG15,19988943,20039138
gpr31-like,Oreochromis_niloticus,HCE1,+,LG15,20041510,20046285
gpr31-like,Oreochromis_niloticus,TTLL2,+,LG15,20046423,20053502
gpr31-like,Oreochromis_niloticus,MYOSIN HEAD,-,LG15,20056584,20058921
gpr31-like,Oreochromis_niloticus,GPR31-LIKE,+,LG15,20081771,20085898
gpr31-like,Oreochromis_niloticus,HCAR2,+,LG15,20095132,20099924
gpr31-like,Oreochromis_niloticus,MSRAA,-,LG15,20118996,20172091
gpr31-like,Oreochromis_niloticus,XNF7,+,LG15,20187940,20190509
gpr31-like,Oreochromis_niloticus,IFT172,-,LG15,20190130,20246483
gpr31-like,Oreochromis_niloticus,CAD,+,LG15,20246386,20270934
gpr31-like,Myxocyprinus_asiaticus,MOXD2,+,25,7297212,7311869
gpr31-like,Myxocyprinus_asiaticus,DUSP23A,+,25,7312665,7315211
gpr31-like,Myxocyprinus_asiaticus,AFDN,-,25,7316446,7496699
gpr31-like,Myxocyprinus_asiaticus,UNC93A,+,25,7523488,7529152
gpr31-like,Myxocyprinus_asiaticus,TTLL2,+,25,7531496,7534195
gpr31-like,Myxocyprinus_asiaticus,GPR31-LIKE,+,25,7543614,7548045
gpr31-like,Myxocyprinus_asiaticus,PLG,+,25,7568639,7590523
gpr31-like,Myxocyprinus_asiaticus,SLC22A2,-,25,7591502,7599456
gpr31-like,Myxocyprinus_asiaticus,IGF2R,-,25,7600407,7668759
gpr31-like,Myxocyprinus_asiaticus,TDRD15,-,25,7670011,7677777
gpr31-like,Myxocyprinus_asiaticus,RFX6,+,25,7696052,7716065
gpr31-like,Xiphophorus_maculatus,COL12A1,+,15,2483939,2493726
gpr31-like,Xiphophorus_maculatus,SLC22A2,-,15,2491885,2501617
gpr31-like,Xiphophorus_maculatus,SLC22A2,-,15,2501725,2509271
gpr31-like,Xiphophorus_maculatus,IGF2R,-,15,2511574,2564290
gpr31-like,Xiphophorus_maculatus,TTLL2,+,15,2567871,2572626
gpr31-like,Xiphophorus_maculatus,GPR31-LIKE,+,15,2582495,2585718
gpr31-like,Xiphophorus_maculatus,HCAR2,+,15,2594563,2597517
gpr31-like,Xiphophorus_maculatus,MSRAA,-,15,2604229,2639282
gpr31-like,Xiphophorus_maculatus,IFT172,-,15,2646987,2686643
gpr31-like,Xiphophorus_maculatus,DNAJC5GA,-,15,2692369,2705674
gpr31-like,Xiphophorus_maculatus,CAD,-,15,2708730,2739425
gpr31-like,Micropterus_dolomieu,PLG,+,LG10,23740396,23756853
gpr31-like,Micropterus_dolomieu,SLC22A2,-,LG10,23756856,23765049
gpr31-like,Micropterus_dolomieu,SLC22A2,-,LG10,23768468,23779187
gpr31-like,Micropterus_dolomieu,IGFR2,-,LG10,23780325,23866987
gpr31-like,Micropterus_dolomieu,TTLL2,+,LG10,23834456,23838453
gpr31-like,Micropterus_dolomieu,GPR31-LIKE,+,LG10,23853758,23857423
gpr31-like,Micropterus_dolomieu,MSRAA,-,LG10,23870825,23918069
gpr31-like,Micropterus_dolomieu,IFT172,-,LG10,23925433,23975280
gpr31-like,Micropterus_dolomieu,CAD,+,LG10,23977469,24004196
gpr31-like,Micropterus_dolomieu,DNAJC5GA,+,LG10,24005451,24024853
gpr31-like,Micropterus_dolomieu,TRIM54,+,LG10,24029374,24070176
ptafr,Homo_sapiens,THEMIS2,+,1,27872543,27886674
ptafr,Homo_sapiens,RPA2,-,1,27891523,27914796
ptafr,Homo_sapiens,SMPDL3B,+,1,27934999,27959151
ptafr,Homo_sapiens,XKR8,+,1,27959972,27968092
ptafr,Homo_sapiens,EYA3,-,1,27970343,28088609
ptafr,Homo_sapiens,PTAFR,-,1,28147165,28193855
ptafr,Homo_sapiens,DNAJC8,-,1,28200277,28233028
ptafr,Homo_sapiens,ATP5IF1,+,1,28236123,28238099
ptafr,Homo_sapiens,SESN2,+,1,28259517,28282490
ptafr,Homo_sapiens,MED18,+,1,28329039,28335964
ptafr,Homo_sapiens,PHACTR4,+,1,28369739,28500363
ptafr,Monodelphis_domestica,PHACTR4,-,4,377368364,377483715
ptafr,Monodelphis_domestica,MED18,-,4,377533211,377536517
ptafr,Monodelphis_domestica,SESN2,-,4,377587815,377615858
ptafr,Monodelphis_domestica,ATP5IF1,-,4,377627854,377636963
ptafr,Monodelphis_domestica,DNAJC8,+,4,377636895,377665031
ptafr,Monodelphis_domestica,PTAFR,+,4,377677450,377706480
ptafr,Monodelphis_domestica,EYA3,+,4,377795860,377908566
ptafr,Monodelphis_domestica,XKR8,-,4,377909876,377917577
ptafr,Monodelphis_domestica,SMPDL3B,-,4,377919652,377962483
ptafr,Monodelphis_domestica,RPA2,+,4,378009081,378020596
ptafr,Monodelphis_domestica,SMPDL3B,-,4,378047394,378104681
ptafr,Gallus_gallus,THEMIS2,+,23,1826522,1830902
ptafr,Gallus_gallus,RPA2,-,23,1832393,1836214
ptafr,Gallus_gallus,SMPDL3B,+,23,1836407,1842224
ptafr,Gallus_gallus,XKR8,+,23,1842357,1844376
ptafr,Gallus_gallus,EYA3,-,23,1844893,1889436
ptafr,Gallus_gallus,PTAFR,-,23,1874553,1896566
ptafr,Gallus_gallus,DNAJC8,-,23,1903735,1917562
ptafr,Gallus_gallus,ATPIF1,+,23,1917617,1918414
ptafr,Gallus_gallus,HNRNPR,+,23,1924458,1946233
ptafr,Gallus_gallus,HTR1D,+,23,2003495,2018957
ptafr,Gallus_gallus,DUF6475,-,23,2022250,2025115
ptafr,Chelonia_mydas,RPA2,-,19,18470816,18482351
ptafr,Chelonia_mydas,SMPDL3B,+,19,18487361,18511241
ptafr,Chelonia_mydas,XKR8,+,19,18519204,18525215
ptafr,Chelonia_mydas,EYA3,-,19,18531389,18673309
ptafr,Chelonia_mydas,GT-3A,-,19,18684315,18686392
ptafr,Chelonia_mydas,PTAFR,-,19,18696381,18735184
ptafr,Chelonia_mydas,DNAJC8,-,19,18747539,18767388
ptafr,Chelonia_mydas,ATP5IF1,+,19,18795894,18797637
ptafr,Chelonia_mydas,HNRNPR,+,19,18819961,18910110
ptafr,Chelonia_mydas,HTR1D,+,19,19069359,19083079
ptafr,Chelonia_mydas,LUZP1,+,19,19121717,19193474
ptafr,Xenopus_tropicalis,ZCCHC17,-,2,79139634,79151014
ptafr,Xenopus_tropicalis,SNRNP40,+,2,79151274,79157312
ptafr,Xenopus_tropicalis,NKAIN1,+,2,79168080,79187097
ptafr,Xenopus_tropicalis,PUM1,+,2,79199387,79241203
ptafr,Xenopus_tropicalis,DNAJC8,+,2,79255854,79274839
ptafr,Xenopus_tropicalis,PTAFR,+,2,79281784,79296350
ptafr,Xenopus_tropicalis,EYA3,+,2,79320070,79403661
ptafr,Xenopus_tropicalis,XKR8,-,2,79406666,79413616
ptafr,Xenopus_tropicalis,SMPDL3B,-,2,79424420,79445622
ptafr,Xenopus_tropicalis,RPA2,+,2,79456244,79463758
ptafr,Xenopus_tropicalis,THEMIS2,-,2,79464114,79480437
ptafr,Protopterus_annectens,CYGB1,-,1.part1,1544820593,1544826140
ptafr,Protopterus_annectens,CYGB1,+,1.part1,1544837824,1544843431
ptafr,Protopterus_annectens,CYGB1,+,1.part1,1544905094,1544911004
ptafr,Protopterus_annectens,TCHHL1,+,1.part1,1545280164,1545282125
ptafr,Protopterus_annectens,TCHHL1,+,1.part1,1545282469,1545284137
ptafr,Protopterus_annectens,PTAFR,-,1.part1,1545658212,1545805459
ptafr,Protopterus_annectens,MYOSIN HEAD,+,1.part1,1545970549,1545971784
ptafr,Protopterus_annectens,DNAJC8,-,1.part1,1546815430,1547226605
ptafr,Protopterus_annectens,RUNX3,+,1.part1,1553214465,1553639109
ptafr,Protopterus_annectens,CLIC4,-,1.part1,1554912216,1556217693
ptafr,Protopterus_annectens,SRRM1,-,1.part1,1556435315,1558037595
ptafr,Latimeria_chalumnae,RBFOX1L,-,27,385772,444987
ptafr,Latimeria_chalumnae,CTSL.1,+,27,425976,540984
ptafr,Latimeria_chalumnae,JOSD2,-,27,463393,469954
ptafr,Latimeria_chalumnae,QKIA,-,27,664432,746619
ptafr,Latimeria_chalumnae,PACRG,-,27,768580,923373
ptafr,Latimeria_chalumnae,PTAFR,-,27,1025787,1030574
ptafr,Latimeria_chalumnae,DNAJC8,-,27,1036650,1052993
ptafr,Latimeria_chalumnae,ATP5IF1,+,27,1053081,1057071
ptafr,Latimeria_chalumnae,HNRNPR,+,27,1065994,1104373
ptafr,Latimeria_chalumnae,HTR1D,+,27,1392058,1393194
ptafr,Latimeria_chalumnae,LUZP1,+,27,1690956,1735195
ptafr,Megalops_cyprinoides,HNRNPR,+,12,13616266,13631169
ptafr,Megalops_cyprinoides,HTR1D,+,12,13751986,13774732
ptafr,Megalops_cyprinoides,LUZP1,+,12,13829434,13877946
ptafr,Megalops_cyprinoides,KDM1A,-,12,13885110,13905857
ptafr,Megalops_cyprinoides,TMEM30B,+,12,13906246,13912249
ptafr,Megalops_cyprinoides,PTAFR,+,12,13927867,13929831
ptafr,Megalops_cyprinoides,FCRL3,-,12,13942097,13947707
ptafr,Megalops_cyprinoides,PACRG,+,12,14007228,14113499
ptafr,Megalops_cyprinoides,QKIA,+,12,14123519,14192743
ptafr,Megalops_cyprinoides,GPX3,-,12,14290225,14295061
ptafr,Megalops_cyprinoides,CTSL.1,-,12,14300926,14308158
ptafr,Scyliorhinus_canicula,TTLL2,-,1,175539700,175551343
ptafr,Scyliorhinus_canicula,UNC93A,-,1,175587968,175738939
ptafr,Scyliorhinus_canicula,UNC93A,-,1,175774232,175903873
ptafr,Scyliorhinus_canicula,AFDNA,+,1,176447285,176700931
ptafr,Scyliorhinus_canicula,KIF25,+,1,176711940,176960444
ptafr,Scyliorhinus_canicula,PTAFR,-,1,177003563,177005225
ptafr,Scyliorhinus_canicula,PTAFR,+,1,177056963,177060288
ptafr,Scyliorhinus_canicula,IGF2R,+,1,177215732,177430384
ptafr,Scyliorhinus_canicula,SLC22A2,+,1,177470274,177511852
ptafr,Scyliorhinus_canicula,SLC22A2,+,1,177538585,177596938
ptafr,Scyliorhinus_canicula,PLG,-,1,177611322,177855933
ptafr,Scyliorhinus_canicula,PLG,-,1,177934023,178094212
ptafr-like,Felis_catus,GJB4,+,C1,26581494,26584142
ptafr-like,Felis_catus,GJB3,+,C1,26601974,26607726
ptafr-like,Felis_catus,GJA4,+,C1,26615373,26616868
ptafr-like,Felis_catus,SMIM12,-,C1,26668134,26672129
ptafr-like,Felis_catus,DLGAP3,-,C1,26676910,26739260
ptafr-like,Felis_catus,PTAFR-LIKE,-,C1,26776381,26777388
ptafr-like,Felis_catus,TMEM35B,-,C1,26781427,26784690
ptafr-like,Felis_catus,ZMYM6,-,C1,26786046,26905466
ptafr-like,Felis_catus,ZMYM1,+,C1,26846612,26872580
ptafr-like,Felis_catus,SFPQ,-,C1,26903178,26919960
ptafr-like,Felis_catus,ZMYM4,+,C1,26974568,27122101
ptafr-like,Monodelphis_domestica,GJB4,+,4,360770229,360774812
ptafr-like,Monodelphis_domestica,GJB3,+,4,360803105,360808561
ptafr-like,Monodelphis_domestica,GJA4,+,4,360817335,360821230
ptafr-like,Monodelphis_domestica,SMIM12,-,4,360873059,360877876
ptafr-like,Monodelphis_domestica,DLGAP3,-,4,360879836,360967508
ptafr-like,Monodelphis_domestica,PTAFR-LIKE,-,4,360971758,360973545
ptafr-like,Monodelphis_domestica,TMEM35B,-,4,360979950,361007946
ptafr-like,Monodelphis_domestica,SFPQ,-,4,361034569,361053709
ptafr-like,Monodelphis_domestica,ZMYM4,+,4,361144567,361286971
ptafr-like,Monodelphis_domestica,IFI27L2A,-,4,361314480,361316308
ptafr-like,Monodelphis_domestica,KIAA0319L,-,4,361331172,361436554
ptafr-like,Gallus_gallus,IFI27L2,+,23,4701711,4705880
ptafr-like,Gallus_gallus,MYOSIN HEAD,+,23,4702506,4703966
ptafr-like,Gallus_gallus,ZMYM4,-,23,4708414,4743447
ptafr-like,Gallus_gallus,SFPQ,+,23,4753836,4768450
ptafr-like,Gallus_gallus,TMEM35B,+,23,4771283,4772130
ptafr-like,Gallus_gallus,PTAFR-LIKE,+,23,4773715,4774686
ptafr-like,Gallus_gallus,DLGAP3,+,23,4775212,4800967
ptafr-like,Gallus_gallus,SMIM12,+,23,4801491,4802800
ptafr-like,Gallus_gallus,GJA4,-,23,4808061,4810946
ptafr-like,Gallus_gallus,GJB3,-,23,4812786,4817158
ptafr-like,Gallus_gallus,GJB5,-,23,4820753,4823202
ptafr-like,Chelonia_mydas,IFI27L2A,+,19,3708886,3734372
ptafr-like,Chelonia_mydas,IFI6,+,19,3743524,3748723
ptafr-like,Chelonia_mydas,ZMYM4,-,19,3764275,3820048
ptafr-like,Chelonia_mydas,SFPQ,+,19,3841194,3857618
ptafr-like,Chelonia_mydas,TMEM35B,+,19,3869083,3876362
ptafr-like,Chelonia_mydas,PTAFR-LIKE,+,19,3893630,3894640
ptafr-like,Chelonia_mydas,DLGAP3,+,19,3920649,4057451
ptafr-like,Chelonia_mydas,SMIM12,+,19,4062142,4065429
ptafr-like,Chelonia_mydas,GJA4,-,19,4084728,4098514
ptafr-like,Chelonia_mydas,GJB3,-,19,4097964,4128416
ptafr-like,Chelonia_mydas,GJB5,-,19,4134048,4143517
ptafr-like,Ambystoma_mexicanum,DLGAP3,-,11,78181053,80041334
ptafr-like,Ambystoma_mexicanum,BRP2,-,11,80412296,80435684
ptafr-like,Ambystoma_mexicanum,MYOSIN HEAD,+,11,80967932,80969206
ptafr-like,Ambystoma_mexicanum,BPAC,-,11,81677733,81688085
ptafr-like,Ambystoma_mexicanum,BPAC,-,11,81776916,81785580
ptafr-like,Ambystoma_mexicanum,PTAFR-LIKE,-,11,81978919,82079844
ptafr-like,Ambystoma_mexicanum,TMEM35B,-,11,82144365,82222495
ptafr-like,Ambystoma_mexicanum,SFPQ,-,11,82766681,82788353
ptafr-like,Ambystoma_mexicanum,ZMYM4,+,11,83126827,85070598
ptafr-like,Ambystoma_mexicanum,ZNF706,+,11,85415609,85421811
ptafr-like,Ambystoma_mexicanum,MUC2,-,11,85457130,85459337
ptafr-like,Protopterus_annectens,DNAH6,-,1.part2,860828519,860991517
ptafr-like,Protopterus_annectens,MYOSIN HEAD,+,1.part2,861981056,862156405
ptafr-like,Protopterus_annectens,TCHH,+,1.part2,862162233,862423821
ptafr-like,Protopterus_annectens,SMIM12,-,1.part2,862909820,863087605
ptafr-like,Protopterus_annectens,DLGAP3,-,1.part2,863574697,865630601
ptafr-like,Protopterus_annectens,PTAFR-LIKE,-,1.part2,874380438,874741233
ptafr-like,Protopterus_annectens,ZNF706,-,1.part2,877056374,877287263
ptafr-like,Protopterus_annectens,IFI27L2A,+,1.part2,877308072,877494775
ptafr-like,Protopterus_annectens,ZMYM4,-,1.part2,877731535,880993384
ptafr-like,Protopterus_annectens,SFPQ,+,1.part2,881899420,882203796
ptafr-like,Protopterus_annectens,CCDC107,-,1.part2,882667537,883418046
ptafr-like,Latimeria_chalumnae,GJB3,+,27,11418531,11424822
ptafr-like,Latimeria_chalumnae,GJB3,+,27,11430811,11448432
ptafr-like,Latimeria_chalumnae,GJA4,+,27,11466301,11468533
ptafr-like,Latimeria_chalumnae,SMIM12,-,27,11498669,11507238
ptafr-like,Latimeria_chalumnae,DLGAP3,-,27,11533431,11587343
ptafr-like,Latimeria_chalumnae,PTAFR-LIKE,-,27,11882179,11887187
ptafr-like,Latimeria_chalumnae,TMEM35B,-,27,11948097,11967426
ptafr-like,Latimeria_chalumnae,SFPQ,-,27,11975883,12015733
ptafr-like,Latimeria_chalumnae,ZMYM4.1,+,27,12029553,12084225
ptafr-like,Latimeria_chalumnae,MYOSIN HEAD,+,27,12100568,12114848
ptafr-like,Latimeria_chalumnae,KIAA0319L,-,27,12166017,12209349
ptafr-like,Megalops_cyprinoides,CSMD1,-,12,12569712,12729033
ptafr-like,Megalops_cyprinoides,GJB4,+,12,12818438,12822850
ptafr-like,Megalops_cyprinoides,PEF1,+,12,12823665,12828308
ptafr-like,Megalops_cyprinoides,GJA6,-,12,12833192,12838025
ptafr-like,Megalops_cyprinoides,DLGAP3,+,12,12844889,12899637
ptafr-like,Megalops_cyprinoides,PTAFR-LIKE,-,12,12905012,12905974
ptafr-like,Megalops_cyprinoides,GALE,-,12,12909481,12917009
ptafr-like,Megalops_cyprinoides,HMGCL,-,12,12917541,12924277
ptafr-like,Megalops_cyprinoides,ZTTB8A,-,12,12933514,12938823
ptafr-like,Megalops_cyprinoides,PABPC4,+,12,12951178,12965105
ptafr-like,Megalops_cyprinoides,HOPX,-,12,12968058,12975543
ptafr-like,Scyliorhinus_canicula,IFI27L2A,+,1,139108867,139116557
ptafr-like,Scyliorhinus_canicula,IFI27L1,+,1,139119420,139162021
ptafr-like,Scyliorhinus_canicula,IFI27L2A,+,1,139214364,139268239
ptafr-like,Scyliorhinus_canicula,SMIM12,-,1,139256056,139261323
ptafr-like,Scyliorhinus_canicula,DLGAP3,-,1,139290945,140308403
ptafr-like,Scyliorhinus_canicula,PTAFR-LIKE,-,1,140771716,140785571
ptafr-like,Scyliorhinus_canicula,TMEM35B,-,1,140868663,140958649
ptafr-like,Scyliorhinus_canicula,SFPQ,-,1,141025743,141048157
ptafr-like,Scyliorhinus_canicula,ZMYM4,+,1,141065131,141450721
ptafr-like,Scyliorhinus_canicula,PRB,-,1,141608190,141609137
ptafr-like,Scyliorhinus_canicula,GJA4,-,1,141628083,141636609
gpr17,Homo_sapiens,MTIF2,-,2,127404103,127410353
gpr17,Homo_sapiens,PROC,+,2,127418426,127429241
gpr17,Homo_sapiens,IWS1,-,2,127480811,127527335
gpr17,Homo_sapiens,MYO7B,+,2,127535682,127637725
gpr17,Homo_sapiens,LIMS2,-,2,127638425,127681785
gpr17,Homo_sapiens,GPR17,+,2,127646152,127652638
gpr17,Homo_sapiens,WDR33,-,2,127701026,127811170
gpr17,Homo_sapiens,SFT2D3,+,2,127701496,127705241
gpr17,Homo_sapiens,POLR2D,-,2,127843552,127858154
gpr17,Homo_sapiens,AMMECR1L,-,2,127861629,127885955
gpr17,Homo_sapiens,SAP130,-,2,127941221,128028058
gpr17,Gallus_gallus,PROC,+,9,903312,912581
gpr17,Gallus_gallus,F9,+,9,912695,922353
gpr17,Gallus_gallus,IWS1,-,9,922490,939576
gpr17,Gallus_gallus,MYO7B,+,9,944921,996537
gpr17,Gallus_gallus,LIMS2,-,9,996882,1022127
gpr17,Gallus_gallus,GPR17,+,9,1006802,1013378
gpr17,Gallus_gallus,SFT2D3,+,9,1022987,1029293
gpr17,Gallus_gallus,WDR33,-,9,1026489,1088069
gpr17,Gallus_gallus,POLR2D,-,9,1088836,1092284
gpr17,Gallus_gallus,AMMECR1L,-,9,1096137,1110552
gpr17,Gallus_gallus,SAP130,-,9,1111375,1130912
gpr17,Chelonia_mydas,AMMECR1L,+,9,46401304,46419725
gpr17,Chelonia_mydas,POLR2D,+,9,46431045,46436036
gpr17,Chelonia_mydas,WDR33,+,9,46442813,46547099
gpr17,Chelonia_mydas,SFT2D3,-,9,46552732,46555675
gpr17,Chelonia_mydas,LIMS2,+,9,46565452,46622356
gpr17,Chelonia_mydas,GPR17,-,9,46590761,46608727
gpr17,Chelonia_mydas,MYO7B,-,9,46623955,46708383
gpr17,Chelonia_mydas,IWS1,+,9,46719351,46749037
gpr17,Chelonia_mydas,F9,-,9,46752065,46766258
gpr17,Chelonia_mydas,PROC,-,9,46771519,46788241
gpr17,Chelonia_mydas,DGKD,-,9,46796737,46882901
gpr17,Xenopus_tropicalis,DBNDD2,+,5,125357586,125365388
gpr17,Xenopus_tropicalis,POLR2D,-,5,125368753,125374626
gpr17,Xenopus_tropicalis,AMMECR1L,-,5,125376395,125387672
gpr17,Xenopus_tropicalis,SAP130,-,5,125393770,125417935
gpr17,Xenopus_tropicalis,WDR33,+,5,125431618,125481552
gpr17,Xenopus_tropicalis,GPR17,-,5,125485346,125489967
gpr17,Xenopus_tropicalis,MYO7B,-,5,125492488,125548896
gpr17,Xenopus_tropicalis,IWS1,+,5,125573997,125588920
gpr17,Xenopus_tropicalis,PROC.2,-,5,125592354,125608268
gpr17,Xenopus_tropicalis,PROC,-,5,125611957,125627200
gpr17,Xenopus_tropicalis,DGKD,-,5,125631674,125677524
gpr17,Protopterus_annectens1,SLC39A12,+,3.part0,127456683,128194460
gpr17,Protopterus_annectens1,CACNB2,+,3.part0,129749907,131652253
gpr17,Protopterus_annectens1,NSUN6,-,3.part0,131815802,132427475
gpr17,Protopterus_annectens1,MALRD1,+,3.part0,135208815,138426382
gpr17,Protopterus_annectens1,PLXDC2,+,3.part0,140987132,144332786
gpr17,Protopterus_annectens1,GPR17,+,3.part0,146849473,146850740
gpr17,Protopterus_annectens1,GSTA1,-,3.part0,147222267,147385479
gpr17,Protopterus_annectens1,GSTA1,+,3.part0,147501123,147964767
gpr17,Protopterus_annectens1,GPR17,-,3.part0,148245645,148247178
gpr17,Protopterus_annectens1,TMEM108,+,3.part0,150435738,152163412
gpr17,Protopterus_annectens1,BFSP2,+,3.part0,152199620,152433722
gpr17,Protopterus_annectens1,CDV3,+,3.part0,152516478,152649909
gpr17,Protopterus_annectens1,CCK,-,3.part0,154105316,154265956
gpr17,Protopterus_annectens1,GPR141,-,3.part0,157734642,158414174
gpr17,Protopterus_annectens2,MYO7A,+,4.part1,805747978,806699443
gpr17,Protopterus_annectens2,AMMECR1L,+,4.part1,806700607,807839205
gpr17,Protopterus_annectens2,WDR33,-,4.part1,808011547,809532775
gpr17,Protopterus_annectens2,ZBED5,-,4.part1,810245770,810247227
gpr17,Protopterus_annectens2,LIMS2,+,4.part1,810518258,811186391
gpr17,Protopterus_annectens2,GPR17,-,4.part1,810838983,810888941
gpr17,Protopterus_annectens2,MYO7B,+,4.part1,811189463,811337506
gpr17,Protopterus_annectens2,SAP130,-,4.part1,811802293,812349429
gpr17,Protopterus_annectens2,NICN1,+,4.part1,812349733,812875243
gpr17,Protopterus_annectens2,CASR,+,4.part1,813104725,813348455
gpr17,Protopterus_annectens2,CLDN15,+,4.part1,813487432,813892817
gpr17,Latimeria_chalumnae,TOPBP1,+,2,126860919,126947440
gpr17,Latimeria_chalumnae,CDV3,-,2,126965259,126980537
gpr17,Latimeria_chalumnae,BFSP2,-,2,127000306,127050633
gpr17,Latimeria_chalumnae,NUFIP1,-,2,127056787,127061195
gpr17,Latimeria_chalumnae,TMEM108,-,2,127089253,127135585
gpr17,Latimeria_chalumnae,GPR17,+,2,127587044,127588024
gpr17,Latimeria_chalumnae,NPHP3,+,2,127654486,127713930
gpr17,Latimeria_chalumnae,UBA5,-,2,127714410,127741434
gpr17,Latimeria_chalumnae,ACAD11,+,2,127742236,127877580
gpr17,Latimeria_chalumnae,ACKR4,-,2,127812507,127823417
gpr17,Latimeria_chalumnae,MYOSIN HEAD,-,2,127878489,127899181
gpr17,Danio_rerio,BACULO IE-1,-,6,30375048,30382661
gpr17,Danio_rerio,CEP63,+,6,30386761,30434525
gpr17,Danio_rerio,AMOTL2A,+,6,30491448,30500594
gpr17,Danio_rerio,SAP130A,+,6,30518233,30548161
gpr17,Danio_rerio,MYO7BA,+,6,30550452,30611889
gpr17,Danio_rerio,GPR17,+,6,30616322,30626969
gpr17,Danio_rerio,INPP5D,+,6,30639318,30690857
gpr17,Danio_rerio,LPP,+,6,30697351,31194614
gpr17,Danio_rerio,SMX5,+,6,30703909,30706689
gpr17,Danio_rerio,BCL6AA,-,6,30713601,30753843
gpr17,Danio_rerio,TPRG1,+,6,31256927,31294271
gpr17,Scyliorhinus_canicula,AQP12,-,13,65153560,65168429
gpr17,Scyliorhinus_canicula,PAK2,-,13,65188667,65261821
gpr17,Scyliorhinus_canicula,POLR2D,+,13,65292717,65301332
gpr17,Scyliorhinus_canicula,WDR33,+,13,65324399,65465717
gpr17,Scyliorhinus_canicula,LIMS2,+,13,65470927,65600475
gpr17,Scyliorhinus_canicula,GPR17,-,13,65528026,65551436
gpr17,Scyliorhinus_canicula,MYO7A,-,13,65600338,65870374
gpr17,Scyliorhinus_canicula,AMMECR1L,-,13,65926254,65986444
gpr17,Scyliorhinus_canicula,SAP130,-,13,66084929,66179378
gpr17,Scyliorhinus_canicula,TRIM11,+,13,66212547,66226998
gpr17,Scyliorhinus_canicula,MTERF4,+,13,66232512,66244659
gpr34,Homo_sapiens,MED14,-,X,40648304,40736158
gpr34,Homo_sapiens,USP9X,+,X,41085444,41236578
gpr34,Homo_sapiens,DDX3X,+,X,41333307,41364471
gpr34,Homo_sapiens,NYX,+,X,41447342,41475651
gpr34,Homo_sapiens,CASK,-,X,41514933,41923553
gpr34,Homo_sapiens,GPR34,+,X,41688972,41697274
gpr34,Homo_sapiens,GPR82,+,X,41724180,41730129
gpr34,Homo_sapiens,PPP1R2C,-,X,42777365,42778162
gpr34,Homo_sapiens,MAOA,+,X,43655005,43746816
gpr34,Homo_sapiens,MAOB,-,X,43766609,43882449
gpr34,Homo_sapiens,NDP,-,X,43948775,43973389
gpr34,Ornithorhynchus_anatinus,NDP,+,18,9265749,9286585
gpr34,Ornithorhynchus_anatinus,MAOB,+,18,9303653,9349279
gpr34,Ornithorhynchus_anatinus,MAOA,-,18,9357592,9476733
gpr34,Ornithorhynchus_anatinus,CASK,+,18,9795759,10116889
gpr34,Ornithorhynchus_anatinus,GPR82,-,18,9955417,9958143
gpr34,Ornithorhynchus_anatinus,GPR34,-,18,9973042,9994702
gpr34,Ornithorhynchus_anatinus,MYOSIN HEAD,-,18,10103998,10153099
gpr34,Ornithorhynchus_anatinus,NYX,-,18,10122160,10124602
gpr34,Ornithorhynchus_anatinus,DDX3X,-,18,10159373,10177439
gpr34,Ornithorhynchus_anatinus,USP9X,-,18,10219595,10348584
gpr34,Ornithorhynchus_anatinus,MED14,+,18,10408978,10459227
gpr34,Gallus_gallus,MROH5,+,1,111465736,111476692
gpr34,Gallus_gallus,MROH2A,+,1,111481041,111483260
gpr34,Gallus_gallus,HEATR7B1,+,1,111486034,111491005
gpr34,Gallus_gallus,CASK,+,1,111886732,112082127
gpr34,Gallus_gallus,GPR82,-,1,111979662,111982515
gpr34,Gallus_gallus,GPR34,-,1,111992464,111996462
gpr34,Gallus_gallus,NYX,-,1,112094296,112122492
gpr34,Gallus_gallus,DDX3X,-,1,112120025,112137465
gpr34,Gallus_gallus,RPL8,+,1,112163897,112167579
gpr34,Gallus_gallus,USP9,-,1,112176882,112275310
gpr34,Gallus_gallus,MTIF2,+,1,112275046,112277201
gpr34,Anolis_carolinensis,NDP,+,3,83903150,83939044
gpr34,Anolis_carolinensis,MAOB,+,3,83973321,84034560
gpr34,Anolis_carolinensis,MAOA,-,3,84055308,84111188
gpr34,Anolis_carolinensis,TY3,-,3,84352274,84357892
gpr34,Anolis_carolinensis,CASK,+,3,84851484,85043005
gpr34,Anolis_carolinensis,GPR34,-,3,84953497,84959323
gpr34,Anolis_carolinensis,NYX,-,3,85057541,85084928
gpr34,Anolis_carolinensis,DDX3X,-,3,85085068,85105429
gpr34,Anolis_carolinensis,RPL2,+,3,85144057,85150796
gpr34,Anolis_carolinensis,USP9X,-,3,85158696,85257103
gpr34,Anolis_carolinensis,MED14,+,3,85301379,85347185
gpr34,Xenopus_tropicalis,MAOB,+,2,56060572,56101548
gpr34,Xenopus_tropicalis,MAOA,-,2,56131829,56156288
gpr34,Xenopus_tropicalis,MAOA,-,2,56166764,56222352
gpr34,Xenopus_tropicalis,CASK,+,2,56483542,56655620
gpr34,Xenopus_tropicalis,GPR82,-,2,56549876,56554721
gpr34,Xenopus_tropicalis,GPR34,-,2,56562136,56568396
gpr34,Xenopus_tropicalis,NYX,-,2,56665681,56671121
gpr34,Xenopus_tropicalis,DDX3X,-,2,56682593,56700560
gpr34,Xenopus_tropicalis,RPL8,+,2,56726358,56733021
gpr34,Xenopus_tropicalis,USP9X,-,2,56745562,56861079
gpr34,Xenopus_tropicalis,MED14,+,2,56890250,56927292
gpr34,Protopterus_annectens,MED14,-,5.part0,356267250,358139461
gpr34,Protopterus_annectens,USP9X,+,5.part0,359851132,364888824
gpr34,Protopterus_annectens,DDX3X,-,5.part0,366601056,368465864
gpr34,Protopterus_annectens,NYX,+,5.part0,368669550,368732884
gpr34,Protopterus_annectens,CASK,-,5.part0,368866747,372998934
gpr34,Protopterus_annectens,GPR34,+,5.part0,370650337,370730897
gpr34,Protopterus_annectens,GPR82,+,5.part0,370777955,370899911
gpr34,Protopterus_annectens,GPR82,+,5.part0,371114873,371173599
gpr34,Protopterus_annectens,STOML3,-,5.part0,374472431,374749508
gpr34,Protopterus_annectens,ARL6,+,5.part0,374943637,375504478
gpr34,Protopterus_annectens,MYOSIN HEAD,+,5.part0,375888083,377129169
gpr34,Latimeria_chalumnae,NDP,+,4,39529585,39543285
gpr34,Latimeria_chalumnae,MAO,+,4,39554273,39671358
gpr34,Latimeria_chalumnae,MAOA,+,4,39683292,39775951
gpr34,Latimeria_chalumnae,DUF4371,-,4,40142073,40161613
gpr34,Latimeria_chalumnae,CASKA,+,4,40232994,40860487
gpr34,Latimeria_chalumnae,GPR34,-,4,40615475,40616545
gpr34,Latimeria_chalumnae,NYX,-,4,40918582,40940647
gpr34,Latimeria_chalumnae,DDX3XA,-,4,40962201,41015172
gpr34,Latimeria_chalumnae,RPL8,+,4,41056649,41067537
gpr34,Latimeria_chalumnae,USP9,-,4,41082098,41332624
gpr34,Latimeria_chalumnae,MED14,+,4,41375986,41460769
gpr34,Erpetoichthys_calabaricus,NDP,+,4,124941599,125027081
gpr34,Erpetoichthys_calabaricus,MAO,+,4,125162252,125329755
gpr34,Erpetoichthys_calabaricus,SL4P,-,4,125617492,125622557
gpr34,Erpetoichthys_calabaricus,CASKA,+,4,126579035,127243493
gpr34,Erpetoichthys_calabaricus,GPR82,-,4,126873996,126922379
gpr34,Erpetoichthys_calabaricus,GPR34,-,4,126955602,126961199
gpr34,Erpetoichthys_calabaricus,NYX,-,4,127305665,127353546
gpr34,Erpetoichthys_calabaricus,DDX3XA,-,4,127378487,127460245
gpr34,Erpetoichthys_calabaricus,RPL8,+,4,127526004,127533302
gpr34,Erpetoichthys_calabaricus,UCHL5,-,4,127540341,127770079
gpr34,Erpetoichthys_calabaricus,UCHL5,-,4,127802653,128223049
gpr34,Scyliorhinus_canicula,KDM6A,-,7,56848874,57183815
gpr34,Scyliorhinus_canicula,FUNDC1,+,7,57183738,57243834
gpr34,Scyliorhinus_canicula,EFHC2,+,7,57261479,57479976
gpr34,Scyliorhinus_canicula,MAO,+,7,57615941,57843712
gpr34,Scyliorhinus_canicula,CASKA,+,7,58498648,59239325
gpr34,Scyliorhinus_canicula,GPR34,-,7,58800811,58844005
gpr34,Scyliorhinus_canicula,NYX,-,7,59244107,59250035
gpr34,Scyliorhinus_canicula,DDX3X,-,7,59274481,59323871
gpr34,Scyliorhinus_canicula,RPL8,+,7,59388721,59400043
gpr34,Scyliorhinus_canicula,USP9,-,7,59445594,59825416
gpr34,Scyliorhinus_canicula,MED14,+,7,59955007,60060115
gpr34-like,Ornithorhynchus_anatinus,F8,+,6,13720319,13775953
gpr34-like,Ornithorhynchus_anatinus,SMIM9,+,6,13780403,13792387
gpr34-like,Ornithorhynchus_anatinus,MPP1,+,6,13797067,13851798
gpr34-like,Ornithorhynchus_anatinus,DKC1,-,6,13852975,13866909
gpr34-like,Ornithorhynchus_anatinus,F8A1,-,6,13873038,13876461
gpr34-like,Ornithorhynchus_anatinus,GPR34-LIKE,+,6,13891754,13902825
gpr34-like,Ornithorhynchus_anatinus,TMLHE,-,6,13918712,13952457
gpr34-like,Ornithorhynchus_anatinus,SPRY3,+,6,14073641,14090430
gpr34-like,Ornithorhynchus_anatinus,POU4F3,+,6,14297747,14300293
gpr34-like,Ornithorhynchus_anatinus,EDNRB,+,6,14511287,14538271
gpr34-like,Ornithorhynchus_anatinus,POLR1C,-,6,14543922,14556511
gpr34-like,Oxyura_jamaicensis,FUNDC2,-,4,10016590,10022857
gpr34-like,Oxyura_jamaicensis,F8,+,4,10029364,10051486
gpr34-like,Oxyura_jamaicensis,MPP1,+,4,10055409,10070513
gpr34-like,Oxyura_jamaicensis,DKC1,-,4,10070885,10081241
gpr34-like,Oxyura_jamaicensis,HAP1,-,4,10081484,10083047
gpr34-like,Oxyura_jamaicensis,GPR34-LIKE,+,4,10084655,10089232
gpr34-like,Oxyura_jamaicensis,TRMT2B,+,4,10091031,10098337
gpr34-like,Oxyura_jamaicensis,CENPI,+,4,10091739,10121852
gpr34-like,Oxyura_jamaicensis,TMEM35A,+,4,10099354,10102411
gpr34-like,Oxyura_jamaicensis,DRP2,+,4,10130988,10152263
gpr34-like,Oxyura_jamaicensis,BTK,-,4,10149193,10179498
gpr34-like,Gallus_gallus,AIPL1,+,4,2007737,2011653
gpr34-like,Gallus_gallus,DRP2,-,4,2012110,2030412
gpr34-like,Gallus_gallus,CENPI,-,4,2035200,2052316
gpr34-like,Gallus_gallus,TMEM35A,-,4,2054319,2057505
gpr34-like,Gallus_gallus,TRMT2B,-,4,2058834,2065641
gpr34-like,Gallus_gallus,GPR34-LIKE,-,4,2066327,2069720
gpr34-like,Gallus_gallus,F8A3,+,4,2071576,2072846
gpr34-like,Gallus_gallus,DKC1,+,4,2072978,2082148
gpr34-like,Gallus_gallus,MPP1,-,4,2082464,2097067
gpr34-like,Gallus_gallus,SMIM9,-,4,2098017,2100194
gpr34-like,Gallus_gallus,F8,-,4,2101057,2120536
gpr34-like,Anolis_carolinensis,POLR1C,+,-,10807856,10812639
gpr34-like,Anolis_carolinensis,EDNRB,-,-,10814633,10840504
gpr34-like,Anolis_carolinensis,POU3F3,-,-,10943549,10946539
gpr34-like,Anolis_carolinensis,SPRY3,-,-,11017874,11036558
gpr34-like,Anolis_carolinensis,TMLHE,+,-,11061717,11084056
gpr34-like,Anolis_carolinensis,GPR34-LIKE,-,-,11085326,11091015
gpr34-like,Anolis_carolinensis,HIP40,+,-,11091044,11092868
gpr34-like,Anolis_carolinensis,DKC1,+,-,11094042,11108109
gpr34-like,Anolis_carolinensis,MPPL,-,-,11108932,11142388
gpr34-like,Anolis_carolinensis,SMIM9,-,-,11144455,11152574
gpr34-like,Anolis_carolinensis,TY3,-,-,11180062,11185386
gpr34-like,Xenopus_tropicalis,GPR174,-,8,64573556,64578786
gpr34-like,Xenopus_tropicalis,SRPX2,+,8,64598128,64619908
gpr34-like,Xenopus_tropicalis,SYTL4,-,8,64620039,64659500
gpr34-like,Xenopus_tropicalis,EOLA1,-,8,64677503,64679538
gpr34-like,Xenopus_tropicalis,ZNF282,-,8,64864231,64885526
gpr34-like,Xenopus_tropicalis,GPR34-LIKE,+,8,64915754,64925434
gpr34-like,Xenopus_tropicalis,TMLHE,-,8,64932699,64953956
gpr34-like,Xenopus_tropicalis,IGHA2,+,8,64954008,64994887
gpr34-like,Xenopus_tropicalis,SPRY3,+,8,65036598,65044934
gpr34-like,Xenopus_tropicalis,POU4F4,+,8,65187631,65190317
gpr34-like,Xenopus_tropicalis,EDNRB2,+,8,65346865,65365368
gpr34-like,Onychostoma_macrolepis,CMC4,-,21,3435243,3437175
gpr34-like,Onychostoma_macrolepis,BRCC3,+,21,3437479,3441384
gpr34-like,Onychostoma_macrolepis,GABRA3,-,21,3554650,3767462
gpr34-like,Onychostoma_macrolepis,GABRB4,+,21,3888132,3941617
gpr34-like,Onychostoma_macrolepis,PGBD2,+,21,4008225,4009526
gpr34-like,Onychostoma_macrolepis,GPR34-LIKE,-,21,4063647,4066615
gpr34-like,Onychostoma_macrolepis,MPP1,+,21,4080008,4094726
gpr34-like,Onychostoma_macrolepis,NDFIP1L,+,21,4099358,4110135
gpr34-like,Onychostoma_macrolepis,SPRY4,-,21,4157088,4162327
gpr34-like,Onychostoma_macrolepis,FGF1B,-,21,4191201,4193399
gpr34-like,Onychostoma_macrolepis,ARHGAP26,+,21,4202809,4304052
gpr34-like,Lepisosteus_oculatus,MAOB,+,8,35633879,35662895
gpr34-like,Lepisosteus_oculatus,GABRA3,-,8,35759263,35911161
gpr34-like,Lepisosteus_oculatus,GABRB4,+,8,36003204,36112811
gpr34-like,Lepisosteus_oculatus,VSIG1,+,8,36129244,36149328
gpr34-like,Lepisosteus_oculatus,SYTL2,+,8,36151361,36170394
gpr34-like,Lepisosteus_oculatus,GPR34-LIKE,-,8,36170454,36173062
gpr34-like,Lepisosteus_oculatus,MPP1,+,8,36190558,36219033
gpr34-like,Lepisosteus_oculatus,DKC1,-,8,36219970,36229864
gpr34-like,Lepisosteus_oculatus,TMLHE,-,8,36234114,36247868
gpr34-like,Lepisosteus_oculatus,TAF9,+,8,36254093,36261963
gpr34-like,Lepisosteus_oculatus,HTR2A,+,8,36604658,36765928
gpr34-like,Electrophorus_electricus,CMC4,-,6,17582815,17584154
gpr34-like,Electrophorus_electricus,BRCC3,+,6,17584369,17587646
gpr34-like,Electrophorus_electricus,GABRA3,-,6,17640343,17721042
gpr34-like,Electrophorus_electricus,GABRB4,+,6,17781428,17827848
gpr34-like,Electrophorus_electricus,VSIG1,+,6,17837983,17842276
gpr34-like,Electrophorus_electricus,GPR34-LIKE,-,6,17846361,17848479
gpr34-like,Electrophorus_electricus,MPP1,+,6,17857867,17873866
gpr34-like,Electrophorus_electricus,DKC1,-,6,17874046,17881188
gpr34-like,Electrophorus_electricus,PCYT1BB,+,6,17884025,17887841
gpr34-like,Electrophorus_electricus,PDK3B,-,6,17887292,17896520
gpr34-like,Electrophorus_electricus,OSTA,-,6,17900342,17904275
gpr34-like,Carcharodon_carcharias,SPRY2,+,9,102396833,102424490
gpr34-like,Carcharodon_carcharias,RRAGA,-,9,102945262,102964178
gpr34-like,Carcharodon_carcharias,TMLHE,+,9,102969232,102987260
gpr34-like,Carcharodon_carcharias,DKC1,+,9,102995548,103012348
gpr34-like,Carcharodon_carcharias,MPP1,-,9,103028976,103097012
gpr34-like,Carcharodon_carcharias,GPR34-LIKE,+,9,103222368,103237767
gpr34-like,Carcharodon_carcharias,MAO,-,9,103260499,103336395
gpr34-like,Carcharodon_carcharias,BRCC3,-,9,103338308,103365590
gpr34-like,Carcharodon_carcharias,CMC4,+,9,103365470,103374167
gpr34-like,Carcharodon_carcharias,FUNDC2,-,9,103377828,103396554
gpr34-like,Carcharodon_carcharias,F8,+,9,103490412,103586421
gpr87,Homo_sapiens,MINDY4B,-,3,150870375,150905438
gpr87,Homo_sapiens,CLRN1,-,3,150926162,150972998
gpr87,Homo_sapiens,MED12L,+,3,151085663,151436652
gpr87,Homo_sapiens,GPR171,-,3,151197753,151203215
gpr87,Homo_sapiens,P2RY14,-,3,151212116,151278541
gpr87,Homo_sapiens,GPR87,-,3,151294085,151316819
gpr87,Homo_sapiens,P2RY13,-,3,151326311,151329548
gpr87,Homo_sapiens,P2RY12,-,3,151336842,151384752
gpr87,Homo_sapiens,IGSF10,-,3,151432431,151619924
gpr87,Homo_sapiens,AADACL2,+,3,151733926,151761338
gpr87,Homo_sapiens,AADAC,+,3,151814115,151828487
gpr87,Ornithorhynchus_anatinus,SIAH2,-,1,109047855,109075664
gpr87,Ornithorhynchus_anatinus,CLRN1,-,1,109200446,109222106
gpr87,Ornithorhynchus_anatinus,MED12L,+,1,109316130,109837608
gpr87,Ornithorhynchus_anatinus,GPR171,-,1,109450741,109456631
gpr87,Ornithorhynchus_anatinus,P2RY14,-,1,109472332,109546766
gpr87,Ornithorhynchus_anatinus,GPR87,-,1,109584336,109625166
gpr87,Ornithorhynchus_anatinus,P2RY13,-,1,109649350,109651158
gpr87,Ornithorhynchus_anatinus,P2RY12,-,1,109664926,109765981
gpr87,Ornithorhynchus_anatinus,IGSF10,-,1,109837308,109867312
gpr87,Ornithorhynchus_anatinus,AADAC,-,1,110068405,110110682
gpr87,Ornithorhynchus_anatinus,SUCNR1,+,1,110169025,110180682
gpr87,Gallus_gallus,AADAC,-,9,23149762,23159319
gpr87,Gallus_gallus,IGSF10,+,9,23187428,23199749
gpr87,Gallus_gallus,MED12L,-,9,23201385,23314495
gpr87,Gallus_gallus,P2RY12,+,9,23233523,23239709
gpr87,Gallus_gallus,P2RY13,+,9,23238000,23239709
gpr87,Gallus_gallus,GPR87,+,9,23244990,23254498
gpr87,Gallus_gallus,P2RY14,+,9,23264217,23271373
gpr87,Gallus_gallus,GPR171,+,9,23273571,23276584
gpr87,Gallus_gallus,CLRN1,+,9,23303612,23313168
gpr87,Gallus_gallus,MINDY4B,+,9,23312038,23319084
gpr87,Gallus_gallus,SIAH2,+,9,23322733,23327573
gpr87,Chelonia_mydas,AADAC,-,9,26576878,26612791
gpr87,Chelonia_mydas,IGSF10,+,9,26767715,26792037
gpr87,Chelonia_mydas,MED12L,-,9,26792171,27123127
gpr87,Chelonia_mydas,P2RY12,+,9,26878946,26900151
gpr87,Chelonia_mydas,P2RY13,+,9,26921184,26923429
gpr87,Chelonia_mydas,GPR87,+,9,26947222,26952402
gpr87,Chelonia_mydas,P2RY14,+,9,26984766,27002343
gpr87,Chelonia_mydas,GPR171,+,9,27009466,27013390
gpr87,Chelonia_mydas,CLRN1,+,9,27149940,27165054
gpr87,Chelonia_mydas,MINDY4B,+,9,27177435,27203038
gpr87,Chelonia_mydas,SIAH2,+,9,27224232,27245014
gpr87,Lacerta_agilis,MINDY4B,-,5,72984442,73003581
gpr87,Lacerta_agilis,CLRN1,-,5,73018824,73026987
gpr87,Lacerta_agilis,MED12L,+,5,73037432,73214693
gpr87,Lacerta_agilis,GPR171,-,5,73084019,73085075
gpr87,Lacerta_agilis,P2RY14,-,5,73095769,73096884
gpr87,Lacerta_agilis,GPR87,-,5,73105911,73124126
gpr87,Lacerta_agilis,P2RY13,-,5,73129059,73131660
gpr87,Lacerta_agilis,P2RY12,-,5,73137491,73158746
gpr87,Lacerta_agilis,IGSF10,-,5,73219640,73238277
gpr87,Lacerta_agilis,AADAC,+,5,73308435,73328562
gpr87,Lacerta_agilis,SUCNR1,+,5,73369661,73374024
gpr87,Xenopus_tropicalis,XB5844514,+,5,117791333,117797203
gpr87,Xenopus_tropicalis,AADAC,-,5,117801560,117812121
gpr87,Xenopus_tropicalis,IGSF10,+,5,117915734,117943873
gpr87,Xenopus_tropicalis,P2RY12,+,5,117991906,118019183
gpr87,Xenopus_tropicalis,P2RY13,+,5,118034053,118040963
gpr87,Xenopus_tropicalis,GPR87,+,5,118042438,118054949
gpr87,Xenopus_tropicalis,P2RY14,+,5,118070274,118079452
gpr87,Xenopus_tropicalis,GPR171,+,5,118196315,118201288
gpr87,Xenopus_tropicalis,CLRN1,+,5,118238866,118250994
gpr87,Xenopus_tropicalis,MINDY4B,+,5,118260251,118282083
gpr87,Xenopus_tropicalis,SIAH2,+,5,118284204,118292622
gpr87,Latimeria_chalumnae,BLANK,-,8,1,2
gpr87,Latimeria_chalumnae,BLANK,-,8,3,4
gpr87,Latimeria_chalumnae,CLRN1,-,8,34647,73854
gpr87,Latimeria_chalumnae,MED12L,+,8,85534,372218
gpr87,Latimeria_chalumnae,GPR171,-,8,178783,179712
gpr87,Latimeria_chalumnae,GPR87,-,8,179717,222147
gpr87,Latimeria_chalumnae,P2RY13,-,8,224915,226026
gpr87,Latimeria_chalumnae,P2RY12,-,8,265584,275004
gpr87,Latimeria_chalumnae,IGSF10,-,8,412455,443282
gpr87,Latimeria_chalumnae,AADAC,+,8,552084,664750
gpr87,Latimeria_chalumnae,SUCNR1,-,8,668913,681686
gpr87,Anguilla_anguilla,EIF4G1,-,12,17958894,18002388
gpr87,Anguilla_anguilla,PSMD2,-,12,18003146,18013928
gpr87,Anguilla_anguilla,SRPRB,+,12,18014715,18018565
gpr87,Anguilla_anguilla,WDR53,-,12,18022417,18026534
gpr87,Anguilla_anguilla,NEU4,+,12,18028950,18031158
gpr87,Anguilla_anguilla,GPR87,-,12,18034066,18037870
gpr87,Anguilla_anguilla,P2RY13,-,12,18039722,18044231
gpr87,Anguilla_anguilla,P2RY12,-,12,18049416,18052744
gpr87,Anguilla_anguilla,IGSF10,-,12,18071938,18087432
gpr87,Anguilla_anguilla,AADAC,+,12,18115747,18124718
gpr87,Anguilla_anguilla,MBNL1,+,12,18164639,18234568
gpr87,Callorhinchus_milii,ERICH6,-,-,5127690,5140883
gpr87,Callorhinchus_milii,MINDY4B,-,-,5143211,5156830
gpr87,Callorhinchus_milii,CLRN1,-,-,5162164,5164098
gpr87,Callorhinchus_milii,MED12L,+,-,5177347,5337662
gpr87,Callorhinchus_milii,GPR171,-,-,5231308,5236847
gpr87,Callorhinchus_milii,GPR87,-,-,5258705,5260106
gpr87,Callorhinchus_milii,P2RY13,-,-,5268845,5274249
gpr87,Callorhinchus_milii,P2RY12,-,-,5279283,5288113
gpr87,Callorhinchus_milii,IGSF10,-,-,5340774,5351460
gpr87,Callorhinchus_milii,IGSF10,-,-,5351263,5357757
gpr87,Callorhinchus_milii,AADAC,+,-,5409999,5439748
gpr82,Homo_sapiens,USP9X,+,X,41085444,41236578
gpr82,Homo_sapiens,DDX3X,+,X,41333307,41364471
gpr82,Homo_sapiens,NYX,+,X,41447342,41475651
gpr82,Homo_sapiens,CASK,-,X,41514933,41923553
gpr82,Homo_sapiens,GPR34,+,X,41688972,41697274
gpr82,Homo_sapiens,GPR82,+,X,41724180,41730129
gpr82,Homo_sapiens,PPP1R2C,-,X,42777365,42778162
gpr82,Homo_sapiens,MAOA,+,X,43655005,43746816
gpr82,Homo_sapiens,MAOB,-,X,43766609,43882449
gpr82,Homo_sapiens,NDP,-,X,43948775,43973389
gpr82,Homo_sapiens,EFHC2,-,X,44147871,44343671
gpr82,Ornithorhynchus_anatinus,EFHC2,+,18,9128414,9189245
gpr82,Ornithorhynchus_anatinus,NDP,+,18,9265749,9286585
gpr82,Ornithorhynchus_anatinus,MAOB,+,18,9303653,9349279
gpr82,Ornithorhynchus_anatinus,MAOA,-,18,9357592,9476733
gpr82,Ornithorhynchus_anatinus,CASK,+,18,9795759,10116889
gpr82,Ornithorhynchus_anatinus,GPR82,-,18,9955417,9958143
gpr82,Ornithorhynchus_anatinus,GPR34,-,18,9973042,9994702
gpr82,Ornithorhynchus_anatinus,MYOSIN HEAD,-,18,10103998,10153099
gpr82,Ornithorhynchus_anatinus,NYX,-,18,10122160,10124602
gpr82,Ornithorhynchus_anatinus,DDX3X,-,18,10159373,10177439
gpr82,Ornithorhynchus_anatinus,USP9X,-,18,10219595,10348584
gpr82,Gallus_gallus,MROH2B,+,1,111446586,111456060
gpr82,Gallus_gallus,MROH5,+,1,111465736,111476692
gpr82,Gallus_gallus,MROH2A,+,1,111481041,111483260
gpr82,Gallus_gallus,HEATR7B1,+,1,111486034,111491005
gpr82,Gallus_gallus,CASK,+,1,111886732,112082127
gpr82,Gallus_gallus,GPR82,-,1,111979662,111982515
gpr82,Gallus_gallus,GPR34,-,1,111992464,111996462
gpr82,Gallus_gallus,NYX,-,1,112094296,112122492
gpr82,Gallus_gallus,DDX3X,-,1,112120025,112137465
gpr82,Gallus_gallus,RPL8,+,1,112163897,112167579
gpr82,Gallus_gallus,USP9,-,1,112176882,112275310
gpr82,Chelonia_mydas,RPL8,-,1,150794511,150801342
gpr82,Chelonia_mydas,DDX3X,+,1,150854665,150896569
gpr82,Chelonia_mydas,NYX,+,1,150947821,150953859
gpr82,Chelonia_mydas,CASK,-,1,150968478,151389335
gpr82,Chelonia_mydas,GPR34,+,1,151130927,151138333
gpr82,Chelonia_mydas,GPR82,+,1,151163257,151169164
gpr82,Chelonia_mydas,MAOA,+,1,151985838,152028130
gpr82,Chelonia_mydas,MAOB,-,1,152041004,152119651
gpr82,Chelonia_mydas,NDP,-,1,152154726,152182125
gpr82,Chelonia_mydas,EFHC2,-,1,152253701,152343551
gpr82,Chelonia_mydas,FUNDC1,-,1,152386470,152400862
gpr82,Crocodylus_porosus,EFHC2,+,-,45799966,45889801
gpr82,Crocodylus_porosus,NDP,+,-,45971642,45995384
gpr82,Crocodylus_porosus,MAOB,+,-,46040762,46131905
gpr82,Crocodylus_porosus,MAOA,-,-,46157137,46214544
gpr82,Crocodylus_porosus,CASK,+,-,46934026,47321093
gpr82,Crocodylus_porosus,GPR82,-,-,47135615,47139842
gpr82,Crocodylus_porosus,GPR34,-,-,47148574,47155160
gpr82,Crocodylus_porosus,NYX,-,-,47345989,47347726
gpr82,Crocodylus_porosus,DDX3X,-,-,47399390,47424284
gpr82,Crocodylus_porosus,RPL8,+,-,47476598,47481496
gpr82,Crocodylus_porosus,USP9X,-,-,47495706,47658474
gpr82,Xenopus_tropicalis,NDP,+,2,55990258,56032366
gpr82,Xenopus_tropicalis,MAOB,+,2,56060572,56101548
gpr82,Xenopus_tropicalis,MAOA,-,2,56131829,56156288
gpr82,Xenopus_tropicalis,MAOA,-,2,56166764,56222352
gpr82,Xenopus_tropicalis,CASK,+,2,56483542,56655620
gpr82,Xenopus_tropicalis,GPR82,-,2,56549876,56554721
gpr82,Xenopus_tropicalis,GPR34,-,2,56562136,56568396
gpr82,Xenopus_tropicalis,NYX,-,2,56665681,56671121
gpr82,Xenopus_tropicalis,DDX3X,-,2,56682593,56700560
gpr82,Xenopus_tropicalis,RPL8,+,2,56726358,56733021
gpr82,Xenopus_tropicalis,USP9X,-,2,56745562,56861079
gpr82,Protopterus_annectens,USP9X,+,5.part0,359851132,364888824
gpr82,Protopterus_annectens,DDX3X,-,5.part0,366601056,368465864
gpr82,Protopterus_annectens,NYX,+,5.part0,368669550,368732884
gpr82,Protopterus_annectens,CASK,-,5.part0,368866747,372998934
gpr82,Protopterus_annectens,GPR34,+,5.part0,370650337,370730897
gpr82,Protopterus_annectens,GPR82,+,5.part0,370777955,370899911
gpr82,Protopterus_annectens,GPR82,+,5.part0,371114873,371173599
gpr82,Protopterus_annectens,STOML3,-,5.part0,374472431,374749508
gpr82,Protopterus_annectens,ARL6,+,5.part0,374943637,375504478
gpr82,Protopterus_annectens,MYOSIN HEAD,+,5.part0,375888083,377129169
gpr82,Protopterus_annectens,RIOX2,-,5.part0,377129246,377585668
gpr82,Protopterus_annectens,TIPRL,-,5.part0,377753239,378197082
gpr82,Oreochromis_niloticus,NUP35,+,LG16,30652679,30673428
gpr82,Oreochromis_niloticus,DDX3XA,+,LG16,30665563,30682022
gpr82,Oreochromis_niloticus,NYX,+,LG16,30683165,30695626
gpr82,Oreochromis_niloticus,CASKA,-,LG16,30700141,30873300
gpr82,Oreochromis_niloticus,GPR34,+,LG16,30764292,30771384
gpr82,Oreochromis_niloticus,GPR82,+,LG16,30771559,30776187
gpr82,Oreochromis_niloticus,MYOSIN HEAD,+,LG16,30788353,30790192
gpr82,Oreochromis_niloticus,MAO,-,LG16,30936290,30978703
gpr82,Oreochromis_niloticus,MAO,-,LG16,30982505,31014681
gpr82,Oreochromis_niloticus,MAO,-,LG16,31022946,31062244
gpr82,Oreochromis_niloticus,NDP,-,LG16,31066810,31095739
gpr82,Callorhinchus_milii,USP9,+,-,51645484,51736766
gpr82,Callorhinchus_milii,DDX3XA,+,-,51750689,51773383
gpr82,Callorhinchus_milii,NYX,+,-,51779549,51784612
gpr82,Callorhinchus_milii,CASKA,-,-,51792634,52094297
gpr82,Callorhinchus_milii,GPR34,+,-,51856261,51902118
gpr82,Callorhinchus_milii,GPR82,+,-,51935701,51941592
gpr82,Callorhinchus_milii,MAO,-,-,52301356,52378698
gpr82,Callorhinchus_milii,NDP,-,-,52384223,52387166
gpr82,Callorhinchus_milii,GPR161B,+,-,52411940,52435530
gpr82,Callorhinchus_milii,DCAF6,-,-,52437935,52501117
gpr82,Callorhinchus_milii,MPC2B,+,-,52501244,52518393
gpr132,Homo_sapiens,CEP170B,+,14,104864512,104896746
gpr132,Homo_sapiens,PLD4,+,14,104924878,104937784
gpr132,Homo_sapiens,AHNAK2,-,14,104937252,104978373
gpr132,Homo_sapiens,CLBA1,+,14,104985787,105001273
gpr132,Homo_sapiens,CDCA4,-,14,105009572,105021082
gpr132,Homo_sapiens,GPR132,-,14,105049394,105065429
gpr132,Homo_sapiens,JAG2,-,14,105140994,105168775
gpr132,Homo_sapiens,NUDT14,-,14,105172938,105181311
gpr132,Homo_sapiens,BRF1,-,14,105209285,105315588
gpr132,Homo_sapiens,BTBD6,+,14,105248532,105251092
gpr132,Homo_sapiens,PACS2,+,14,105300773,105398146
gpr132,Ornithorhynchus_anatinus,SERINC5,-,1,27100091,27128807
gpr132,Ornithorhynchus_anatinus,KGD4,-,1,27169760,27180348
gpr132,Ornithorhynchus_anatinus,CENPH,-,1,27183707,27203811
gpr132,Ornithorhynchus_anatinus,CCNB1,-,1,27206733,27218233
gpr132,Ornithorhynchus_anatinus,SLC30A5,-,1,27222977,27256125
gpr132,Ornithorhynchus_anatinus,GPR132,+,1,27298814,27337738
gpr132,Ornithorhynchus_anatinus,MERTK,-,1,27347863,27439060
gpr132,Ornithorhynchus_anatinus,ANAPC1,+,1,27456303,27553664
gpr132,Ornithorhynchus_anatinus,BCL2L11,-,1,28148332,28197899
gpr132,Ornithorhynchus_anatinus,ACOXL,-,1,28205318,28435853
gpr132,Ornithorhynchus_anatinus,BUB1,+,1,28457948,28508369
gpr132,Taeniopygia_guttata,PLD4,+,5,56578759,56592848
gpr132,Taeniopygia_guttata,AHNAK2,-,5,56597539,56669639
gpr132,Taeniopygia_guttata,CLBA1,+,5,56719508,56730044
gpr132,Taeniopygia_guttata,SERTAD2,-,5,56734706,56749006
gpr132,Taeniopygia_guttata,CDCA4,-,5,56756158,56764140
gpr132,Taeniopygia_guttata,GPR132,-,5,56784564,56798311
gpr132,Taeniopygia_guttata,JAG2,-,5,56939123,57007571
gpr132,Taeniopygia_guttata,NUDT14,-,5,57053004,57112147
gpr132,Taeniopygia_guttata,ITPRIPL1,+,5,57260288,57262186
gpr132,Taeniopygia_guttata,BRF1,-,5,57549035,57719888
gpr132,Taeniopygia_guttata,BTBD6,+,5,57637541,57641021
gpr132,Chelonia_mydas,PLD4,+,6,115834614,115859183
gpr132,Chelonia_mydas,AHNAK2,-,6,115873692,115953926
gpr132,Chelonia_mydas,CLBA1,+,6,116072199,116088470
gpr132,Chelonia_mydas,SERTAD2,-,6,116099298,116124025
gpr132,Chelonia_mydas,CDCA4,-,6,116144626,116154207
gpr132,Chelonia_mydas,GPR132,-,6,116181118,116205537
gpr132,Chelonia_mydas,NDUFA12,-,6,116402452,116437570
gpr132,Chelonia_mydas,JAG2,-,6,116453658,116549251
gpr132,Chelonia_mydas,RPS15A,+,6,116532156,116532608
gpr132,Chelonia_mydas,NUDT14,-,6,116628054,116730519
gpr132,Chelonia_mydas,BRF1,-,6,117340101,117569472
gpr132,Xenopus_tropicalis,CEP170B,+,8,99798600,99857474
gpr132,Xenopus_tropicalis,AHNAK2,-,8,99863064,99918984
gpr132,Xenopus_tropicalis,CLBA1,+,8,99979248,99992499
gpr132,Xenopus_tropicalis,SERTAD2,-,8,99996464,100002930
gpr132,Xenopus_tropicalis,CDCA4,-,8,100004776,100013235
gpr132,Xenopus_tropicalis,GPR132,-,8,100026945,100050384
gpr132,Xenopus_tropicalis,JAG2,-,8,100223237,100276305
gpr132,Xenopus_tropicalis,BRF1,-,8,100688388,100854063
gpr132,Xenopus_tropicalis,BTBD6,+,8,100783196,100789614
gpr132,Xenopus_tropicalis,PPP1R36,-,8,100857942,100873076
gpr132,Xenopus_tropicalis,HSPA2,-,8,100875971,100880955
gpr132,Protopterus_annectens,ZBTB42,+,6.part0,670810401,670816201
gpr132,Protopterus_annectens,CEP170B,+,6.part0,671612344,672890213
gpr132,Protopterus_annectens,PLD4,+,6.part0,673050256,673470735
gpr132,Protopterus_annectens,MYOSIN HEAD,+,6.part0,674875733,675045204
gpr132,Protopterus_annectens,CDCA4,-,6.part0,675378788,675449972
gpr132,Protopterus_annectens,GPR132,-,6.part0,676337642,677259040
gpr132,Protopterus_annectens,VARIANT SURFACE ANTIGEN E-LIKE,-,6.part0,676825511,676826125
gpr132,Protopterus_annectens,JAG2,-,6.part0,681348997,681914747
gpr132,Protopterus_annectens,NUDT14,-,6.part0,683171016,683486729
gpr132,Protopterus_annectens,BRF1,-,6.part0,691023595,693063821
gpr132,Protopterus_annectens,BTBD6,+,6.part0,692143165,692149379
gpr132,Latimeria_chalumnae,DUF6475,-,11,8480388,8487640
gpr132,Latimeria_chalumnae,BRF1,+,11,8483766,8663415
gpr132,Latimeria_chalumnae,BTBD6B,-,11,8536767,8544822
gpr132,Latimeria_chalumnae,NUDT14,+,11,8959786,9045957
gpr132,Latimeria_chalumnae,JAG2B,+,11,9094750,9229568
gpr132,Latimeria_chalumnae,GPR132,+,11,9381675,9400225
gpr132,Latimeria_chalumnae,CDCA4,+,11,9446157,9461380
gpr132,Latimeria_chalumnae,MYOSIN HEAD,-,11,9471268,9527387
gpr132,Latimeria_chalumnae,AHNAK,+,11,9566573,9610465
gpr132,Latimeria_chalumnae,PLD3,-,11,9617591,9647062
gpr132,Latimeria_chalumnae,CEP170BB,-,11,9664404,9728933
gpr132,Danio_rerio,SLC24A4A,-,17,40651880,40756611
gpr132,Danio_rerio,CRIM1,-,17,40798223,41056401
gpr132,Danio_rerio,ATG22,+,17,41114382,41188458
gpr132,Danio_rerio,EPRS1,+,17,41570254,41612724
gpr132,Danio_rerio,AFTPH,+,17,41614636,41626600
gpr132,Danio_rerio,GPR132,-,17,41629866,41642018
gpr132,Danio_rerio,PIMR60,-,17,41640168,41649174
gpr132,Danio_rerio,PIM3,-,17,41650528,41652879
gpr132,Danio_rerio,PIM3,-,17,41654035,41660042
gpr132,Danio_rerio,PIM3,-,17,41664087,41667200
gpr132,Danio_rerio,PIM3,-,17,41671240,41674353
gpr132,Scyliorhinus_canicula,MYOSIN HEAD,+,2,4218887,4312795
gpr132,Scyliorhinus_canicula,BRF1B,+,2,4320264,4778832
gpr132,Scyliorhinus_canicula,BTBD6B,-,2,4512944,4516999
gpr132,Scyliorhinus_canicula,NUDT14,+,2,5032702,5130808
gpr132,Scyliorhinus_canicula,JAG2B,+,2,5252309,5464330
gpr132,Scyliorhinus_canicula,GPR132,+,2,5604887,5681558
gpr132,Scyliorhinus_canicula,GPR68,-,2,5794435,5824235
gpr132,Scyliorhinus_canicula,TCHHL1,+,2,5909832,6057090
gpr132,Scyliorhinus_canicula,DUF6583,+,2,6154717,6215828
gpr132,Scyliorhinus_canicula,BDKRB2,+,2,6321978,6327908
gpr132,Scyliorhinus_canicula,PDZD4,-,2,6357446,6610829
oxgr1,Homo_sapiens,CLDN10,+,13,95433754,95579758
oxgr1,Homo_sapiens,DZIP1,-,13,95578201,95644705
oxgr1,Homo_sapiens,DNAJC3,+,13,95677138,95794987
oxgr1,Homo_sapiens,UGGT2,-,13,95801579,96053400
oxgr1,Homo_sapiens,HS6ST3,+,13,96090106,96839561
oxgr1,Homo_sapiens,OXGR1,-,13,96985712,96994729
oxgr1,Homo_sapiens,MBNL2,+,13,97141833,97394119
oxgr1,Homo_sapiens,RAP2A,+,13,97434168,97469127
oxgr1,Homo_sapiens,IPO5,+,13,97953674,98024295
oxgr1,Homo_sapiens,FARP1,+,13,98142588,98455175
oxgr1,Homo_sapiens,RNF113B,-,13,98175784,98177268
oxgr1,Monodelphis_domestica,CLDN10,+,8,160360779,160501150
oxgr1,Monodelphis_domestica,DZIP1,-,8,160497429,160605515
oxgr1,Monodelphis_domestica,DNAJC3,+,8,160678454,160777948
oxgr1,Monodelphis_domestica,UGGT2,-,8,160784694,161030435
oxgr1,Monodelphis_domestica,HS6ST3,+,8,161146177,162007082
oxgr1,Monodelphis_domestica,OXGR1,-,8,162228557,162230384
oxgr1,Monodelphis_domestica,RAP2A,+,8,162382268,162434352
oxgr1,Monodelphis_domestica,AICDA,+,8,162989021,163006477
oxgr1,Monodelphis_domestica,IPO5,+,8,163120530,163190171
oxgr1,Monodelphis_domestica,FARP1,+,8,163282038,163620061
oxgr1,Monodelphis_domestica,STK24,-,8,163620962,163772620
oxgr1,Gallus_gallus,FARP1,-,1,144915696,145114018
oxgr1,Gallus_gallus,IPO5,-,1,145128583,145166206
oxgr1,Gallus_gallus,RAP2A,-,1,145289880,145322898
oxgr1,Gallus_gallus,MTIF2,-,1,145322951,145324802
oxgr1,Gallus_gallus,MBNL2,-,1,145340235,145447359
oxgr1,Gallus_gallus,OXGR1,+,1,145512167,145515605
oxgr1,Gallus_gallus,OXGR1,+,1,145531790,145536566
oxgr1,Gallus_gallus,HS6ST3,-,1,145567385,145849557
oxgr1,Gallus_gallus,UGGT2,+,1,145864431,145942826
oxgr1,Gallus_gallus,DNAJC3,-,1,145942207,145978017
oxgr1,Gallus_gallus,DZIP1,+,1,145991675,146024600
oxgr1,Gallus_gallus,CLDN10,-,1,146027757,146097957
oxgr1,Anolis_carolinensis,CLDN10,+,3,138546759,138621071
oxgr1,Anolis_carolinensis,DZIP1,-,3,138622827,138652186
oxgr1,Anolis_carolinensis,DNAJC3,+,3,138671306,138721033
oxgr1,Anolis_carolinensis,UGGT2,-,3,138724994,138830228
oxgr1,Anolis_carolinensis,HS6ST3,+,3,138850230,139107352
oxgr1,Anolis_carolinensis,OXGR1,-,3,139161753,139162825
oxgr1,Anolis_carolinensis,OXGR1,-,3,139186945,139188892
oxgr1,Anolis_carolinensis,MBNL2,+,3,139242474,139378436
oxgr1,Anolis_carolinensis,RAP2A,+,3,139404767,139429168
oxgr1,Anolis_carolinensis,SLAIN1,-,3,139510582,139561397
oxgr1,Anolis_carolinensis,SCEL,-,3,139573703,139667295
oxgr1,Anolis_carolinensis,MYCBP2,+,3,139796979,140004411
oxgr1,Crocodylus_porosus,STK24,+,-,106324568,106483980
oxgr1,Crocodylus_porosus,FARP1,-,-,106486457,106817259
oxgr1,Crocodylus_porosus,IPO5,-,-,106837755,106908472
oxgr1,Crocodylus_porosus,RAP2A,-,-,107226978,107263895
oxgr1,Crocodylus_porosus,MBNL2,-,-,107301651,107445906
oxgr1,Crocodylus_porosus,OXGR1,+,-,107605911,107606961
oxgr1,Crocodylus_porosus,OXGR1,+,-,107627150,107631501
oxgr1,Crocodylus_porosus,HS6ST3,-,-,107703937,107771584
oxgr1,Crocodylus_porosus,UGGT2,+,-,108303547,108531309
oxgr1,Crocodylus_porosus,DNAJC3,-,-,108542994,108591865
oxgr1,Crocodylus_porosus,DZIP1,+,-,108611220,108692569
oxgr1,Crocodylus_porosus,CLDN10,-,-,108693710,108800053
oxgr1,Rana_temporaria,CLDN10,+,2,182450013,182506600
oxgr1,Rana_temporaria,DZIP1,-,2,182527020,182612881
oxgr1,Rana_temporaria,DNAJC3,+,2,182654085,182732902
oxgr1,Rana_temporaria,UGGT2,-,2,182743663,183189878
oxgr1,Rana_temporaria,HS6ST3,+,2,183384428,184009830
oxgr1,Rana_temporaria,OXGR1,+,2,184134834,184142992
oxgr1,Rana_temporaria,MBNL2,+,2,184289667,184510470
oxgr1,Rana_temporaria,RAP2A,+,2,184592563,184623207
oxgr1,Rana_temporaria,IPO5,+,2,184741979,184852633
oxgr1,Rana_temporaria,FARP1,+,2,184882427,185136528
oxgr1,Rana_temporaria,STK24,-,2,185158948,185223761
oxgr1,Protopterus_annectens,ITSN1,+,5.part1,285645511,288328043
oxgr1,Protopterus_annectens,ATP5PO,-,5.part1,288650477,289125045
oxgr1,Protopterus_annectens,MX3,+,5.part1,289291775,290541998
oxgr1,Protopterus_annectens,RAP2A,-,5.part1,292362397,292800423
oxgr1,Protopterus_annectens,MBNL2,-,5.part1,293395104,295202716
oxgr1,Protopterus_annectens,OXGR1,+,5.part1,297239055,297953978
oxgr1,Protopterus_annectens,OXGR1,+,5.part1,297563229,297600832
oxgr1,Protopterus_annectens,OXGR1,+,5.part1,297920419,297921646
oxgr1,Protopterus_annectens,OXGR1,+,5.part1,298310377,298311414
oxgr1,Protopterus_annectens,HS6ST3,-,5.part1,299609879,299626985
oxgr1,Protopterus_annectens,UGGT2,+,5.part1,305423388,309775760
oxgr1,Protopterus_annectens,DNAJC3,-,5.part1,309848273,310808972
oxgr1,Protopterus_annectens,DZIP1,+,5.part1,310896014,312148076
oxgr1,Protopterus_annectens,CLDN10,-,5.part1,312224407,312481890
oxgr1,Danio_rerio,EPB41L5,-,9,30542367,30611070
oxgr1,Danio_rerio,PTPN4A,-,9,30612520,30701876
oxgr1,Danio_rerio,TMEM177,-,9,30706322,30711571
oxgr1,Danio_rerio,MRASA,+,9,30712242,30732271
oxgr1,Danio_rerio,PTH2RA,-,9,30794792,30994687
oxgr1,Danio_rerio,OXGR1,+,9,30996640,31000550
oxgr1,Danio_rerio,HS6ST3B,-,9,31010189,31100696
oxgr1,Danio_rerio,UGGT2,+,9,31103465,31155494
oxgr1,Danio_rerio,DNAJC3A,-,9,31157117,31170972
oxgr1,Danio_rerio,FDX1,+,9,31193933,31215808
oxgr1,Danio_rerio,ARHGAP20,-,9,31201528,31218126
oxgr1,Oreochromis_niloticus,ABCB11B,-,LG23,5282847,5312785
oxgr1,Oreochromis_niloticus,RDH7,+,LG23,5331771,5346287
oxgr1,Oreochromis_niloticus,ATP5F1B,-,LG23,5347609,5351355
oxgr1,Oreochromis_niloticus,COL28A1,+,LG23,5361196,5397945
oxgr1,Oreochromis_niloticus,KLHL41B,+,LG23,5401695,5409905
oxgr1,Oreochromis_niloticus,OXGR1,+,LG23,5412990,5415732
oxgr1,Oreochromis_niloticus,HS6ST3B,-,LG23,5417986,5439030
oxgr1,Oreochromis_niloticus,BBC1,+,LG23,5456842,5460746
oxgr1,Oreochromis_niloticus,DZIP1,+,LG23,5485969,5502518
oxgr1,Oreochromis_niloticus,CLDN10D,-,LG23,5514109,5515907
oxgr1,Oreochromis_niloticus,CLDN10E,-,LG23,5518665,5523843
ptger1,Homo_sapiens,ASF1B,-,19,14119511,14136588
ptger1,Homo_sapiens,ADGRL1,-,19,14147742,14206168
ptger1,Homo_sapiens,ADGRE5,+,19,14381443,14408722
ptger1,Homo_sapiens,DDX39A,-,19,14408797,14419382
ptger1,Homo_sapiens,PKN1,+,19,14433305,14471858
ptger1,Homo_sapiens,PTGER1,-,19,14472465,14475353
ptger1,Homo_sapiens,GIPC1,-,19,14477761,14496126
ptger1,Homo_sapiens,DNAJB1,-,19,14514768,14560390
ptger1,Homo_sapiens,TECR,+,19,14527725,14565979
ptger1,Homo_sapiens,NDUFB7,-,19,14566077,14572065
ptger1,Homo_sapiens,CLEC17A,+,19,14580950,14612034
ptger1,Ornithorhynchus_anatinus,CLEC17A,-,7,59834835,59845778
ptger1,Ornithorhynchus_anatinus,NDUFB7,+,7,59853147,59857846
ptger1,Ornithorhynchus_anatinus,TECR,-,7,59858708,59900756
ptger1,Ornithorhynchus_anatinus,DNAJB1,+,7,59931739,59936374
ptger1,Ornithorhynchus_anatinus,GIPC1,+,7,59953522,59962069
ptger1,Ornithorhynchus_anatinus,PTGER1,+,7,59971444,59974941
ptger1,Ornithorhynchus_anatinus,PKN1,-,7,59976556,59991841
ptger1,Ornithorhynchus_anatinus,ADGRE2,-,7,59994046,60005421
ptger1,Ornithorhynchus_anatinus,ADGRL1,+,7,60134154,60190084
ptger1,Ornithorhynchus_anatinus,ASF1B,+,7,60194359,60208602
ptger1,Ornithorhynchus_anatinus,PRKACA,+,7,60211696,60245765
ptger1,Alligator_mississippiensis,SAMD1,+,8,24703781,24708383
ptger1,Alligator_mississippiensis,PRR36,-,8,24709101,24728433
ptger1,Alligator_mississippiensis,LRRC8E,+,8,24724089,24730986
ptger1,Alligator_mississippiensis,PKN1,+,8,24737084,24754222
ptger1,Alligator_mississippiensis,C8H19ORF67,+,8,24754870,24758833
ptger1,Alligator_mississippiensis,PTGER1,-,8,24760041,24763163
ptger1,Alligator_mississippiensis,GIPC1,-,8,24768811,24775069
ptger1,Alligator_mississippiensis,DNAJB1,-,8,24776371,24780537
ptger1,Alligator_mississippiensis,TECR,+,8,24785097,24805436
ptger1,Alligator_mississippiensis,NDUFB7,-,8,24805783,24807000
ptger1,Alligator_mississippiensis,CLEC17A,+,8,24807093,24818138
ptger1,Anolis_carolinensis,MYOSIN HEAD,+,2,146316113,146324906
ptger1,Anolis_carolinensis,NDUFB7,+,2,146334532,146339766
ptger1,Anolis_carolinensis,TECR,-,2,146341875,146384700
ptger1,Anolis_carolinensis,DNAJB1,+,2,146419645,146424030
ptger1,Anolis_carolinensis,GIPC1,+,2,146433369,146470090
ptger1,Anolis_carolinensis,PTGER1,+,2,146534354,146549638
ptger1,Anolis_carolinensis,VCP,-,2,146550456,146572665
ptger1,Anolis_carolinensis,PKN1,+,2,146597045,146672334
ptger1,Anolis_carolinensis,C2H19ORF67,+,2,146680108,146692849
ptger1,Anolis_carolinensis,METTL26B,+,2,146699203,146704184
ptger1,Anolis_carolinensis,HGS,-,2,146703918,146716837
ptger1,Xenopus_tropicalis,ASF1B,-,3,134221856,134230089
ptger1,Xenopus_tropicalis,ADGRL1,-,3,134245007,134425188
ptger1,Xenopus_tropicalis,ADGRE5,+,3,134578892,134602467
ptger1,Xenopus_tropicalis,DDX39A,-,3,134602051,134610074
ptger1,Xenopus_tropicalis,PKN1,+,3,134610115,134650798
ptger1,Xenopus_tropicalis,PTGER1,-,3,134675452,134688665
ptger1,Xenopus_tropicalis,GIPC1,-,3,134698515,134710132
ptger1,Xenopus_tropicalis,DNAJB1,-,3,134717225,134727165
ptger1,Xenopus_tropicalis,TECR,+,3,134750227,134774707
ptger1,Xenopus_tropicalis,ADGRE3,-,3,134801558,134812137
ptger1,Xenopus_tropicalis,ADGRE2,-,3,134846333,134873515
ptger1,Protopterus_annectens,GIPC1,+,9.part0,1606409903,1606784063
ptger1,Protopterus_annectens,DNAJB1,+,9.part0,1607919561,1608102006
ptger1,Protopterus_annectens,TECR,+,9.part0,1608447238,1609170215
ptger1,Protopterus_annectens,NDUFB7,-,9.part0,1609323287,1609517580
ptger1,Protopterus_annectens,CYP4F3,+,9.part0,1612150458,1615380318
ptger1,Protopterus_annectens,PTGER1,+,9.part0,1617138572,1617198350
ptger1,Protopterus_annectens,OTT 1508-LIKE DEAMINASE,-,9.part0,1617307011,1617670239
ptger1,Protopterus_annectens,ARL11,+,9.part0,1617771015,1617772844
ptger1,Protopterus_annectens,ADGRE3,-,9.part0,1618249790,1618560428
ptger1,Protopterus_annectens,LTBP1,-,9.part0,1618556630,1619130347
ptger1,Protopterus_annectens,SNECLEC B9,-,9.part0,1619451512,1619698533
ptger1,Latimeria_chalumnae,NDUFB7,+,6,151973271,151979093
ptger1,Latimeria_chalumnae,TECRB,-,6,151980483,152001941
ptger1,Latimeria_chalumnae,DNAJB1,+,6,152010618,152053786
ptger1,Latimeria_chalumnae,GIPC1,+,6,152085918,152112587
ptger1,Latimeria_chalumnae,CYP4F22,+,6,152145608,152239369
ptger1,Latimeria_chalumnae,PTGER1,+,6,152301760,152332563
ptger1,Latimeria_chalumnae,XNF7,+,6,152343674,152348773
ptger1,Latimeria_chalumnae,TRIM25,+,6,152353183,152361164
ptger1,Latimeria_chalumnae,VCP,-,6,152360386,152403826
ptger1,Latimeria_chalumnae,C6H19ORF67,-,6,152451745,152471203
ptger1,Latimeria_chalumnae,PKN1A,-,6,152476938,152598937
ptger1,Danio_rerio,GAPT,+,3,12091519,12109017
ptger1,Danio_rerio,TUFM,-,3,12114397,12131849
ptger1,Danio_rerio,HSPBP1,+,3,12133103,12151638
ptger1,Danio_rerio,PGLYRP6,+,3,12156965,12166589
ptger1,Danio_rerio,WIZB,+,3,12170649,12216729
ptger1,Danio_rerio,PTGER1,+,3,12363742,12375282
ptger1,Danio_rerio,ILF3B,+,3,12378574,12413682
ptger1,Danio_rerio,FARSA,+,3,12415432,12437063
ptger1,Danio_rerio,SYCE2,+,3,12443421,12472370
ptger1,Danio_rerio,GCDHB,-,3,12473922,12504848
ptger1,Danio_rerio,ERN1,-,3,12507703,12522813
ptger1,Scyliorhinus_canicula,PRG4,+,25,4583637,4616604
ptger1,Scyliorhinus_canicula,BTBD8,+,25,4616565,4628000
ptger1,Scyliorhinus_canicula,C25H19ORF67,-,25,4629350,4645642
ptger1,Scyliorhinus_canicula,DNAJB1,+,25,4643709,4664115
ptger1,Scyliorhinus_canicula,GIPC1,+,25,4673079,4714895
ptger1,Scyliorhinus_canicula,PTGER1,+,25,4796223,4941318
ptger1,Scyliorhinus_canicula,PTGER1,+,25,4963603,5001484
ptger1,Scyliorhinus_canicula,VCP,-,25,5008070,5047679
ptger1,Scyliorhinus_canicula,PGLS,-,25,5054164,5067243
ptger1,Scyliorhinus_canicula,SLC27A1A,-,25,5077997,5124628
ptger1,Scyliorhinus_canicula,PGLYRP6,+,25,5128665,5151587
ptger1,Scyliorhinus_canicula,RASAL2,+,25,5180237,5245311
ptger2,Homo_sapiens,FRMD6,+,14,51396430,51730726
ptger2,Homo_sapiens,GNG2,+,14,51826173,51969794
ptger2,Homo_sapiens,RTRAF,+,14,51989545,52010693
ptger2,Homo_sapiens,NID2,-,14,52004808,52069058
ptger2,Homo_sapiens,PTGDR,+,14,52267697,52280913
ptger2,Homo_sapiens,PTGER2,+,14,52314311,52328597
ptger2,Homo_sapiens,TXNDC16,-,14,52430595,52552504
ptger2,Homo_sapiens,GPR137C,+,14,52552835,52637712
ptger2,Homo_sapiens,ERO1A,-,14,52639914,52695557
ptger2,Homo_sapiens,PSMC6,+,14,52707199,52728589
ptger2,Homo_sapiens,STYX,+,14,52730165,52774988
ptger2,Gallus_gallus,FRMD6,+,5,57802399,57830172
ptger2,Gallus_gallus,GNG2,+,5,57832975,57847854
ptger2,Gallus_gallus,RTRAF,+,5,57848665,57861367
ptger2,Gallus_gallus,NID2,-,5,57861575,57873551
ptger2,Gallus_gallus,PTGDR,+,5,57880332,57883328
ptger2,Gallus_gallus,PTGER2,+,5,57886643,57890427
ptger2,Gallus_gallus,TXNDC16,-,5,57902759,57946378
ptger2,Gallus_gallus,GPR137C,+,5,57946680,57962237
ptger2,Gallus_gallus,ERO1A,-,5,57963935,57981469
ptger2,Gallus_gallus,PSMC6,+,5,57982412,57994090
ptger2,Gallus_gallus,STYX,+,5,57995029,58007958
ptger2,Chelonia_mydas,STYX,-,6,125513762,125538650
ptger2,Chelonia_mydas,PSMC6,-,6,125542448,125559717
ptger2,Chelonia_mydas,ERO1A,+,6,125565645,125598775
ptger2,Chelonia_mydas,GPR137C,-,6,125603547,125631642
ptger2,Chelonia_mydas,TXNDC16,+,6,125631074,125715794
ptger2,Chelonia_mydas,PTGER2,-,6,125808360,125821144
ptger2,Chelonia_mydas,PTGDR,-,6,125853820,125865662
ptger2,Chelonia_mydas,NID2,+,6,125917438,125971506
ptger2,Chelonia_mydas,RTRAF,-,6,125971703,125995007
ptger2,Chelonia_mydas,GNG2,-,6,126012022,126100836
ptger2,Chelonia_mydas,FRMD6,-,6,126161155,126236374
ptger2,Xenopus_tropicalis,SOCS4,+,8,95526028,95535032
ptger2,Xenopus_tropicalis,MGC89226,+,8,95546357,95558642
ptger2,Xenopus_tropicalis,ERO1A,+,8,95570418,95587474
ptger2,Xenopus_tropicalis,GPR137C,-,8,95589115,95604448
ptger2,Xenopus_tropicalis,TXNDC16,+,8,95604626,95645645
ptger2,Xenopus_tropicalis,PTGER2,-,8,95673421,95692843
ptger2,Xenopus_tropicalis,PTGDR,-,8,95718599,95725887
ptger2,Xenopus_tropicalis,NID2,+,8,95775800,95821585
ptger2,Xenopus_tropicalis,RTRAF,-,8,95824461,95832994
ptger2,Xenopus_tropicalis,GNG2,-,8,95845983,95891347
ptger2,Xenopus_tropicalis,FRMD6,-,8,95902829,96006339
ptger2,Protopterus_annectens,FRMD6,+,6.part0,635657277,636086926
ptger2,Protopterus_annectens,GNG2,+,6.part0,637101831,637777417
ptger2,Protopterus_annectens,RTRAF,+,6.part0,637853141,638411270
ptger2,Protopterus_annectens,NID2,-,6.part0,638715275,639606563
ptger2,Protopterus_annectens,PTGDR,+,6.part0,641793154,642230672
ptger2,Protopterus_annectens,PTGER2,+,6.part0,643591614,643761875
ptger2,Protopterus_annectens,TXNDC16,-,6.part0,644029169,645755000
ptger2,Protopterus_annectens,GPR137C,+,6.part0,646083766,646845353
ptger2,Protopterus_annectens,ERO1A,-,6.part0,647139547,647789124
ptger2,Protopterus_annectens,KIF26A,+,6.part0,648867123,649487942
ptger2,Protopterus_annectens,TMEM179,-,6.part0,663354116,663602235
ptger2,Latimeria_chalumnae,FRMD6,+,11,1489624,1569811
ptger2,Latimeria_chalumnae,GNG2,+,11,1615753,1700994
ptger2,Latimeria_chalumnae,RTRAF,+,11,1713228,1735906
ptger2,Latimeria_chalumnae,NID2A,-,11,1736436,1789218
ptger2,Latimeria_chalumnae,PTGDR,+,11,1873317,1926899
ptger2,Latimeria_chalumnae,PTGER2,+,11,1968445,1983487
ptger2,Latimeria_chalumnae,TXNDC16,-,11,2017395,2092133
ptger2,Latimeria_chalumnae,GPR137C,+,11,2092370,2124755
ptger2,Latimeria_chalumnae,ERO1A,-,11,2129721,2159589
ptger2,Latimeria_chalumnae,PSMC6,+,11,2159596,2176356
ptger2,Latimeria_chalumnae,STYX,+,11,2180976,2204109
ptger2,Anguilla_anguilla,FRMD6,+,1,9279552,9312106
ptger2,Anguilla_anguilla,GNG2,+,1,9321046,9342282
ptger2,Anguilla_anguilla,RTRAF,+,1,9344079,9349525
ptger2,Anguilla_anguilla,NID2A,-,1,9349715,9383013
ptger2,Anguilla_anguilla,PTGDR,+,1,9384629,9389497
ptger2,Anguilla_anguilla,PTGER2,+,1,9398235,9409273
ptger2,Anguilla_anguilla,TXNDC16,-,1,9414465,9444268
ptger2,Anguilla_anguilla,GPR137C,+,1,9444651,9466029
ptger2,Anguilla_anguilla,ERO1A,-,1,9466751,9473096
ptger2,Anguilla_anguilla,PSMC6,+,1,9473185,9479040
ptger2,Anguilla_anguilla,STYX,+,1,9480212,9488184
ptger2,Scyliorhinus_canicula,FRMD6,+,2,55139620,55296461
ptger2,Scyliorhinus_canicula,GNG2,+,2,55535108,55632138
ptger2,Scyliorhinus_canicula,RTRAF,+,2,55655937,55692162
ptger2,Scyliorhinus_canicula,NID2A,-,2,55692046,55924873
ptger2,Scyliorhinus_canicula,PTGDR,+,2,56083495,56126661
ptger2,Scyliorhinus_canicula,PTGER2,+,2,56239830,56251508
ptger2,Scyliorhinus_canicula,TXNDC16,-,2,56419964,56603146
ptger2,Scyliorhinus_canicula,GPR137C,+,2,56603407,56651680
ptger2,Scyliorhinus_canicula,UQCRH,-,2,56640803,56641036
ptger2,Scyliorhinus_canicula,ERO1A,-,2,56669058,56705210
ptger2,Scyliorhinus_canicula,PSMC6,+,2,56721460,56738669
ptgir_ptdgr_ptger2_like_petromyzon,Petromyzon_marinus1,XRCC3,+,6,14173733,14187505
ptgir_ptdgr_ptger2_like_petromyzon,Petromyzon_marinus1,MARK3,+,6,14190027,14236660
ptgir_ptdgr_ptger2_like_petromyzon,Petromyzon_marinus1,MRPL57,+,6,14239865,14243301
ptgir_ptdgr_ptger2_like_petromyzon,Petromyzon_marinus1,CKM,-,6,14248414,14257412
ptgir_ptdgr_ptger2_like_petromyzon,Petromyzon_marinus1,TRMT61A,+,6,14258081,14269897
ptgir_ptdgr_ptger2_like_petromyzon,Petromyzon_marinus1,PTGIR/PTGDR/PTGER2-LIKE,-,6,14287079,14299502
ptgir_ptdgr_ptger2_like_petromyzon,Petromyzon_marinus1,C6H19ORF47,+,6,14311875,14318518
ptgir_ptdgr_ptger2_like_petromyzon,Petromyzon_marinus1,MED6,-,6,14318509,14322758
ptgir_ptdgr_ptger2_like_petromyzon,Petromyzon_marinus1,DPF2,+,6,14324109,14338319
ptgir_ptdgr_ptger2_like_petromyzon,Petromyzon_marinus1,RGS7,-,6,14337085,14394020
ptgir_ptdgr_ptger2_like_petromyzon,Petromyzon_marinus1,SIPA1L2,-,6,14409461,14519994
ptgir_ptdgr_ptger2_like_petromyzon,Petromyzon_marinus2,MYOSIN HEAD,-,17,11324026,11363953
ptgir_ptdgr_ptger2_like_petromyzon,Petromyzon_marinus2,RTRAF,+,17,11374468,11387303
ptgir_ptdgr_ptger2_like_petromyzon,Petromyzon_marinus2,TRIM14,+,17,11393989,11404277
ptgir_ptdgr_ptger2_like_petromyzon,Petromyzon_marinus2,SLC39A13,-,17,11409626,11453029
ptgir_ptdgr_ptger2_like_petromyzon,Petromyzon_marinus2,BIN1,-,17,11472405,11505088
ptgir_ptdgr_ptger2_like_petromyzon,Petromyzon_marinus2,PTGIR/PTGDR/PTGER2-LIKE,+,17,11517958,11535904
ptgir_ptdgr_ptger2_like_petromyzon,Petromyzon_marinus2,OR52K1,+,17,11605201,11610349
ptgir_ptdgr_ptger2_like_petromyzon,Petromyzon_marinus2,FH2,+,17,11622070,11689014
ptgir_ptdgr_ptger2_like_petromyzon,Petromyzon_marinus2,CHRM1,-,17,11694092,11697250
ptgir_ptdgr_ptger2_like_petromyzon,Petromyzon_marinus2,GOLGA5,-,17,11704432,11722950
ptgir_ptdgr_ptger2_like_petromyzon,Petromyzon_marinus2,ACTN1,-,17,11730707,11808769
ptgir_ptdgr_ptger2_like_petromyzon,Petromyzon_marinus3,GGPS1,-,33,2457333,2465719
ptgir_ptdgr_ptger2_like_petromyzon,Petromyzon_marinus3,MYOSIN HEAD,+,33,2465915,2514608
ptgir_ptdgr_ptger2_like_petromyzon,Petromyzon_marinus3,MYOSIN HEAD,+,33,2562254,2597730
ptgir_ptdgr_ptger2_like_petromyzon,Petromyzon_marinus3,FRMD6,+,33,2676897,2717880
ptgir_ptdgr_ptger2_like_petromyzon,Petromyzon_marinus3,NID2,-,33,2726234,2812995
ptgir_ptdgr_ptger2_like_petromyzon,Petromyzon_marinus3,PTGIR/PTGDR/PTGER2-LIKE,+,33,2825081,2836855
ptgir_ptdgr_ptger2_like_petromyzon,Petromyzon_marinus3,TXNDC16,-,33,2865901,2899571
ptgir_ptdgr_ptger2_like_petromyzon,Petromyzon_marinus3,FH2,+,33,2903800,2983634
ptgir_ptdgr_ptger2_like_petromyzon,Petromyzon_marinus3,GREM2,-,33,2984254,2992362
ptgir_ptdgr_ptger2_like_petromyzon,Petromyzon_marinus3,CHRM3,-,33,3046630,3125849
ptgir_ptdgr_ptger2_like_petromyzon,Petromyzon_marinus3,PRORSD1P,-,33,3219364,3226806
ptger3,Homo_sapiens,LRRC7,+,1,69567921,70144363
ptger3,Homo_sapiens,LRRC40,-,1,70144804,70205578
ptger3,Homo_sapiens,SRSF11,+,1,70205695,70253051
ptger3,Homo_sapiens,ANKRD13C,-,1,70258998,70354721
ptger3,Homo_sapiens,CTH,+,1,70411267,70439850
ptger3,Homo_sapiens,PTGER3,-,1,70852357,71047815
ptger3,Homo_sapiens,ZRANB2,-,1,71063290,71081034
ptger3,Homo_sapiens,NEGR1,-,1,71395942,72282538
ptger3,Homo_sapiens,LRRIQ3,-,1,74026014,74198175
ptger3,Homo_sapiens,FPGT-TNNI3K,+,1,74198241,74544427
ptger3,Homo_sapiens,FPGT,+,1,74198241,74208701
ptger3,Gallus_gallus,LRRC7,+,8,28479234,28674110
ptger3,Gallus_gallus,LRRC40,-,8,28675500,28691389
ptger3,Gallus_gallus,SRSF11,+,8,28693445,28711950
ptger3,Gallus_gallus,ANKRD13C,-,8,28712982,28736967
ptger3,Gallus_gallus,CTH,+,8,28740619,28756034
ptger3,Gallus_gallus,PTGER3,-,8,28785031,28795732
ptger3,Gallus_gallus,ZRANB2,-,8,28796524,28808320
ptger3,Gallus_gallus,NEGR1,-,8,28830576,29015657
ptger3,Gallus_gallus,FPGT,+,8,29241649,29246146
ptger3,Gallus_gallus,TNNI3K,+,8,29250193,29294839
ptger3,Gallus_gallus,ERICH3,-,8,29295355,29316992
ptger3,Chelonia_mydas,TNNI3K,-,8,83552029,83717726
ptger3,Chelonia_mydas,LRRIQ3,+,8,83729999,83798164
ptger3,Chelonia_mydas,FPGT,-,8,83732529,83739341
ptger3,Chelonia_mydas,NEGR1,+,8,84385264,84985292
ptger3,Chelonia_mydas,ZRANB2,+,8,85079920,85095843
ptger3,Chelonia_mydas,PTGER3,+,8,85103894,85126631
ptger3,Chelonia_mydas,CTH,-,8,85339565,85380239
ptger3,Chelonia_mydas,ANKRD13C,+,8,85388880,85439726
ptger3,Chelonia_mydas,SRSF11,-,8,85448039,85488551
ptger3,Chelonia_mydas,LRRC40,+,8,85488617,85529071
ptger3,Chelonia_mydas,LRRC7,-,8,85531269,85890014
ptger3,Xenopus_tropicalis,ERICH3,+,4,81322281,81379555
ptger3,Xenopus_tropicalis,TNNI3K,-,4,81391160,81510113
ptger3,Xenopus_tropicalis,LRRIQ3,+,4,81529328,81555319
ptger3,Xenopus_tropicalis,NEGR1,+,4,81872984,82155326
ptger3,Xenopus_tropicalis,ZRANB2,+,4,82323525,82342129
ptger3,Xenopus_tropicalis,PTGER3,+,4,82354666,82369006
ptger3,Xenopus_tropicalis,CTH,-,4,82684551,82695557
ptger3,Xenopus_tropicalis,ANKRD13C,+,4,82726229,82751813
ptger3,Xenopus_tropicalis,SRSF11,-,4,82756183,82776197
ptger3,Xenopus_tropicalis,LRRC40,+,4,82779815,82804993
ptger3,Xenopus_tropicalis,LRRC7,-,4,82816268,83033097
ptger3,Protopterus_annectens,FPGT,-,10.part0,1038345357,1038624588
ptger3,Protopterus_annectens,LRRIQ3,+,10.part0,1038624783,1039492712
ptger3,Protopterus_annectens,NEGR1,+,10.part0,1052377952,1055904769
ptger3,Protopterus_annectens,CYP4B1,+,10.part0,1060505588,1061067095
ptger3,Protopterus_annectens,PTGER3 (TRUNCATED),+,10.part0,1062161618,1062163375
ptger3,Protopterus_annectens,PTGER3,+,10.part0,1062302494,1063077979
ptger3,Protopterus_annectens,CTH,-,10.part0,1067350907,1068165048
ptger3,Protopterus_annectens,ANKRD13C,-,10.part0,1069975416,1070689504
ptger3,Protopterus_annectens,ZRANB2,-,10.part0,1070921840,1071998700
ptger3,Protopterus_annectens,MOB3C,+,10.part0,1072781806,1073592508
ptger3,Protopterus_annectens,ATPAF1,-,10.part0,1074266610,1074950556
ptger3,Latimeria_chalumnae,ERICH3,+,6,78099683,78182999
ptger3,Latimeria_chalumnae,TNNI3K,-,6,78186089,78338724
ptger3,Latimeria_chalumnae,LRRIQ3,+,6,78339568,78394227
ptger3,Latimeria_chalumnae,NEGR1,+,6,78971638,79546596
ptger3,Latimeria_chalumnae,ZRANB2,+,6,79711409,79745177
ptger3,Latimeria_chalumnae,PTGER3,+,6,79783260,79796813
ptger3,Latimeria_chalumnae,CTH,-,6,79963148,80028423
ptger3,Latimeria_chalumnae,ANKRD13C,+,6,80045223,80130881
ptger3,Latimeria_chalumnae,SRSF11,-,6,80136836,80180989
ptger3,Latimeria_chalumnae,LRRC40,+,6,80181129,80217993
ptger3,Latimeria_chalumnae,LRRC7,-,6,80257823,80437933
ptger3,Danio_rerio,SFT2D2A,+,6,39397316,39401573
ptger3,Danio_rerio,CHD1L,+,6,39401843,39435283
ptger3,Danio_rerio,TRAF3IP2L,+,6,39435711,39455885
ptger3,Danio_rerio,NEGR1,+,6,39500810,39850317
ptger3,Danio_rerio,ZRANB2,+,6,39859397,39865543
ptger3,Danio_rerio,PTGER3,+,6,39866697,39870072
ptger3,Danio_rerio,CTHL,-,6,39898772,39961502
ptger3,Danio_rerio,CTH,-,6,39967692,39981083
ptger3,Danio_rerio,NIT2,-,6,39989296,39999698
ptger3,Danio_rerio,GTPBP6,+,6,39999913,40007682
ptger3,Danio_rerio,PLCXD1.2,-,6,40007591,40018198
ptger3,Scyliorhinus_canicula,CYP4B1,-,4,66019436,66178175
ptger3,Scyliorhinus_canicula,EFCAB14,+,4,66217087,66330344
ptger3,Scyliorhinus_canicula,NAP1L1,-,4,66999791,67005184
ptger3,Scyliorhinus_canicula,NEGR1,+,4,67350567,68097957
ptger3,Scyliorhinus_canicula,ZRANB2,+,4,68230820,68271484
ptger3,Scyliorhinus_canicula,PTGER3,+,4,68300126,68319662
ptger3,Scyliorhinus_canicula,CTH,-,4,68570181,68640459
ptger3,Scyliorhinus_canicula,CYCS,+,4,68623394,68623971
ptger3,Scyliorhinus_canicula,GRHPR,-,4,68692638,68695492
ptger3,Scyliorhinus_canicula,ANKRD13C,+,4,68695087,68827399
ptger3,Scyliorhinus_canicula,SRSF11,-,4,68840979,68877496
ptger3,Petromyzon_marinus,MAP17,+,44,2904614,2914445
ptger3,Petromyzon_marinus,MYOSIN HEAD,+,44,2916807,2922335
ptger3,Petromyzon_marinus,DUF6475,-,44,2924649,2935098
ptger3,Petromyzon_marinus,DUF6475,-,44,2936552,2951400
ptger3,Petromyzon_marinus,DUF6475,-,44,2960247,2963465
ptger3,Petromyzon_marinus,PTGER3,-,44,3018866,3027812
ptger3,Petromyzon_marinus,MYOSIN HEAD,+,44,3046223,3059558
ptger3,Petromyzon_marinus,CPLANE1,+,44,3090553,3139685
ptger3,Petromyzon_marinus,DUF6475,+,44,3229368,3242086
ptger3,Petromyzon_marinus,B4GALT1,-,44,3252639,3273827
ptger3,Petromyzon_marinus,LEPROTL1,-,44,3282965,3298004
ptger4,Homo_sapiens,OSMR,+,5,38846011,38945578
ptger4,Homo_sapiens,RICTOR,-,5,38937919,39074398
ptger4,Homo_sapiens,FYB1,-,5,39105251,39274527
ptger4,Homo_sapiens,C9,-,5,39284139,39364494
ptger4,Homo_sapiens,DAB2,-,5,39371676,39424979
ptger4,Homo_sapiens,PTGER4,+,5,40679914,40746799
ptger4,Homo_sapiens,TTC33,-,5,40711575,40755960
ptger4,Homo_sapiens,PRKAA1,-,5,40759388,40798373
ptger4,Homo_sapiens,RPL37,-,5,40825261,40835221
ptger4,Homo_sapiens,CARD6,+,5,40841366,40855353
ptger4,Homo_sapiens,C7,+,5,40909496,40984642
ptger4,Gallus_gallus,MYOSIN HEAD,-,Z,12659025,12702439
ptger4,Gallus_gallus,OSMR,+,Z,12700988,12733215
ptger4,Gallus_gallus,RICTOR,-,Z,12733273,12813404
ptger4,Gallus_gallus,FYB1,-,Z,12820998,12883881
ptger4,Gallus_gallus,DAB2,-,Z,12897405,12921252
ptger4,Gallus_gallus,PTGER4,+,Z,13371531,13383622
ptger4,Gallus_gallus,TTC33,-,Z,13386255,13423697
ptger4,Gallus_gallus,PRKAA1,-,Z,13424098,13445028
ptger4,Gallus_gallus,RPL37,-,Z,13450338,13452934
ptger4,Gallus_gallus,C7,+,Z,13469164,13489463
ptger4,Gallus_gallus,C6,-,Z,13496583,13523441
ptger4,Chelonia_mydas,OSMR,+,5,26867934,26933450
ptger4,Chelonia_mydas,RICTOR,-,5,26941190,27124498
ptger4,Chelonia_mydas,FYB1,-,5,27139214,27255728
ptger4,Chelonia_mydas,C9,-,5,27258187,27289242
ptger4,Chelonia_mydas,DAB2,-,5,27292466,27335448
ptger4,Chelonia_mydas,PTGER4,+,5,28011291,28023991
ptger4,Chelonia_mydas,TTC33,-,5,28025815,28140379
ptger4,Chelonia_mydas,PRKAA1,-,5,28144105,28177757
ptger4,Chelonia_mydas,RPL37,-,5,28194238,28198480
ptger4,Chelonia_mydas,C7,+,5,28230599,28268399
ptger4,Chelonia_mydas,C6,-,5,28297718,28335078
ptger4,Xenopus_tropicalis,C6.2,+,1,195782711,195829564
ptger4,Xenopus_tropicalis,C7,-,1,195836036,195878496
ptger4,Xenopus_tropicalis,RPL37,+,1,195886630,195895778
ptger4,Xenopus_tropicalis,PRKAA1,+,1,195904344,195926275
ptger4,Xenopus_tropicalis,TTC33,+,1,195933727,196057605
ptger4,Xenopus_tropicalis,PTGER4,-,1,196082579,196096489
ptger4,Xenopus_tropicalis,PKN2,+,1,196442286,196443917
ptger4,Xenopus_tropicalis,PKN1,+,1,196446126,196448390
ptger4,Xenopus_tropicalis,DAB2,+,1,196526033,196596395
ptger4,Xenopus_tropicalis,C9,+,1,196602340,196622747
ptger4,Xenopus_tropicalis,PKN1,-,1,196630246,196638376
ptger4,Latimeria_chalumnae,LIFR,+,1,34648792,34719056
ptger4,Latimeria_chalumnae,RICTOR,-,1,34745729,34990156
ptger4,Latimeria_chalumnae,FYB1,-,1,35019333,35158321
ptger4,Latimeria_chalumnae,C9,-,1,35276849,35343900
ptger4,Latimeria_chalumnae,DAB2,-,1,35354029,35523264
ptger4,Latimeria_chalumnae,PTGER4,+,1,36411905,36427544
ptger4,Latimeria_chalumnae,TTC33,-,1,36438631,36583840
ptger4,Latimeria_chalumnae,PRKAA1,-,1,36605854,36663348
ptger4,Latimeria_chalumnae,RPL37,-,1,36675728,36684883
ptger4,Latimeria_chalumnae,C6.2,+,1,36730546,36831668
ptger4,Latimeria_chalumnae,C7A,-,1,36840295,36948556
ptger4,Danio_rerio,EIF4G1A,+,2,19169136,19209743
ptger4,Danio_rerio,FAM131AA,+,2,19219945,19241220
ptger4,Danio_rerio,CLCN2A,-,2,19257836,19423458
ptger4,Danio_rerio,THPO,+,2,19428250,19450035
ptger4,Danio_rerio,PIF1,-,2,19470652,19490000
ptger4,Danio_rerio,PTGER4,+,2,19556812,19561292
ptger4,Danio_rerio,ARTNB,-,2,19572339,19612205
ptger4,Danio_rerio,ST3GAL3B,-,2,19641458,19807404
ptger4,Danio_rerio,KDM4AB,-,2,19825625,19867477
ptger4,Danio_rerio,PIMR199,+,2,19880361,19904955
ptger4,Danio_rerio,MYOSIN HEAD,+,2,19913151,19938237
ptger4,Scyliorhinus_canicula,HYI,-,4,30611204,30678784
ptger4,Scyliorhinus_canicula,PTPRF,+,4,33017300,33546722
ptger4,Scyliorhinus_canicula,KDM4A,+,4,33616649,33693529
ptger4,Scyliorhinus_canicula,ST3GAL3,+,4,33985165,34602166
ptger4,Scyliorhinus_canicula,TGFB,+,4,34654369,34728283
ptger4,Scyliorhinus_canicula,PTGER4,-,4,34837123,34847747
ptger4,Scyliorhinus_canicula,PIF1,+,4,35228536,35267648
ptger4,Scyliorhinus_canicula,RAD54L,+,4,35285022,35329962
ptger4,Scyliorhinus_canicula,LRRC41,-,4,35337756,35358958
ptger4,Scyliorhinus_canicula,ATPAF1,+,4,35358983,35380978
ptger4,Scyliorhinus_canicula,MOB3C,+,4,35402778,35446076
ptger4,Petromyzon_marinus1,BLANK,+,1,1,2
ptger4,Petromyzon_marinus1,BLANK,+,1,3,4
ptger4,Petromyzon_marinus1,SASS6,+,1,59601,78841
ptger4,Petromyzon_marinus1,CDC14C,+,1,82725,114473
ptger4,Petromyzon_marinus1,ICAP-1,-,1,116551,131319
ptger4,Petromyzon_marinus1,PTGER4,-,1,156676,165752
ptger4,Petromyzon_marinus1,SLC1A7,+,1,185075,208728
ptger4,Petromyzon_marinus1,DUF6651,+,1,247724,257867
ptger4,Petromyzon_marinus1,SYK,+,1,300913,379866
ptger4,Petromyzon_marinus1,SHISAL2B,+,1,391084,402735
ptger4,Petromyzon_marinus1,SYK,-,1,403401,441384
ptger4,Petromyzon_marinus2,TRYPSIN,-,35,2375076,2377713
ptger4,Petromyzon_marinus2,TRYPSIN,-,35,2387653,2391464
ptger4,Petromyzon_marinus2,TRYPSIN,-,35,2400447,2403797
ptger4,Petromyzon_marinus2,TRYPSIN,+,35,2406232,2416008
ptger4,Petromyzon_marinus2,TRYPSIN,+,35,2430729,2434828
ptger4,Petromyzon_marinus2,PTGER4,+,35,2454334,2461819
ptger4,Petromyzon_marinus2,RPE65,+,35,2515276,2547613
ptger4,Petromyzon_marinus2,RNF220,-,35,2618922,2746295
ptger4,Petromyzon_marinus2,ERI3,+,35,2746566,2792307
ptger4,Petromyzon_marinus2,RAD54L,+,35,2828502,2838561
ptger4,Petromyzon_marinus2,ALKBH7,-,35,2838100,2841616
ptgfr,Homo_sapiens,MIGA1,+,1,77779648,77879539
ptgfr,Homo_sapiens,NEXN,+,1,77888623,77943894
ptgfr,Homo_sapiens,FUBP1,-,1,77944054,77979500
ptgfr,Homo_sapiens,DNAJB4,+,1,77979174,78017963
ptgfr,Homo_sapiens,GIPC2,+,1,78044969,78138443
ptgfr,Homo_sapiens,PTGFR,+,1,78490973,78540700
ptgfr,Homo_sapiens,IFI44L,+,1,78620447,78646144
ptgfr,Homo_sapiens,IFI44,+,1,78649788,78664077
ptgfr,Homo_sapiens,ADGRL4,-,1,78889763,79006729
ptgfr,Homo_sapiens,ADGRL2,+,1,81306131,81993931
ptgfr,Homo_sapiens,MYOSIN HEAD,+,1,83516734,83574092
ptgfr,Gallus_gallus,TTLL7,+,8,16439972,16519760
ptgfr,Gallus_gallus,ADGRL2,-,8,17123612,17506215
ptgfr,Gallus_gallus,ADGRL4,+,8,18217484,18292900
ptgfr,Gallus_gallus,VTG1,+,8,18326423,18369073
ptgfr,Gallus_gallus,MYOSIN HEAD,-,8,18419023,18426857
ptgfr,Gallus_gallus,PTGFR,-,8,18425756,18446899
ptgfr,Gallus_gallus,GIPC2,-,8,18525630,18579692
ptgfr,Gallus_gallus,DNAJB4,-,8,18554512,18579692
ptgfr,Gallus_gallus,FUBP1,+,8,18579161,18634218
ptgfr,Gallus_gallus,NEXN,-,8,18605989,18630434
ptgfr,Gallus_gallus,MIGA1,-,8,18622478,18669139
ptgfr,Anolis_carolinensis,MYOSIN HEAD,+,4,160707756,160716174
ptgfr,Anolis_carolinensis,ADGRL4,+,4,160933485,161091431
ptgfr,Anolis_carolinensis,VTG1,+,4,161168708,161226488
ptgfr,Anolis_carolinensis,IFI44,-,4,161245833,161261061
ptgfr,Anolis_carolinensis,SEPTIN,-,4,161269393,161338882
ptgfr,Anolis_carolinensis,PTGFR,-,4,161400228,161458879
ptgfr,Anolis_carolinensis,GIPC2,-,4,161543036,161575280
ptgfr,Anolis_carolinensis,DNAJB4,-,4,161592212,161622198
ptgfr,Anolis_carolinensis,FUBP1,+,4,161622475,161647013
ptgfr,Anolis_carolinensis,NEXN,-,4,161651310,161703819
ptgfr,Anolis_carolinensis,MIGA1,-,4,161706456,161764288
ptgfr,Chelonia_mydas,ADGRL2,-,8,79502364,79972058
ptgfr,Chelonia_mydas,ADGRL4,+,8,80980325,81077083
ptgfr,Chelonia_mydas,VTG1,+,8,81121422,81165290
ptgfr,Chelonia_mydas,IFI44,-,8,81183046,81206095
ptgfr,Chelonia_mydas,IFI44,-,8,81217150,81233921
ptgfr,Chelonia_mydas,PTGFR,-,8,81332228,81365956
ptgfr,Chelonia_mydas,GIPC2,-,8,81576833,81628189
ptgfr,Chelonia_mydas,DNAJB4,-,8,81637551,81680771
ptgfr,Chelonia_mydas,FUBP1,+,8,81680734,81746374
ptgfr,Chelonia_mydas,NEXN,-,8,81724656,81770793
ptgfr,Chelonia_mydas,MIGA1,-,8,81777380,81836568
ptgfr,Xenopus_tropicalis,PRKACB,-,4,77759248,77813998
ptgfr,Xenopus_tropicalis,TTLL7,+,4,77824667,77957612
ptgfr,Xenopus_tropicalis,ADGRL2,-,4,78656583,78768144
ptgfr,Xenopus_tropicalis,ADGRL4,+,4,79613063,79697340
ptgfr,Xenopus_tropicalis,PEPTIDASE A17,+,4,79668192,79674246
ptgfr,Xenopus_tropicalis,PTGFR,-,4,79893010,79912147
ptgfr,Xenopus_tropicalis,GIPC2,-,4,80059115,80118340
ptgfr,Xenopus_tropicalis,DNAJB4,-,4,80138313,80150596
ptgfr,Xenopus_tropicalis,FUBP1,+,4,80157514,80176941
ptgfr,Xenopus_tropicalis,NEXN,-,4,80187556,80246050
ptgfr,Xenopus_tropicalis,MIGA1,-,4,80255574,80306525
ptgfr,Protopterus_annectens,NEXN,+,10.part0,1136852849,1137808408
ptgfr,Protopterus_annectens,GIPC2,-,10.part0,1138847911,1139914886
ptgfr,Protopterus_annectens,DNAJB4,-,10.part0,1140467072,1140511080
ptgfr,Protopterus_annectens,B3GAT3,-,10.part0,1140655424,1141241240
ptgfr,Protopterus_annectens,FUBP1,+,10.part0,1141241545,1142465473
ptgfr,Protopterus_annectens,PTGFR,+,10.part0,1146950799,1147351107
ptgfr,Protopterus_annectens,NOS1AP,+,10.part0,1148055847,1150869144
ptgfr,Protopterus_annectens,UHMK1,+,10.part0,1151073663,1151585770
ptgfr,Protopterus_annectens,TOE1,-,10.part0,1151897068,1152313127
ptgfr,Protopterus_annectens,MUTYH,+,10.part0,1152313034,1152685927
ptgfr,Protopterus_annectens,SEPP1B,+,10.part0,1152988087,1153111273
ptgfr,Latimeria_chalumnae,ASF1,-,6,73381627,73411245
ptgfr,Latimeria_chalumnae,TTLL7,+,6,73492220,73556488
ptgfr,Latimeria_chalumnae,ADGRL2A,-,6,74093517,74356514
ptgfr,Latimeria_chalumnae,ADGRL4,+,6,75858726,76038763
ptgfr,Latimeria_chalumnae,VTG,+,6,76070710,76153887
ptgfr,Latimeria_chalumnae,PTGFR,+,6,76170050,76171605
ptgfr,Latimeria_chalumnae,GIPC2,-,6,76174027,76212255
ptgfr,Latimeria_chalumnae,DNAJB4,-,6,76215616,76228711
ptgfr,Latimeria_chalumnae,FUBP1,+,6,76247446,76292228
ptgfr,Latimeria_chalumnae,NEXN,-,6,76291990,76346073
ptgfr,Latimeria_chalumnae,MIGA1,-,6,76356243,76414363
ptgfr,Danio_rerio,RTEL1,+,11,13295094,13341493
ptgfr,Danio_rerio,ZGPAT,+,11,13342401,13355544
ptgfr,Danio_rerio,DNHD1,+,11,13357430,13437510
ptgfr,Danio_rerio,PEPTIDASE A17,+,11,13446859,13454654
ptgfr,Danio_rerio,CHRNA4B,-,11,13471098,13493057
ptgfr,Danio_rerio,PTGFR,+,11,13521012,13534234
ptgfr,Danio_rerio,BTF3L4,+,11,13534817,13542656
ptgfr,Danio_rerio,ZFYVE9B,+,11,13545447,13577974
ptgfr,Danio_rerio,ELOVL1B,-,11,13580498,13637536
ptgfr,Danio_rerio,MOB3C,+,11,13645192,13659537
ptgfr,Danio_rerio,MKNK1,+,11,13661644,13681152
ptgfr,Scyliorhinus_canicula,VTG,+,4,12765070,12863887
ptgfr,Scyliorhinus_canicula,IFI44L,-,4,12871976,12914596
ptgfr,Scyliorhinus_canicula,IFI44,-,4,12926190,12993336
ptgfr,Scyliorhinus_canicula,IFI44,+,4,13001661,13024599
ptgfr,Scyliorhinus_canicula,IFI44,+,4,13044134,13088345
ptgfr,Scyliorhinus_canicula,PTGFR,-,4,13115570,13154901
ptgfr,Scyliorhinus_canicula,GIPC2,-,4,13372989,13442324
ptgfr,Scyliorhinus_canicula,DNAJB4,-,4,13481918,13495859
ptgfr,Scyliorhinus_canicula,FUBP1,+,4,13546186,13584005
ptgfr,Scyliorhinus_canicula,NEXN,-,4,13595827,13658331
ptgfr,Scyliorhinus_canicula,MIGA1,-,4,13859112,14004704
ptgir,Homo_sapiens,CCDC8,-,19,46410328,46413563
ptgir,Homo_sapiens,PNMA8C,-,19,46424696,46428935
ptgir,Homo_sapiens,PNMA8A,-,19,46466502,46471562
ptgir,Homo_sapiens,PNMA8B,-,19,46491190,46495866
ptgir,Homo_sapiens,CALM3,+,19,46601073,46610781
ptgir,Homo_sapiens,PTGIR,-,19,46610686,46625088
ptgir,Homo_sapiens,GNG8,-,19,46633952,46639325
ptgir,Homo_sapiens,DACT3,-,19,46647550,46661181
ptgir,Homo_sapiens,PRKD2,-,19,46674315,46717113
ptgir,Homo_sapiens,MYOSIN HEAD,-,19,46716533,46719721
ptgir,Homo_sapiens,STRN4,-,19,46719510,46746449
ptgir,Ornithorhynchus_anatinus,CCDC61,+,5,1052010,1064774
ptgir,Ornithorhynchus_anatinus,PGLYRP1,+,5,1068384,1070451
ptgir,Ornithorhynchus_anatinus,HIF3A,+,5,1093921,1109952
ptgir,Ornithorhynchus_anatinus,PPP5C,+,5,1115268,1123452
ptgir,Ornithorhynchus_anatinus,CALM3,+,5,1136711,1141020
ptgir,Ornithorhynchus_anatinus,PTGIR,-,5,1146808,1148678
ptgir,Ornithorhynchus_anatinus,GNG8,-,5,1160460,1161450
ptgir,Ornithorhynchus_anatinus,DACT3,-,5,1171727,1180196
ptgir,Ornithorhynchus_anatinus,PRKD2,-,5,1181827,1194718
ptgir,Ornithorhynchus_anatinus,STRN4,-,5,1198073,1211310
ptgir,Ornithorhynchus_anatinus,FKRP,+,5,1218008,1219645
ptgir,Alligator_mississippiensis,SNRPD2,-,15,500214,501092
ptgir,Alligator_mississippiensis,SLP2,-,15,507104,507829
ptgir,Alligator_mississippiensis,HIF3A,+,15,517070,531029
ptgir,Alligator_mississippiensis,PPP5C,+,15,532101,543643
ptgir,Alligator_mississippiensis,CALM3,+,15,566504,570031
ptgir,Alligator_mississippiensis,PTGIR,-,15,570984,574569
ptgir,Alligator_mississippiensis,GNG8,-,15,574664,577411
ptgir,Alligator_mississippiensis,DACT3,-,15,579855,583955
ptgir,Alligator_mississippiensis,GPR4,-,15,585409,586392
ptgir,Alligator_mississippiensis,STRN4,-,15,590341,603815
ptgir,Alligator_mississippiensis,FKRP,+,15,605223,608346
ptgir,Chelonia_mydas,STRN4,+,23,4949701,4976796
ptgir,Chelonia_mydas,PRKD2,+,23,4984211,5014928
ptgir,Chelonia_mydas,GPR132,+,23,5014127,5032814
ptgir,Chelonia_mydas,DACT3,+,23,5035934,5063308
ptgir,Chelonia_mydas,GNG8,+,23,5072301,5077592
ptgir,Chelonia_mydas,PTGIR,+,23,5104794,5116578
ptgir,Chelonia_mydas,CALM3,-,23,5134205,5145110
ptgir,Chelonia_mydas,JAG2,-,23,5149032,5169132
ptgir,Chelonia_mydas,IGFL,-,23,5196108,5203819
ptgir,Chelonia_mydas,PPP5C,-,23,5339770,5386279
ptgir,Chelonia_mydas,HIF3A,-,23,5394557,5418068
ptgir,Xenopus_tropicalis,ARHGAP35,-,8,70143793,70183697
ptgir,Xenopus_tropicalis,AP2S1,+,8,70193749,70199421
ptgir,Xenopus_tropicalis,SLC1A5,+,8,70230153,70239402
ptgir,Xenopus_tropicalis,FKRP,-,8,70249669,70256844
ptgir,Xenopus_tropicalis,DACT3,+,8,70257180,70280499
ptgir,Xenopus_tropicalis,PTGIR,+,8,70312879,70325112
ptgir,Xenopus_tropicalis,PPP5C,-,8,70329621,70349620
ptgir,Xenopus_tropicalis,MEIOSIN,-,8,70352981,70374504
ptgir,Xenopus_tropicalis,SNRPD2,-,8,70383762,70389006
ptgir,Xenopus_tropicalis,PGLYRP1,-,8,70393746,70399731
ptgir,Xenopus_tropicalis,QPCTL,-,8,70409635,70415218
ptgir,Danio_rerio,RAB4B,-,15,9983858,10026825
ptgir,Danio_rerio,RHOUB,-,15,10161393,10172978
ptgir,Danio_rerio,RTN2A,-,15,10181732,10213980
ptgir,Danio_rerio,PPM1NA,+,15,10224078,10240070
ptgir,Danio_rerio,GHL5,+,15,10243735,10260576
ptgir,Danio_rerio,PTGIR,+,15,10272948,10362683
ptgir,Danio_rerio,PKINASE,+,15,10377531,10383399
ptgir,Danio_rerio,CALM3A,-,15,10406528,10445319
ptgir,Danio_rerio,KCNK20,-,15,10451968,10468466
ptgir,Danio_rerio,SLC37A4A,+,15,10470401,10488161
ptgir,Danio_rerio,TRAPPC4,-,15,10488738,10495017
ptgir,Oreochromis_niloticus,RAB4B,-,LG14,22070663,22082197
ptgir,Oreochromis_niloticus,RHOUB,-,LG14,22123912,22130048
ptgir,Oreochromis_niloticus,RTN2A,-,LG14,22130732,22146836
ptgir,Oreochromis_niloticus,PPM1NA,+,LG14,22150689,22157495
ptgir,Oreochromis_niloticus,SLC3A2,+,LG14,22159440,22164563
ptgir,Oreochromis_niloticus,PTGIR,-,LG14,22164824,22190603
ptgir,Oreochromis_niloticus,CALM3A,-,LG14,22200674,22210451
ptgir,Oreochromis_niloticus,CARBOHYDRATE BINDING,-,LG14,22238295,22265132
ptgir,Oreochromis_niloticus,HECT,+,LG14,22310562,22313101
ptgir,Oreochromis_niloticus,CARBOHYDRATE BINDING,-,LG14,22442024,22463482
ptgir,Oreochromis_niloticus,CARBOHYDRATE BINDING,-,LG14,22491414,22503997
ptgir,Scyliorhinus_canicula,PROB1,+,27,13769299,13770646
ptgir,Scyliorhinus_canicula,TBCB,+,27,13773361,13786242
ptgir,Scyliorhinus_canicula,SDHAF1,+,27,13792808,13797472
ptgir,Scyliorhinus_canicula,CLPTM1,+,27,13808644,13872058
ptgir,Scyliorhinus_canicula,KCNK13,+,27,13892411,13901069
ptgir,Scyliorhinus_canicula,PTGIR,-,27,14022319,14092558
ptgir,Scyliorhinus_canicula,GNG8,-,27,14193017,14215012
ptgir,Scyliorhinus_canicula,DACT1,-,27,14326448,14400203
ptgir,Scyliorhinus_canicula,IRF2BP1,-,27,14417028,14419099
ptgir,Scyliorhinus_canicula,NOVA1,+,27,14463982,14626335
ptgir,Scyliorhinus_canicula,7TM_1,+,27,14760106,14768257
tbxa2r,Homo_sapiens,FZR1,+,19,3506310,3538333
tbxa2r,Homo_sapiens,MFSD12,-,19,3538274,3557585
tbxa2r,Homo_sapiens,TEKTIP1,+,19,3539173,3544029
tbxa2r,Homo_sapiens,HMG20B,+,19,3572943,3579082
tbxa2r,Homo_sapiens,GIPC3,+,19,3585477,3593540
tbxa2r,Homo_sapiens,TBXA2R,-,19,3594506,3606874
tbxa2r,Homo_sapiens,CACTIN,-,19,3610644,3626789
tbxa2r,Homo_sapiens,PIP5K1C,-,19,3630182,3700467
tbxa2r,Homo_sapiens,TJP3,+,19,3708383,3750812
tbxa2r,Homo_sapiens,APBA3,-,19,3750771,3761691
tbxa2r,Homo_sapiens,MRPL54,+,19,3762681,3767564
tbxa2r,Gallus_gallus,MRPL54,-,28,1398578,1399656
tbxa2r,Gallus_gallus,APBA3,+,28,1399749,1405544
tbxa2r,Gallus_gallus,TJP3,-,28,1405754,1415605
tbxa2r,Gallus_gallus,PIP5K1C,+,28,1417084,1450508
tbxa2r,Gallus_gallus,CACTIN,+,28,1450703,1456172
tbxa2r,Gallus_gallus,TBXA2R,+,28,1457432,1463224
tbxa2r,Gallus_gallus,GIPC3,-,28,1463389,1465484
tbxa2r,Gallus_gallus,HMG20B,-,28,1465842,1470672
tbxa2r,Gallus_gallus,MFSD12,+,28,1472796,1479455
tbxa2r,Gallus_gallus,GRAMD3,+,28,1479613,1483954
tbxa2r,Gallus_gallus,C19ORF71,-,28,1483909,1485023
tbxa2r,Chelonia_mydas,MRPL54,-,25,3070273,3073470
tbxa2r,Chelonia_mydas,APBA3,+,25,3089376,3105118
tbxa2r,Chelonia_mydas,TJP3,-,25,3105256,3159560
tbxa2r,Chelonia_mydas,PIP5K1C,+,25,3174204,3252637
tbxa2r,Chelonia_mydas,CACTIN,+,25,3267667,3276878
tbxa2r,Chelonia_mydas,TBXA2R,+,25,3333621,3378655
tbxa2r,Chelonia_mydas,GIPC3,-,25,3379548,3392585
tbxa2r,Chelonia_mydas,HMG20B,-,25,3397088,3407323
tbxa2r,Chelonia_mydas,NFIC,-,25,3431364,3793109
tbxa2r,Chelonia_mydas,MFSD12,+,25,3455431,3475677
tbxa2r,Chelonia_mydas,GRAMD2B,+,25,3486461,3517405
tbxa2r,Xenopus_tropicalis,MRPL54,-,1,93267613,93271411
tbxa2r,Xenopus_tropicalis,APBA3,+,1,93271464,93294479
tbxa2r,Xenopus_tropicalis,TJP3,-,1,93295180,93328581
tbxa2r,Xenopus_tropicalis,PIP5K1C,+,1,93356400,93415812
tbxa2r,Xenopus_tropicalis,CACTIN,+,1,93428292,93443568
tbxa2r,Xenopus_tropicalis,TBXA2R,+,1,93478960,93495518
tbxa2r,Xenopus_tropicalis,GIPC3,-,1,93509524,93530584
tbxa2r,Xenopus_tropicalis,HMG20B,-,1,93541592,93575178
tbxa2r,Xenopus_tropicalis,MYDGF,-,1,93581508,93586723
tbxa2r,Xenopus_tropicalis,DPP9,-,1,93595849,93616608
tbxa2r,Xenopus_tropicalis,SEMA6B,+,1,93616679,93691264
tbxa2r,Protopterus_annectens,POLR2J,+,13.part0,289012140,289110065
tbxa2r,Protopterus_annectens,ALKBH4,-,13.part0,289259244,289335255
tbxa2r,Protopterus_annectens,LRWD1,+,13.part0,289406104,290128051
tbxa2r,Protopterus_annectens,BCKDK,+,13.part0,290346909,290769169
tbxa2r,Protopterus_annectens,GIPC3,+,13.part0,290880119,291352444
tbxa2r,Protopterus_annectens,TBXA2R,-,13.part0,291483880,291738616
tbxa2r,Protopterus_annectens,CACTIN,-,13.part0,293131258,293841754
tbxa2r,Protopterus_annectens,PIP5K1C,-,13.part0,294013036,295130399
tbxa2r,Protopterus_annectens,FGL1,+,13.part0,295336221,295371696
tbxa2r,Protopterus_annectens,SLFN11,-,13.part0,295505467,295733349
tbxa2r,Protopterus_annectens,STYXL1,+,13.part0,296153912,297162067
tbxa2r,Latimeria_chalumnae,MRPL54,-,21,4681168,4684242
tbxa2r,Latimeria_chalumnae,APBA3,+,21,4686190,4706348
tbxa2r,Latimeria_chalumnae,TJP3,-,21,4706961,4743304
tbxa2r,Latimeria_chalumnae,PIP5K1C,+,21,4755929,4843906
tbxa2r,Latimeria_chalumnae,CACTIN,+,21,4855528,4869130
tbxa2r,Latimeria_chalumnae,TBXA2R,+,21,4893098,4921062
tbxa2r,Latimeria_chalumnae,GIPC3,-,21,4933355,4954219
tbxa2r,Latimeria_chalumnae,HMG20B,-,21,4958114,4972406
tbxa2r,Latimeria_chalumnae,MFSD12A,+,21,4977677,5010713
tbxa2r,Latimeria_chalumnae,GRAM,+,21,5041380,5070166
tbxa2r,Latimeria_chalumnae,TEKTIP1,-,21,5079767,5087197
tbxa2r,Danio_rerio,LIM2.2,+,22,3339857,3355269
tbxa2r,Danio_rerio,GPR35,-,22,3359275,3379484
tbxa2r,Danio_rerio,GPR35,-,22,3382244,3389133
tbxa2r,Danio_rerio,GRAM,-,22,3391131,3433746
tbxa2r,Danio_rerio,GIPC3,+,22,3435022,3465051
tbxa2r,Danio_rerio,TBXA2R,-,22,3472558,3494553
tbxa2r,Danio_rerio,PTPRSA,-,22,3518844,3906475
tbxa2r,Danio_rerio,MHC1ULA,-,22,4227089,4242308
tbxa2r,Danio_rerio,MHC1UMA,+,22,4242377,4246180
tbxa2r,Danio_rerio,KDM4B,-,22,4484826,4574721
tbxa2r,Danio_rerio,UHRF1,-,22,4575504,4611158
tbxa2r,Scyliorhinus_canicula,TCF12,-,18,106381480,106574613
tbxa2r,Scyliorhinus_canicula,ONECUT3A,+,18,107833520,107977843
tbxa2r,Scyliorhinus_canicula,ATP8B1,-,18,108019243,108159023
tbxa2r,Scyliorhinus_canicula,DUF6618,+,18,108211746,108231635
tbxa2r,Scyliorhinus_canicula,CACTIN,+,18,108252065,108278200
tbxa2r,Scyliorhinus_canicula,TBXA2R,+,18,108414634,108446306
tbxa2r,Scyliorhinus_canicula,GIPC3,-,18,108481673,108562928
tbxa2r,Scyliorhinus_canicula,PEAK1,+,18,108582085,108679989
tbxa2r,Scyliorhinus_canicula,OAZ1A,-,18,108727415,108734215
tbxa2r,Scyliorhinus_canicula,JSRP,+,18,108734644,108793481
tbxa2r,Scyliorhinus_canicula,AMH,-,18,108797636,108798925
tbxa2r,Petromyzon_marinus,SMIM15,-,44,5810903,5814792
tbxa2r,Petromyzon_marinus,ZSWIM5,+,44,5858360,5958490
tbxa2r,Petromyzon_marinus,UROD,-,44,5971614,5989070
tbxa2r,Petromyzon_marinus,TRIR,+,44,5998658,6003563
tbxa2r,Petromyzon_marinus,MYOSIN HEAD,+,44,6018825,6024858
tbxa2r,Petromyzon_marinus,TBXA2R,+,44,6076682,6089550
tbxa2r,Petromyzon_marinus,DUF6475,-,44,6117394,6133023
tbxa2r,Petromyzon_marinus,DUF6475,+,44,6145358,6162183
tbxa2r,Petromyzon_marinus,DUF6475,+,44,6162315,6170019
tbxa2r,Petromyzon_marinus,DUF6475,+,44,6171819,6183201
tbxa2r,Petromyzon_marinus,DUF6475,+,44,6186887,6192313
gpr84,Homo_sapiens,SMUG1,-,12,54158234,54188984
gpr84,Homo_sapiens,CBX5,-,12,54230941,54280121
gpr84,Homo_sapiens,HNRNPA1,+,12,54280725,54287086
gpr84,Homo_sapiens,NFE2,-,12,54292110,54301014
gpr84,Homo_sapiens,COPZ1,+,12,54325130,54351845
gpr84,Homo_sapiens,GPR84,-,12,54350697,54364485
gpr84,Homo_sapiens,ZNF385A,-,12,54369135,54391297
gpr84,Homo_sapiens,ITGA5,-,12,54395260,54419265
gpr84,Homo_sapiens,GTSF1,-,12,54455956,54473601
gpr84,Homo_sapiens,NCKAP1L,+,12,54497751,54548242
gpr84,Homo_sapiens,PDE1B,+,12,54549600,54579238
gpr84,Ornithorhynchus_anatinus,SMUG1,-,10,57821281,57863133
gpr84,Ornithorhynchus_anatinus,CBX5,-,10,57870647,57897260
gpr84,Ornithorhynchus_anatinus,HNRNPA1,+,10,57898274,57904047
gpr84,Ornithorhynchus_anatinus,NFE2,-,10,57907852,57914518
gpr84,Ornithorhynchus_anatinus,COPZ1,+,10,57932507,57949817
gpr84,Ornithorhynchus_anatinus,GPR84,-,10,57960876,57964949
gpr84,Ornithorhynchus_anatinus,ZNF385A,-,10,57971794,57994231
gpr84,Ornithorhynchus_anatinus,ITGA5,-,10,57998837,58022682
gpr84,Ornithorhynchus_anatinus,GTSF1L,-,10,58060950,58071445
gpr84,Ornithorhynchus_anatinus,GTSF1L,-,10,58080218,58090235
gpr84,Ornithorhynchus_anatinus,NCKAP1L,+,10,58096615,58130263
gpr84,Chelonia_mydas,CBX5,-,20,10617605,10678260
gpr84,Chelonia_mydas,HNRNPA1,+,20,10678104,10688435
gpr84,Chelonia_mydas,NFE2,-,20,10695305,10715875
gpr84,Chelonia_mydas,TIPARP,-,20,10727287,10733843
gpr84,Chelonia_mydas,COPZ1,+,20,10736340,10754496
gpr84,Chelonia_mydas,GPR84,-,20,10880804,10886502
gpr84,Chelonia_mydas,ZNF385A,-,20,10900174,10946945
gpr84,Chelonia_mydas,ITGA5,-,20,11002235,11053219
gpr84,Chelonia_mydas,GTSF1,-,20,11128004,11154100
gpr84,Chelonia_mydas,MRO,+,20,11169760,11175542
gpr84,Chelonia_mydas,HDAC7,+,20,11365101,11624441
gpr84,Xenopus_tropicalis,NCKAP1L,-,2,144940906,145037302
gpr84,Xenopus_tropicalis,GTSF2,+,2,145040848,145055799
gpr84,Xenopus_tropicalis,GTSF1,+,2,145059031,145081269
gpr84,Xenopus_tropicalis,ITGA5,+,2,145178514,145237710
gpr84,Xenopus_tropicalis,ZNF385A,+,2,145242474,145393228
gpr84,Xenopus_tropicalis,GPR84,+,2,145414586,145419234
gpr84,Xenopus_tropicalis,MYOSIN HEAD,-,2,145432104,145433266
gpr84,Xenopus_tropicalis,COPZ1,-,2,145574956,145586883
gpr84,Xenopus_tropicalis,NFE2,+,2,145586992,145605917
gpr84,Xenopus_tropicalis,HNRNPA1,-,2,145609113,145617470
gpr84,Xenopus_tropicalis,CBX5,+,2,145617413,145642242
gpr84,Protopterus_annectens,COPZ1,-,9.part0,1103706640,1104388926
gpr84,Protopterus_annectens,NFE2,+,9.part0,1105352327,1105687111
gpr84,Protopterus_annectens,HNRNPA1,-,9.part0,1105886822,1105898361
gpr84,Protopterus_annectens,CBX5,+,9.part0,1105898564,1106333410
gpr84,Protopterus_annectens,CHN1,+,9.part0,1106895600,1107170523
gpr84,Protopterus_annectens,GPR84,-,9.part0,1107723038,1107771662
gpr84,Protopterus_annectens,ZNF385A,-,9.part0,1108867958,1110070340
gpr84,Protopterus_annectens,ITGA5,-,9.part0,1112125414,1112931279
gpr84,Protopterus_annectens,PGP,-,9.part0,1115768768,1115809629
gpr84,Protopterus_annectens,GTSF1,-,9.part0,1116678898,1118022205
gpr84,Protopterus_annectens,MYOSIN HEAD,-,9.part0,1118514586,1119849307
gpr84,Latimeria_chalumnae,HNRNPA1A,+,28,12134153,12151643
gpr84,Latimeria_chalumnae,NFE2,-,28,12151725,12219878
gpr84,Latimeria_chalumnae,COPZ1,+,28,12278677,12320781
gpr84,Latimeria_chalumnae,CHN1,+,28,12538680,12654130
gpr84,Latimeria_chalumnae,MYOSIN HEAD,+,28,12675539,12801173
gpr84,Latimeria_chalumnae,GPR84,-,28,12708571,12711415
gpr84,Latimeria_chalumnae,ZNF385A,-,28,12746795,13289289
gpr84,Latimeria_chalumnae,ITGA5,-,28,13343029,13601142
gpr84,Latimeria_chalumnae,GTSF1,-,28,13868912,13915349
gpr84,Latimeria_chalumnae,ASIC1,+,28,14270540,15266771
gpr84,Latimeria_chalumnae,COX14,-,28,15296334,15307073
gpr84,Danio_rerio,VDRB,-,6,41502965,41556252
gpr84,Danio_rerio,TNS2B,-,6,41563647,41600739
gpr84,Danio_rerio,EIF4BB,-,6,41614566,41630372
gpr84,Danio_rerio,PRSS60.1,+,6,41635711,41641070
gpr84,Danio_rerio,PRSS60.2,+,6,41648192,41655219
gpr84,Danio_rerio,GPR84,+,6,41664085,41668881
gpr84,Danio_rerio,STAT2,-,6,41673377,41710163
gpr84,Danio_rerio,APOF,-,6,41712034,41717285
gpr84,Danio_rerio,TAC3B,+,6,41734070,41737291
gpr84,Danio_rerio,C1GALT1LB,-,6,41740546,41748750
gpr84,Danio_rerio,OS9,-,6,41752523,41768428
gpr84,Heterodontus_francisci,HOXC10,-,X,127226,135099
gpr84,Heterodontus_francisci,HOXC12A,-,X,206932,208577
gpr84,Heterodontus_francisci,GOLGA6L22,+,X,388529,393967
gpr84,Heterodontus_francisci,GOLGA6L22,+,X,397381,399403
gpr84,Heterodontus_francisci,ATP5MC2,+,X,399683,409999
gpr84,Heterodontus_francisci,GPR84,+,X,437642,440112
gpr84,Heterodontus_francisci,SP7,-,X,462475,467711
gpr84,Heterodontus_francisci,HDAC4,-,X,553699,658462
gpr84,Heterodontus_francisci,NXPH2,-,X,706375,741313
gpr84,Heterodontus_francisci,LRP1,-,X,739653,791427
gpr84,Heterodontus_francisci,DPP10,+,X,791939,840535
gpr84,Petromyzon_marinus,BLOC1S1,+,4,19556612,19584138
gpr84,Petromyzon_marinus,RAPGEF4,+,4,19602662,19691070
gpr84,Petromyzon_marinus,SP3,-,4,19706496,19715016
gpr84,Petromyzon_marinus,SP9,+,4,19805726,19816323
gpr84,Petromyzon_marinus,MYOSIN HEAD,-,4,19832477,19870812
gpr84,Petromyzon_marinus,GPR84,-,4,19874788,19877454
gpr84,Petromyzon_marinus,CHRNA1,-,4,19881779,19902882
gpr84,Petromyzon_marinus,CHN1,-,4,19902972,19990022
gpr84,Petromyzon_marinus,ATP5MC2,-,4,20013121,20019776
gpr84,Petromyzon_marinus,CALCOCO1,-,4,20021393,20040598
gpr84,Petromyzon_marinus,MYOSIN HEAD,+,4,20089711,20099151
