Phylum	Species	KEGG_GeneID	NCBI_ProteinID
Vertebrata	Acanthisitta_chloris	103808177	XP_009079193
Vertebrata	Acanthopagrus_latus	119009623	XP_036936954
Vertebrata	Acinonyx_jubatus	106986313	XP_026908414
Vertebrata	Acipenser_ruthenus	117423032	XP_033894269
Vertebrata	Acipenser_ruthenus	117424309	XP_033896426
Vertebrata	Agelaius_tricolor	139602025	XP_071307593
Vertebrata	Ahaetulla_prasina	131191312	XP_058025321
Vertebrata	Ailuropoda_melanoleuca	100468470	XP_034497444
Vertebrata	Alexandromys_fortis	126500521	XP_049996446
Vertebrata	Alligator_mississippiensis	102571811	XP_014453837
Vertebrata	Alligator_sinensis	102384493	XP_006038234
Vertebrata	Alosa_sapidissima	121700085	XP_041938706
Vertebrata	Amphiprion_ocellaris	111564925	XP_023120573
Vertebrata	Anarhichas_minor	142951461	XP_075949118
Vertebrata	Anas_acuta	137841558	XP_068510656
Vertebrata	Anas_platyrhynchos	101796973	NP_001297727
Vertebrata	Anguilla_anguilla	118221028	XP_035261490
Vertebrata	Anguilla_rostrata	135248447	XP_064179176
Vertebrata	Anolis_carolinensis	100563002	XP_003217337
Vertebrata	Anolis_sagrei_ordinatus	132768687	XP_060620817
Vertebrata	Anomalospiza_imberbis	137485340	XP_068065901
Vertebrata	Anoplopoma_fimbria	129093745	XP_054457835
Vertebrata	Anser_cygnoides	106046771	XP_047906262
Vertebrata	Antechinus_flavipes	127560599	XP_051851273
Vertebrata	Antennarius_striatus	137614073	XP_068199679
Vertebrata	Antrostomus_carolinensis	104517986	XP_010165049
Vertebrata	Aotus_nancymaae	105717458	XP_021522040
Vertebrata	Apaloderma_vittatum	104276273	XP_009870829
Vertebrata	Aphelocoma_coerulescens	138119925	XP_068888330
Vertebrata	Apodemus_sylvaticus	127693494	XP_052050354
Vertebrata	Aptenodytes_forsteri	103899003	XP_009277674
Vertebrata	Apteryx_mantelli_mantelli	106487141	XP_013801291
Vertebrata	Apteryx_rowi	112968647	XP_025926900
Vertebrata	Aquarana_catesbeiana	141113531	XP_073462807
Vertebrata	Aquila_chrysaetos_chrysaetos	115341214	XP_029869631
Vertebrata	Artibeus_jamaicensis	119058629	XP_037013862
Vertebrata	Arvicanthis_niloticus	117710072	XP_034360506
Vertebrata	Arvicola_amphibius	119811347	XP_038181178
Vertebrata	Astur_gentilis	126043468	XP_049667880
Vertebrata	Astyanax_mexicanus	103030617	XP_049320872
Vertebrata	Athene_cunicularia	113486868	XP_026716983
Vertebrata	Athene_noctua	141968099	XP_074778558
Vertebrata	Austrofundulus_limnaeus	106530206	XP_013881248
Vertebrata	Aythya_fuligula	116496544	XP_032055613
Vertebrata	Balaenoptera_acutorostrata_scammoni	103017465	XP_007185966
Vertebrata	Balaenoptera_musculus	118886381	XP_036691904
Vertebrata	Balearica_regulorum_gibbericeps	104632065	XP_010296122
Vertebrata	Betta_splendens	114845882	XP_028990269
Vertebrata	Bison_bison_bison	105000597	XP_010854845
Vertebrata	Boleophthalmus_pectinirostris	110154166	XP_020773777
Vertebrata	Bos_indicus	109573330	XP_019836048
Vertebrata	Bos_javanicus	133232721	XP_061248489
Vertebrata	Bos_mutus	102278267	XP_070246245
Vertebrata	Bos_taurus	281152	NP_001012687
Vertebrata	Brachyistius_frenatus	138614442	XP_069544015
Vertebrata	Bubalus_bubalis	102409414	XP_006061855
Vertebrata	Bubalus_kerabau	129648782	XP_055431406
Vertebrata	Buceros_rhinoceros_silvestris	104490778	XP_010131413
Vertebrata	Budorcas_taxicolor	128064502	XP_052513198
Vertebrata	Bufo_bufo	121003318	XP_040290988
Vertebrata	Bufo_gargarizans	122940673	XP_044153298
Vertebrata	Buteo_buteo	142038574	XP_074900131
Vertebrata	Callithrix_jacchus	100402953	XP_035158095
Vertebrata	Callorhinchus_milii	103175468	XP_007886730
Vertebrata	Caloenas_nicobarica	135996026	XP_065503773
Vertebrata	Calonectris_borealis	142090822	XP_075025285
Vertebrata	Camelus_bactrianus	105065535	XP_010948933
Vertebrata	Camelus_dromedarius	105102220	XP_031325265
Vertebrata	Camelus_ferus	102509439	XP_032355012
Vertebrata	Canis_lupus_dingo	112672967	XP_025324165
Vertebrata	Canis_lupus_familiaris	483378	XP_038478874
Vertebrata	Capra_hircus	100861286	NP_001272558
Vertebrata	Capricornis_sumatraensis	138082989	XP_068832620
Vertebrata	Carassius_auratus	113055967	XP_026078157
Vertebrata	Carassius_auratus	113064170	XP_026090570
Vertebrata	Carassius_auratus	113111640	XP_026132380
Vertebrata	Carassius_gibelio	127968867	XP_052426202
Vertebrata	Carassius_gibelio	128025400	XP_052467694
Vertebrata	Caretta_caretta	125621192	XP_048673739
Vertebrata	Carettochelys_insculpta	142023389	XP_074870326
Vertebrata	Cariama_cristata	104159587	XP_009695832
Vertebrata	Carlito_syrichta	103251321	XP_008048096
Vertebrata	Castor_canadensis	109702407	XP_020043349
Vertebrata	Cavia_porcellus	100714828	XP_003464876
Vertebrata	Cebus_imitator	108301630	XP_017380248
Vertebrata	Cercocebus_atys	105588564	XP_011921413
Vertebrata	Cervus_canadensis	122438739	XP_043319852
Vertebrata	Chaetura_pelagica	104398526	XP_010006951
Vertebrata	Chamaea_fasciata	136299347	XP_066056968
Vertebrata	Chanodichthys_erythropterus	137008348	XP_067226426
Vertebrata	Charadrius_vociferus	104283112	XP_009879563
Vertebrata	Cheilinus_undulatus	121528907	XP_041672485
Vertebrata	Chelonia_mydas	102933656	XP_037770064
Vertebrata	Chelonoidis_abingdonii	116815831	XP_032620400
Vertebrata	Chiloscyllium_plagiosum	122562130	XP_043570634
Vertebrata	Chiloscyllium_punctatum	140463974	XP_072414620
Vertebrata	Chionomys_nivalis	130876856	XP_057629508
Vertebrata	Chlorocebus_sabaeus	103243754	XP_008011526
Vertebrata	Chroicocephalus_ridibundus	134523155	XP_063207749
Vertebrata	Chrysemys_picta	101942965	XP_005283152
Vertebrata	Ciconia_boyciana	140660187	XP_072736830
Vertebrata	Cinclus_cinclus	134051898	XP_062361954
Vertebrata	Clarias_gariepinus	128541007	XP_053367040
Vertebrata	Clinocottus_analis	137789415	XP_068439098
Vertebrata	Clupea_harengus	105888867	XP_012670076
Vertebrata	Colius_striatus	104556898	XP_010199227
Vertebrata	Colobus_angolensis_palliatus	105500804	XP_011781909
Vertebrata	Cololabis_saira	133419447	XP_061564620
Vertebrata	Cololabis_saira	133419649	XP_061564959
Vertebrata	Colossoma_macropomum	118809324	XP_036428405
Vertebrata	Columba_livia	102086015	XP_005515821
Vertebrata	Conger_conger	133116227	XP_061081570
Vertebrata	Coregonus_clupeaformis	121547561	XP_041714830
Vertebrata	Coregonus_clupeaformis	121577692	XP_045075580
Vertebrata	Corvus_brachyrhynchos	103613078	XP_008629036
Vertebrata	Corvus_cornix	104698180	XP_039418446
Vertebrata	Coturnix_japonica	107322058	XP_015735133
Vertebrata	Cricetulus_griseus	100689207	XP_027281136
Vertebrata	Crocodylus_porosus	109324496	XP_019412044
Vertebrata	Crocuta_crocuta	144224690	XP_077611916
Vertebrata	Crotalus_tigris	120308334	XP_039200214
Vertebrata	Ctenopharyngodon_idella	127523351	XP_051769917
Vertebrata	Cuculus_canorus	104057594	XP_009557277
Vertebrata	Cyanistes_caeruleus	111937506	XP_023794687
Vertebrata	Cyclopterus_lumpus	117748403	XP_034413998
Vertebrata	Cygnus_atratus	118259221	XP_035424471
Vertebrata	Cynoglossus_semilaevis	103381833	XP_008312605
Vertebrata	Cyprinodon_tularosa	119796109	XP_038160444
Vertebrata	Cyprinodon_variegatus	107087621	XP_015234782
Vertebrata	Cyprinus_carpio	109053232	XP_042591762
Vertebrata	Cyprinus_carpio	109084667	XP_042623864
Vertebrata	Danio_aesculapii	130238978	XP_056326073
Vertebrata	Danio_rerio	559001	XP_073774711
Vertebrata	Dasypus_novemcinctus	101426754	XP_023441310
Vertebrata	Delphinapterus_leucas	111182671	XP_022444979
Vertebrata	Delphinus_delphis	132414524	XP_059853126
Vertebrata	Dendrobates_tinctorius	141099991	XP_073444242
Vertebrata	Dermochelys_coriacea	119842806	XP_038227361
Vertebrata	Desmodus_rotundus	112298725	XP_024409576
Vertebrata	Dipodomys_merriami	138833275	XP_069887795
Vertebrata	Dipodomys_ordii	105998431	XP_012888590
Vertebrata	Dipodomys_spectabilis	122098339	XP_042524650
Vertebrata	Dromaius_novaehollandiae	112990989	XP_025968913
Vertebrata	Dryobates_pubescens	104297888	XP_009896205
Vertebrata	Echinops_telfairi	101659135	XP_030744009
Vertebrata	Egretta_garzetta	104131108	XP_009642531
Vertebrata	Electrophorus_electricus	113568104	XP_026852080
Vertebrata	Eleginops_maclovinus	134870650	XP_063749012
Vertebrata	Embiotoca_jacksoni	138209743	XP_069024612
Vertebrata	Empidonax_traillii	114060364	XP_027745626
Vertebrata	Emydura_macquarii_macquarii	137152491	XP_067403211
Vertebrata	Emys_orbicularis	135888495	XP_065272377
Vertebrata	Enhydra_lutris_kenyoni	111160286	XP_022378932
Vertebrata	Enoplosus_armatus	139302923	XP_070782677
Vertebrata	Epinephelus_fuscoguttatus	125880982	XP_049419812
Vertebrata	Epinephelus_lanceolatus	117247560	XP_033468036
Vertebrata	Eptesicus_fuscus	103298336	XP_054565124
Vertebrata	Equus_asinus	106846150	XP_014720245
Vertebrata	Equus_caballus	100057311	XP_001491342
Vertebrata	Equus_przewalskii	103551124	XP_070415711
Vertebrata	Esox_lucius	105021150	XP_010886932
Vertebrata	Etheostoma_cragini	117937374	XP_034717176
Vertebrata	Etheostoma_spectabile	116671500	XP_032358725
Vertebrata	Eublepharis_macularius	129327360	XP_054831906
Vertebrata	Eucyclogobius_newberryi	140368583	XP_072311635
Vertebrata	Eulemur_rufifrons	138392293	XP_069339140
Vertebrata	Eumetopias_jubatus	114216135	XP_027968293
Vertebrata	Eurypyga_helias	104510883	XP_010151575
Vertebrata	Falco_cherrug	102046127	XP_005436435
Vertebrata	Falco_peregrinus	101924649	XP_005243994
Vertebrata	Falco_rusticolus	119154590	XP_037258243
Vertebrata	Felis_catus	100270775	XP_023100132
Vertebrata	Ficedula_albicollis	101820764	XP_005056282
Vertebrata	Fulmarus_glacialis	104074865	XP_009573450
Vertebrata	Gadus_morhua	115531120	XP_030196040
Vertebrata	Galeopterus_variegatus	103593316	XP_008574493
Vertebrata	Gallus_gallus	396061	NP_990486
Vertebrata	Gambusia_affinis	122823248	XP_043958605
Vertebrata	Garra_rufa	141297398	XP_073683939
Vertebrata	Gasterosteus_aculeatus	120819753	XP_040033384
Vertebrata	Gavia_stellata	104260249	XP_009814196
Vertebrata	Gavialis_gangeticus	109288220	XP_019359228
Vertebrata	Gekko_japonicus	107118129	XP_015275874
Vertebrata	Geospiza_fortis	102043163	XP_005429852
Vertebrata	Geotrypetes_seraphini	117367606	XP_033816212
Vertebrata	Girardinichthys_multiradiatus	124875110	XP_047232918
Vertebrata	Globicephala_melas	115845449	XP_030699256
Vertebrata	Gorilla_gorilla_gorilla	101151060	XP_018881959
Vertebrata	Gracilinanus_agilis	123247142	XP_044531879
Vertebrata	Grus_americana	129214481	XP_054702104
Vertebrata	Gymnodraco_acuticeps	117553507	XP_034083372
Vertebrata	Gymnogyps_californianus	127023893	XP_050764158
Vertebrata	Haliaeetus_albicilla	104325214	XP_009928034
Vertebrata	Haliaeetus_leucocephalus	104832124	XP_010566417
Vertebrata	Halichoeres_trimaculatus	141784898	XP_074518951
Vertebrata	Harpia_harpyja	128150863	XP_052663516
Vertebrata	Hemicordylus_capensis	128342414	XP_053145655
Vertebrata	Hemiscyllium_ocellatum	132828040	XP_060700934
Vertebrata	Hemitrygon_akajei	140714655	XP_072882181
Vertebrata	Herpailurus_yagouaroundi	121018088	XP_040312641
Vertebrata	Heterocephalus_glaber	101698314	XP_004861077
Vertebrata	Hippocampus_comes	109513269	XP_019721138
Vertebrata	Hippoglossus_hippoglossus	117753191	XP_034427010
Vertebrata	Hippoglossus_stenolepis	118100276	XP_035001087
Vertebrata	Hipposideros_armiger	109393056	XP_019517501
Vertebrata	Hirundo_rustica	120761148	XP_039937997
Vertebrata	Homo_sapiens	2194	NP_004095
Vertebrata	Hyaena_hyaena	120228300	XP_039082547
Vertebrata	Hylobates_moloch	116483000	XP_032032490
Vertebrata	Hylobates_moloch	116810414	XP_032610775
Vertebrata	Ictalurus_furcatus	128616634	XP_053495234
Vertebrata	Ictalurus_punctatus	108273998	XP_017339234
Vertebrata	Ictidomys_tridecemlineatus	101960988	XP_013217089
Vertebrata	Indicator_indicator	128976462	XP_054249700
Vertebrata	Kryptolebias_marmoratus	108248335	XP_017292538
Vertebrata	Labeo_rohita	127173767	XP_050979671
Vertebrata	Labrus_mixtus	132955042	XP_060883645
Vertebrata	Lagenorhynchus_albirostris	132511349	XP_059990456
Vertebrata	Lagopus_muta	125702067	XP_048820860
Vertebrata	Larimichthys_crocea	104927028	XP_010739313
Vertebrata	Larus_michahellis	141751096	XP_074463491
Vertebrata	Lates_calcarifer	108879490	XP_018526286
Vertebrata	Lates_calcarifer	108882087	XP_018529884
Vertebrata	Latimeria_chalumnae	102352909	XP_014339995
Vertebrata	Lemur_catta	123650731	XP_045425730
Vertebrata	Leopardus_geoffroyi	123604168	XP_045345899
Vertebrata	Lepidochelys_kempii	140898129	XP_073167678
Vertebrata	Lepisosteus_oculatus	102685951	XP_006635198
Vertebrata	Leptonychotes_weddellii	102743112	XP_006743163
Vertebrata	Leptosomus_discolor	104353072	XP_009957848
Vertebrata	Leucoraja_erinaceus	129708429	XP_055510148
Vertebrata	Leuresthes_tenuis	140278546	XP_072229680
Vertebrata	Lipotes_vexillifer	103077747	XP_007462359
Vertebrata	Lonchura_striata	110472404	XP_021389736
Vertebrata	Loxodonta_africana	100674176	XP_023412547
Vertebrata	Lutra_lutra	125087726	XP_047564300
Vertebrata	Lynx_rufus	124522525	XP_046949950
Vertebrata	Macaca_fascicularis	102119674	XP_045232327
Vertebrata	Macaca_mulatta	715708	XP_014976113
Vertebrata	Macaca_nemestrina	105469332	XP_011718565
Vertebrata	Macaca_thibetana_thibetana	126939079	XP_050619927
Vertebrata	Macrotis_lagotis	141514213	XP_074080916
Vertebrata	Malurus_melanocephalus	130581978	XP_057236393
Vertebrata	Mandrillus_leucophaeus	105552471	XP_011853578
Vertebrata	Manis_javanica	108387187	XP_017500875
Vertebrata	Marmota_marmota_marmota	107157670	XP_015359505
Vertebrata	Mastomys_coucha	116079118	XP_031210696
Vertebrata	Mauremys_reevesii	120383358	XP_039357330
Vertebrata	Maylandia_zebra	101485706	XP_014263922
Vertebrata	Megalobrama_amblycephala	125255972	XP_048027540
Vertebrata	Meleagris_gallopavo	100542651	XP_031412175
Vertebrata	Meriones_unguiculatus	110548829	XP_021493105
Vertebrata	Merops_nubicus	103774070	XP_008939703
Vertebrata	Mesitornis_unicolor	104547066	XP_010190924
Vertebrata	Mesocricetus_auratus	101833743	XP_005069843
Vertebrata	Microcaecilia_unicolor	115471559	XP_030061052
Vertebrata	Microcebus_murinus	105878096	XP_020136641
Vertebrata	Micropterus_salmoides	119915567	XP_038591068
Vertebrata	Microtus_oregoni	121444071	XP_041501756
Vertebrata	Microtus_oregoni	121444583	XP_041502350
Vertebrata	Miniopterus_natalensis	107539079	XP_016070948
Vertebrata	Mirounga_angustirostris	123853647	XP_045744186
Vertebrata	Mirounga_leonina	118024149	XP_034881623
Vertebrata	Misgurnus_anguillicaudatus	129421170	XP_073723162
Vertebrata	Molossus_molossus	118633964	XP_036124153
Vertebrata	Molothrus_aeneus	136566757	XP_066422141
Vertebrata	Molothrus_ater	118693765	XP_036250489
Vertebrata	Monodelphis_domestica	100025176	XP_007482880
Vertebrata	Monopterus_albus	109965115	XP_020464540
Vertebrata	Moschus_berezovskii	129544584	XP_055264261
Vertebrata	Mugil_cephalus	125022634	XP_047465414
Vertebrata	Muntiacus_reevesi	136149115	XP_065765139
Vertebrata	Mus_caroli	110305254	XP_021032785
Vertebrata	Mus_musculus	14104	NP_032014
Vertebrata	Mus_pahari	110332500	XP_021069416
Vertebrata	Mustela_lutreola	131815810	XP_059003775
Vertebrata	Mustela_nigripes	132003498	XP_059234986
Vertebrata	Mustela_putorius_furo	101693535	XP_004748726
Vertebrata	Mycteria_americana	142417965	XP_075375295
Vertebrata	Myotis_brandtii	102251003	XP_014386728
Vertebrata	Myotis_daubentonii	132219233	XP_059527571
Vertebrata	Myotis_davidii	102761714	XP_015415369
Vertebrata	Myotis_myotis	118671637	XP_036196044
Vertebrata	Myotis_yumanensis	138994753	XP_070250989
Vertebrata	Myxocyprinus_asiaticus	127423087	XP_051523082
Vertebrata	Myxocyprinus_asiaticus	127426869	XP_051529897
Vertebrata	Nannospalax_galili	103730050	XP_008826418
Vertebrata	Nanorana_parkeri	108791330	XP_018417291
Vertebrata	Natator_depressus	141997963	XP_074826642
Vertebrata	Nematolebias_whitei	119424080	XP_037547479
Vertebrata	Neoarius_graeffei	132898462	XP_060796063
Vertebrata	Neogale_vison	122905866	XP_044103112
Vertebrata	Neomonachus_schauinslandi	110572550	XP_021536561
Vertebrata	Neophocaena_asiaeorientalis_asiaeorientalis	112410253	XP_024616480
Vertebrata	Nestor_notabilis	104401846	XP_010007854
Vertebrata	Nipponia_nippon	104014322	XP_009465233
Vertebrata	Nomascus_leucogenys	100596750	XP_030651466
Vertebrata	Nomascus_leucogenys	100597701	XP_030683427
Vertebrata	Notechis_scutatus	113412014	XP_026523135
Vertebrata	Nothobranchius_furzeri	107396699	XP_015831999
Vertebrata	Nothoprocta_perdicaria	112945330	XP_025892676
Vertebrata	Numenius_arquata	141472793	XP_074016128
Vertebrata	Numida_meleagris	110407258	XP_021270409
Vertebrata	Nyctereutes_procyonoides	129502551	XP_055170249
Vertebrata	Ochotona_curzoniae	121162599	XP_040845666
Vertebrata	Ochotona_princeps	101535716	XP_036354113
Vertebrata	Odobenus_rosmarus_divergens	101372296	XP_004404516
Vertebrata	Odocoileus_virginianus	110145577	XP_020761630
Vertebrata	Oenanthe_melanoleuca	130260536	XP_056362029
Vertebrata	Oncorhynchus_clarkii_lewisi	139376776	XP_070975794
Vertebrata	Oncorhynchus_clarkii_lewisi	139381950	XP_070981932
Vertebrata	Oncorhynchus_gorbuscha	124038588	XP_046210589
Vertebrata	Oncorhynchus_gorbuscha	124040220	XP_046213140
Vertebrata	Oncorhynchus_keta	118357708	XP_052333993
Vertebrata	Oncorhynchus_keta	118373364	XP_052327412
Vertebrata	Oncorhynchus_kisutch	109870358	XP_020316434
Vertebrata	Oncorhynchus_kisutch	109900064	XP_031691108
Vertebrata	Oncorhynchus_masou_masou	135511930	XP_064789530
Vertebrata	Oncorhynchus_masou_masou	135523613	XP_064806470
Vertebrata	Oncorhynchus_mykiss	110499230	XP_021431901
Vertebrata	Oncorhynchus_mykiss	110502946	XP_036816630
Vertebrata	Oncorhynchus_nerka	115113815	XP_029497666
Vertebrata	Oncorhynchus_nerka	115144264	XP_029541021
Vertebrata	Oncorhynchus_tshawytscha	112224492	XP_024243842
Vertebrata	Oncorhynchus_tshawytscha	121841053	XP_042163020
Vertebrata	Onychostoma_macrolepis	131551096	XP_058649737
Vertebrata	Onychostruthus_taczanowskii	121338244	XP_041264955
Vertebrata	Opisthocomus_hoazin	104327647	XP_009930878
Vertebrata	Orcinus_orca	101279575	XP_033294694
Vertebrata	Oreochromis_aureus	116330715	XP_031608989
Vertebrata	Oreochromis_niloticus	100534502	XP_003454104
Vertebrata	Ornithorhynchus_anatinus	100091954	XP_028912877
Vertebrata	Oryx_dammah	120866858	XP_040100744
Vertebrata	Oryzias_latipes	101171365	XP_004080750
Vertebrata	Oryzias_melastigma	112138867	XP_024117302
Vertebrata	Osmerus_eperlanus	134031781	XP_062331479
Vertebrata	Otolemur_garnettii	100947008	XP_003786091
Vertebrata	Ovis_aries	100170327	XP_027830105
Vertebrata	Ovis_canadensis	138414440	XP_069397981
Vertebrata	Oxyura_jamaicensis	118175934	XP_035198499
Vertebrata	Pan_paniscus	100985873	XP_034799084
Vertebrata	Pan_troglodytes	454986	XP_016786455
Vertebrata	Pangasianodon_hypophthalmus	113527148	XP_026770496
Vertebrata	Panthera_leo	122206187	XP_042771035
Vertebrata	Panthera_pardus	109276748	XP_019321387
Vertebrata	Panthera_tigris_altaica	102956933	XP_015391673
Vertebrata	Panthera_uncia	125926220	XP_049491376
Vertebrata	Pantherophis_guttatus	117663060	XP_034268820
Vertebrata	Papio_anubis	101013778	XP_031513045
Vertebrata	Paralichthys_olivaceus	109642814	XP_019963310
Vertebrata	Paramisgurnus_dabryanus	135744571	XP_065118870
Vertebrata	Paramormyrops_kingsleyae	111849631	XP_023678447
Vertebrata	Parus_major	107212310	XP_015500847
Vertebrata	Passer_montanus	120505406	XP_039571793
Vertebrata	Pelodiscus_sinensis	102458578	XP_075760348
Vertebrata	Pempheris_klunzingeri	139220090	XP_070708258
Vertebrata	Perca_flavescens	114547830	XP_028423092
Vertebrata	Perca_fluviatilis	120551116	XP_039644234
Vertebrata	Peromyscus_leucopus	114703909	XP_028740769
Vertebrata	Peromyscus_maniculatus_bairdii	102909211	XP_006987710
Vertebrata	Petaurus_breviceps_papuanus	138142908	XP_068920085
Vertebrata	Pezoporus_occidentalis	134167597	XP_062482396
Vertebrata	Phaenicophaeus_curvirostris	138728996	XP_069728923
Vertebrata	Phaethon_lepturus	104616609	XP_010279969
Vertebrata	Phalacrocorax_aristotelis	142065405	XP_074967591
Vertebrata	Phalacrocorax_carbo	104041772	XP_009499390
Vertebrata	Phascolarctos_cinereus	110218312	XP_020856605
Vertebrata	Phasianus_colchicus	116232578	XP_031454879
Vertebrata	Phocoena_phocoena	136139247	XP_065754235
Vertebrata	Phocoena_sinus	116745034	XP_032471192
Vertebrata	Phodopus_roborovskii	127220557	XP_051038386
Vertebrata	Phycodurus_eques	133395285	XP_061520029
Vertebrata	Phyllopteryx_taeniolatus	133469682	XP_061613020
Vertebrata	Phyllostomus_discolor	114502687	XP_028375607
Vertebrata	Phyllostomus_hastatus	123816716	XP_045691825
Vertebrata	Physeter_macrocephalus	102976967	XP_023985886
Vertebrata	Piliocolobus_tephrosceles	111527639	XP_023049811
Vertebrata	Pimephales_promelas	120474646	XP_039521058
Vertebrata	Pipistrellus_kuhlii	118704582	XP_036268300
Vertebrata	Pituophis_catenifer_annectens	139312661	XP_070793730
Vertebrata	Plectropomus_leopardus	121958488	XP_042363367
Vertebrata	Pleuronectes_platessa	128427007	XP_053270061
Vertebrata	Podarcis_muralis	114589796	XP_028572050
Vertebrata	Podarcis_raffonei	128407378	XP_053231623
Vertebrata	Poecilia_formosa	103142568	XP_007558758
Vertebrata	Poecilia_latipinna	106963309	XP_014913634
Vertebrata	Poecilia_mexicana	106927214	XP_014858099
Vertebrata	Poecilia_reticulata	103482177	XP_008436393
Vertebrata	Poeciliopsis_prolifica	129352236	XP_054877084
Vertebrata	Pogona_vitticeps	110090820	XP_020670313
Vertebrata	Pogoniulus_pusillus	135179268	XP_064006921
Vertebrata	Polyodon_spathula	121295320	XP_041075734
Vertebrata	Polyodon_spathula	121296635	XP_041078326
Vertebrata	Polypterus_senegalus	120517955	XP_039596427
Vertebrata	Pongo_abelii	100456558	XP_024090316
Vertebrata	Pongo_pygmaeus	129017110	XP_054313193
Vertebrata	Prionailurus_bengalensis	122485977	XP_043441375
Vertebrata	Prionailurus_viverrinus	125151628	XP_047688860
Vertebrata	Propithecus_coquereli	105820046	XP_012511898
Vertebrata	Protobothrops_mucrosquamatus	107288857	XP_015673004
Vertebrata	Pseudochaenichthys_georgianus	117465046	XP_033963790
Vertebrata	Pseudoliparis_swirei	130203326	XP_056285376
Vertebrata	Pseudonaja_textilis	113437083	XP_026557665
Vertebrata	Pseudophryne_corroboree	135056285	XP_063817309
Vertebrata	Pseudopodoces_humilis	102102393	XP_005530677
Vertebrata	Pterocles_gutturalis	104462254	XP_010072430
Vertebrata	Pteronotus_mesoamericanus	129086438	XP_054448917
Vertebrata	Pteropus_alecto	102887167	XP_024902819
Vertebrata	Pteropus_vampyrus	105301128	XP_011371965
Vertebrata	Pteropus_vampyrus	120600316	XP_039715731
Vertebrata	Puma_concolor	112864631	XP_025783452
Vertebrata	Pungitius_pungitius	119213101	XP_037320030
Vertebrata	Puntigrus_tetrazona	122355207	XP_043109195
Vertebrata	Pygoscelis_adeliae	103917422	XP_009322831
Vertebrata	Pyrgilauda_ruficollis	121352757	XP_041321888
Vertebrata	Python_bivittatus	103062560	XP_007434239
Vertebrata	Pyxicephalus_adspersus	140325511	XP_072259483
Vertebrata	Rana_temporaria	120918905	XP_040186720
Vertebrata	Rattus_norvegicus	50671	NP_059028
Vertebrata	Rhincodon_typus	109914699	XP_048467069
Vertebrata	Rhinichthys_klamathensis_goyatoka	130105432	XP_056127405
Vertebrata	Rhinolophus_ferrumequinum	117013046	XP_032945622
Vertebrata	Rhinopithecus_bieti	108525064	XP_017721632
Vertebrata	Rhinopithecus_bieti	108534089	XP_017734692
Vertebrata	Rhinopithecus_roxellana	104654984	XP_010352652
Vertebrata	Rissa_tridactyla	128917926	XP_054077631
Vertebrata	Rousettus_aegyptiacus	107520266	XP_016019328
Vertebrata	Saimiri_boliviensis_boliviensis	101045175	XP_010340805
Vertebrata	Salmo_salar	106589612	XP_014035275
Vertebrata	Salmo_salar	106610271	XP_014065004
Vertebrata	Salmo_trutta	115152886	XP_029553650
Vertebrata	Salmo_trutta	115201394	XP_029620837
Vertebrata	Salvelinus_fontinalis	129828887	XP_055746140
Vertebrata	Salvelinus_fontinalis	129862299	XP_055789780
Vertebrata	Salvelinus_namaycush	120029534	XP_038830725
Vertebrata	Salvelinus_namaycush	120045991	XP_038846838
Vertebrata	Salvelinus_sp._IW2-2015	111978091	XP_023863661
Vertebrata	Salvelinus_sp._IW2-2015	112080426	XP_024001960
Vertebrata	Sander_lucioperca	116067519	XP_031179851
Vertebrata	Sander_vitreus	144536132	XP_078135211
Vertebrata	Sardina_pilchardus	134070028	XP_062382199
Vertebrata	Sceloporus_undulatus	121922081	XP_042306938
Vertebrata	Sciurus_carolinensis	124979686	XP_047400181
Vertebrata	Sciurus_vulgaris	306656137	XP_078987137
Vertebrata	Scleropages_formosus	108939982	XP_029102514
Vertebrata	Scomber_japonicus	128381281	XP_053197225
Vertebrata	Scomber_scombrus	134002998	XP_062298062
Vertebrata	Scophthalmus_maximus	118287567	XP_035468767
Vertebrata	Scyliorhinus_canicula	119953326	XP_038633415
Vertebrata	Semicossyphus_pulcher	138593214	XP_069520220
Vertebrata	Serinus_canaria	103819722	XP_009092513
Vertebrata	Seriola_dumerili	111237039	XP_022621713
Vertebrata	Seriola_lalandi_dorsalis	111664335	XP_023274633
Vertebrata	Silurus_meridionalis	124389005	XP_046710149
Vertebrata	Siniperca_chuatsi	122867158	XP_044033488
Vertebrata	Sinocyclocheilus_anshuiensis	107684061	XP_016335695
Vertebrata	Sinocyclocheilus_anshuiensis	107702482	XP_016360310
Vertebrata	Sinocyclocheilus_grahami	107565779	XP_016106540
Vertebrata	Sinocyclocheilus_grahami	107581585	XP_016122691
Vertebrata	Sinocyclocheilus_rhinocerous	107722180	XP_016385918
Vertebrata	Sinocyclocheilus_rhinocerous	107755500	XP_016427793
Vertebrata	Solea_senegalensis	122759096	XP_043869576
Vertebrata	Solea_solea	131448350	XP_058476711
Vertebrata	Sorex_araneus	101537514	XP_004621115
Vertebrata	Sorex_araneus	101539044	XP_012791398
Vertebrata	Sorex_fumeus	130024902	XP_055971698
Vertebrata	Sphaerodactylus_townsendi	125428348	XP_048344234
Vertebrata	Stenella_coeruleoalba	307177149	XP_079760125
Vertebrata	Strigops_habroptila	115616608	XP_030361931
Vertebrata	Strix_uralensis	141952334	XP_074745782
Vertebrata	Struthio_camelus_australis	104140198	XP_009667083
Vertebrata	Sturnira_hondurensis	119002394	XP_036924219
Vertebrata	Sturnus_vulgaris	106859919	XP_014742967
Vertebrata	Suncus_etruscus	126013899	XP_049633070
Vertebrata	Sus_scrofa	397561	NP_001093400
Vertebrata	Sylvia_atricapilla	136369400	XP_066188307
Vertebrata	Symphalangus_syndactylus	129461431	XP_055096337
Vertebrata	Symphalangus_syndactylus	129490686	XP_055150488
Vertebrata	Syngnathoides_biaculeatus	133496083	XP_061667276
Vertebrata	Syngnathus_scovelli	125991592	XP_049615584
Vertebrata	Tachyglossus_aculeatus	119923465	XP_038598763
Vertebrata	Tachysurus_fulvidraco	113662599	XP_027033337
Vertebrata	Tachysurus_vachellii	132864065	XP_060753277
Vertebrata	Taeniopygia_guttata	100226957	XP_030143528
Vertebrata	Takifugu_flavidus	130526164	XP_056889591
Vertebrata	Takifugu_rubripes	101069108	XP_011618161
Vertebrata	Talpa_occidentalis	119231088	XP_037348616
Vertebrata	Tauraco_erythrolophus	104383625	XP_009990129
Vertebrata	Tetraodon_nigroviridis	GSTEN00010858G001	CAF94659
Vertebrata	Thamnophis_sirtalis	106542096	XP_013913217
Vertebrata	Theropithecus_gelada	112609166	XP_025217430
Vertebrata	Thunnus_thynnus	137172484	XP_067433042
Vertebrata	Tinamus_guttatus	104577701	XP_010223497
Vertebrata	Trachemys_scripta_elegans	117887805	XP_034646427
Vertebrata	Trachypithecus_francoisi	117066371	XP_033037564
Vertebrata	Trematomus_bernacchii	117482581	XP_033986607
Vertebrata	Trichechus_manatus_latirostris	101361851	XP_023584963
Vertebrata	Trichomycterus_rosablanca	134321300	XP_062859033
Vertebrata	Trichosurus_vulpecula	118846002	XP_036610005
Vertebrata	Triplophysa_dalaica	130438709	XP_056626779
Vertebrata	Triplophysa_rosa	130568943	XP_057214185
Vertebrata	Tupaia_chinensis	102481635	XP_014442204
Vertebrata	Tympanuchus_pallidicinctus	128083039	XP_052543867
Vertebrata	Tyto_alba	104367309	XP_032857738
Vertebrata	Ursus_americanus	123777917	XP_045630915
Vertebrata	Ursus_arctos	113244480	XP_026339634
Vertebrata	Ursus_maritimus	103666012	XP_040495896
Vertebrata	Varanus_komodoensis	123018129	XP_044275877
Vertebrata	Vicugna_pacos	102531336	XP_031531823
Vertebrata	Vidua_chalybeata	128797801	XP_053816674
Vertebrata	Vidua_macroura	128817041	XP_053851110
Vertebrata	Vulpes_lagopus	121472961	XP_041580612
Vertebrata	Vulpes_vulpes	112920917	XP_025855761
Vertebrata	Xenopus_laevis	108701000	XP_018090602
Vertebrata	Xenopus_tropicalis	100487052	XP_031750124
Vertebrata	Xiphias_gladius	120794114	XP_039990730
Vertebrata	Xiphophorus_couchianus	114151265	XP_027884163
Vertebrata	Xiphophorus_hellerii	116727337	XP_032430606
Vertebrata	Xiphophorus_maculatus	102232393	XP_023196775
Vertebrata	Zalophus_californianus	113939482	XP_027481452
Vertebrata	Zonotrichia_albicollis	102069381	XP_005495721
Vertebrata	Zonotrichia_leucophrys_gambelii	135455493	XP_064584818
Vertebrata	Zootoca_vivipara	118079765	XP_034960186
Tunicata	Ciona_intestinalis	100181277	XP_018667271
Hemichordata	Ptychodera_flava	139151958	XP_070581121
Hemichordata	Saccoglossus_kowalevskii	100369299	XP_006825448
Hemichordata	Saccoglossus_kowalevskii	100369443	XP_002741902
Hemichordata	Saccoglossus_kowalevskii	100370573	XP_077868685
Hemichordata	Saccoglossus_kowalevskii	100374692	XP_002737768
Hemichordata	Saccoglossus_kowalevskii	100376755	XP_006825595
Hemichordata	Saccoglossus_kowalevskii	102807132	XP_077862183
Echinodermata	Amphiura_filiformis	140149929	XP_072028047
Echinodermata	Anneissia_japonica	117103566	XP_033100036
Echinodermata	Apostichopus_japonicus	139979426	XP_071846296
Echinodermata	Lytechinus_pictus	129269475	XP_054762953
Echinodermata	Lytechinus_variegatus	121422288	XP_041473157
Echinodermata	Strongylocentrotus_purpuratus	105440011	XP_030840197
Annelida	Helobdella_robusta	HELRODRAFT_99033	XP_009016377
Mollusca	Argopecten_irradians	138322617	XP_069122700
Mollusca	Argopecten_irradians	138323618	XP_069124447
Mollusca	Babylonia_areolata	143292346	XP_076458650
Mollusca	Babylonia_areolata	143293113	XP_076460136
Mollusca	Biomphalaria_glabrata	106063187	XP_013076947
Mollusca	Crassostrea_virginica	111118924	XP_022314347
Mollusca	Crassostrea_virginica	111119570	XP_022315551
Mollusca	Crassostrea_virginica	111121707	XP_022318786
Mollusca	Dreissena_polymorpha	127868613	XP_052266451
Mollusca	Gigantopelta_aegis	121378992	XP_041363356
Mollusca	Gigantopelta_aegis	121387861	XP_041375027
Mollusca	Haliotis_asinina	137283444	XP_067671035
Mollusca	Haliotis_cracherodii	139468162	XP_071106050
Mollusca	Haliotis_rubra	124276718	XP_046568317
Mollusca	Haliotis_rubra	124282414	XP_046574354
Mollusca	Haliotis_rufescens	124117938	XP_046335907
Mollusca	Haliotis_rufescens	124131515	XP_046350765
Mollusca	Liolophura_japonica	135473004	XP_064608844
Mollusca	Littorina_saxatilis	138959430	XP_070187017
Mollusca	Lottia_gigantea	LOTGIDRAFT_235996	XP_009064332
Mollusca	Magallana_angulata	128166082	XP_052686944
Mollusca	Magallana_angulata	128166243	XP_052687231
Mollusca	Magallana_gigas	105318687	XP_065935097
Mollusca	Magallana_gigas	105334039	XP_011435632
Mollusca	Magallana_gigas	105338805	XP_065921250
Mollusca	Mercenaria_mercenaria	123528595	XP_045164352
Mollusca	Mercenaria_mercenaria	123530400	XP_053376816
Mollusca	Mercenaria_mercenaria	123554103	XP_053380142
Mollusca	Mercenaria_mercenaria	123564054	XP_053392677
Mollusca	Mizuhopecten_yessoensis	110448576	XP_021350562
Mollusca	Mizuhopecten_yessoensis	110453408	XP_021358014
Mollusca	Mizuhopecten_yessoensis	110453914	XP_021358822
Mollusca	Mya_arenaria	128205881	XP_052763882
Mollusca	Mya_arenaria	128208532	XP_052768050
Mollusca	Mytilus_californianus	127709394	XP_052070860
Mollusca	Octopus_bimaculoides	106874238	XP_014777379
Mollusca	Octopus_sinensis	115218869	XP_029644700
Mollusca	Ostrea_edulis	125668843	XP_048759235
Mollusca	Ostrea_edulis	125671711	XP_056019561
Mollusca	Ostrea_edulis	130053943	XP_056017697
Mollusca	Patella_vulgata	126811337	XP_050392804
Mollusca	Pecten_maximus	117332675	XP_033747566
Mollusca	Pecten_maximus	117336733	XP_033753240
Mollusca	Pecten_maximus	117338653	XP_033755905
Mollusca	Pomacea_canaliculata	112557139	XP_025082582
Mollusca	Ruditapes_philippinarum	132740144	XP_060583977
Mollusca	Ruditapes_philippinarum	132757623	XP_060604928
Mollusca	Ylistrum_balloti	132548739	XP_060068605
Mollusca	Ylistrum_balloti	132559529	XP_060080138
Arthropoda	Acromyrmex_echinatior	105145358	XP_011053150
Arthropoda	Acromyrmex_echinatior	105145528	XP_011053445
Arthropoda	Acromyrmex_echinatior	105151862	XP_011064115
Arthropoda	Acromyrmex_echinatior	105153178	XP_011066186
Arthropoda	Acromyrmex_echinatior	105153179	XP_011066187
Arthropoda	Acromyrmex_echinatior	105153181	XP_011066190
Arthropoda	Acyrthosiphon_pisum	100158855	XP_001942950
Arthropoda	Acyrthosiphon_pisum	100158857	XP_003244253
Arthropoda	Acyrthosiphon_pisum	100159146	XP_029342365
Arthropoda	Acyrthosiphon_pisum	100160920	XP_001949630
Arthropoda	Acyrthosiphon_pisum	100162692	XP_016657086
Arthropoda	Acyrthosiphon_pisum	100163154	XP_001945287
Arthropoda	Acyrthosiphon_pisum	100164777	XP_008179554
Arthropoda	Acyrthosiphon_pisum	100166426	XP_008187030
Arthropoda	Acyrthosiphon_pisum	100166618	XP_029346963
Arthropoda	Acyrthosiphon_pisum	100167255	XP_001945190
Arthropoda	Acyrthosiphon_pisum	100570193	XP_029346913
Arthropoda	Acyrthosiphon_pisum	103308252	XP_016657076
Arthropoda	Acyrthosiphon_pisum	115033631	XP_029342372
Arthropoda	Adelges_cooleyi	126834158	XP_050421853
Arthropoda	Adelges_cooleyi	126834160	XP_050421854
Arthropoda	Adelges_cooleyi	126834757	XP_050422871
Arthropoda	Adelges_cooleyi	126834891	XP_050423058
Arthropoda	Adelges_cooleyi	126834929	XP_050423113
Arthropoda	Adelges_cooleyi	126834984	XP_050423203
Arthropoda	Adelges_cooleyi	126834985	XP_050423204
Arthropoda	Adelges_cooleyi	126836267	XP_050425474
Arthropoda	Adelges_cooleyi	126837977	XP_050427979
Arthropoda	Adelges_cooleyi	126840242	XP_050431818
Arthropoda	Adelges_cooleyi	126844550	XP_050438787
Arthropoda	Adelges_cooleyi	126844589	XP_050438841
Arthropoda	Aedes_aegypti	5568814	XP_001658180
Arthropoda	Aedes_aegypti	5570229	XP_001659008
Arthropoda	Aedes_aegypti	5573927	XP_001654963
Arthropoda	Aedes_aegypti	5573929	XP_021703368
Arthropoda	Aedes_aegypti	5573930	XP_021703369
Arthropoda	Aedes_aegypti	5573931	XP_001654967
Arthropoda	Aedes_albopictus	109407207	XP_019535737
Arthropoda	Aedes_albopictus	109419595	XP_029715178
Arthropoda	Aedes_albopictus	109421176	XP_019551216
Arthropoda	Aedes_albopictus	109421178	XP_019551217
Arthropoda	Aedes_albopictus	109421326	XP_019551378
Arthropoda	Aedes_albopictus	109421327	XP_019551379
Arthropoda	Aedes_albopictus	109426323	XP_019557324
Arthropoda	Aedes_albopictus	109427809	XP_019558943
Arthropoda	Aedes_albopictus	109427811	XP_029725313
Arthropoda	Aedes_albopictus	115265184	XP_029725312
Arthropoda	Aedes_albopictus	115265185	XP_029725314
Arthropoda	Aedes_albopictus	115265533	XP_029726937
Arthropoda	Aedes_albopictus	115265534	XP_029726938
Arthropoda	Aedes_albopictus	115265569	XP_029727059
Arthropoda	Aethina_tumida	109594991	XP_049825079
Arthropoda	Aethina_tumida	109596773	XP_019867912
Arthropoda	Aethina_tumida	109597612	XP_019868913
Arthropoda	Aethina_tumida	109597613	XP_049824856
Arthropoda	Aethina_tumida	109606028	XP_049824479
Arthropoda	Aethina_tumida	109608696	XP_049826809
Arthropoda	Agrilus_planipennis	108738620	XP_025837084
Arthropoda	Agrilus_planipennis	108738636	XP_025837108
Arthropoda	Agrilus_planipennis	108744646	XP_018336014
Arthropoda	Agrilus_planipennis	108744885	XP_018336345
Arthropoda	Agrilus_planipennis	112903898	XP_025837123
Arthropoda	Amyelois_transitella	106129873	XP_060806696
Arthropoda	Amyelois_transitella	106133287	XP_060802513
Arthropoda	Amyelois_transitella	106137093	XP_060806822
Arthropoda	Amyelois_transitella	106139537	XP_013196463
Arthropoda	Amyelois_transitella	106140702	XP_060806815
Arthropoda	Amyelois_transitella	132902241	XP_060802511
Arthropoda	Anastrepha_ludens	128864926	XP_053960667
Arthropoda	Anastrepha_ludens	128866816	XP_053963784
Arthropoda	Anastrepha_obliqua	129239841	XP_054731484
Arthropoda	Anastrepha_obliqua	129247704	XP_054742931
Arthropoda	Anopheles_albimanus	118457071	XP_035774234
Arthropoda	Anopheles_albimanus	118457072	XP_035774236
Arthropoda	Anopheles_albimanus	118457251	XP_035774532
Arthropoda	Anopheles_albimanus	118460963	XP_035781632
Arthropoda	Anopheles_arabiensis	120897655	XP_040158608
Arthropoda	Anopheles_arabiensis	120901692	XP_040165772
Arthropoda	Anopheles_arabiensis	120901693	XP_040165773
Arthropoda	Anopheles_arabiensis	120902683	XP_040167579
Arthropoda	Anopheles_coluzzii	120953445	XP_040229291
Arthropoda	Anopheles_coluzzii	120957046	XP_040234908
Arthropoda	Anopheles_coluzzii	120957047	XP_040234909
Arthropoda	Anopheles_coluzzii	120957376	XP_040235498
Arthropoda	Anopheles_coustani	131263066	XP_058121192
Arthropoda	Anopheles_coustani	131264045	XP_058122318
Arthropoda	Anopheles_coustani	131266113	XP_058124455
Arthropoda	Anopheles_coustani	131272416	XP_058130124
Arthropoda	Anopheles_darlingi	125948142	XP_049529876
Arthropoda	Anopheles_darlingi	125948808	XP_049531202
Arthropoda	Anopheles_darlingi	125949810	XP_049533139
Arthropoda	Anopheles_funestus	125760874	XP_049277378
Arthropoda	Anopheles_funestus	125761106	XP_049277913
Arthropoda	Anopheles_funestus	125761107	XP_049277914
Arthropoda	Anopheles_funestus	125763888	XP_049283506
Arthropoda	Anopheles_gambiae	1277512	XP_061518498
Arthropoda	Anopheles_gambiae	1280133	XP_061509638
Arthropoda	Anopheles_gambiae	1281226	XP_321166
Arthropoda	Anopheles_gambiae	133394060	XP_061518499
Arthropoda	Anopheles_maculipalpis	126556580	XP_050067863
Arthropoda	Anopheles_maculipalpis	126563733	XP_050076377
Arthropoda	Anopheles_maculipalpis	126563744	XP_050076401
Arthropoda	Anopheles_maculipalpis	126563745	XP_050076402
Arthropoda	Anopheles_marshallii	128708721	XP_053659676
Arthropoda	Anopheles_marshallii	128710832	XP_053661661
Arthropoda	Anopheles_marshallii	128711434	XP_053662286
Arthropoda	Anopheles_marshallii	128713632	XP_053664469
Arthropoda	Anopheles_merus	121588791	XP_041763080
Arthropoda	Anopheles_merus	121596133	XP_041776742
Arthropoda	Anopheles_merus	121596134	XP_041776743
Arthropoda	Anopheles_merus	121597373	XP_041779028
Arthropoda	Anopheles_moucheti	128303286	XP_052896146
Arthropoda	Anopheles_moucheti	128303352	XP_052896240
Arthropoda	Anopheles_moucheti	128304830	XP_052898027
Arthropoda	Anopheles_nili	128721672	XP_053671426
Arthropoda	Anopheles_nili	128725329	XP_053675037
Arthropoda	Anopheles_nili	128725433	XP_053675149
Arthropoda	Anopheles_nili	128725544	XP_053675272
Arthropoda	Anopheles_stephensi	118506620	XP_035899881
Arthropoda	Anopheles_stephensi	118512534	XP_035912979
Arthropoda	Anopheles_stephensi	118514284	XP_035916919
Arthropoda	Anopheles_stephensi	118514285	XP_035916920
Arthropoda	Anoplophora_glabripennis	108904619	XP_023310798
Arthropoda	Anoplophora_glabripennis	108907685	XP_023313028
Arthropoda	Anoplophora_glabripennis	108907709	XP_023313031
Arthropoda	Anoplophora_glabripennis	108909811	XP_018569755
Arthropoda	Anoplophora_glabripennis	108910339	XP_018570431
Arthropoda	Anoplophora_glabripennis	108911983	XP_018572598
Arthropoda	Anoplophora_glabripennis	108913380	XP_023312179
Arthropoda	Anoplophora_glabripennis	108914573	XP_023312031
Arthropoda	Anoplophora_glabripennis	108915456	XP_023311358
Arthropoda	Anoplophora_glabripennis	108915506	XP_018577075
Arthropoda	Anoplophora_glabripennis	108915555	XP_023312265
Arthropoda	Anoplophora_glabripennis	108915676	XP_018577290
Arthropoda	Anoplophora_glabripennis	108917957	XP_018580299
Arthropoda	Anthonomus_grandis_grandis	126734800	XP_050294495
Arthropoda	Anthonomus_grandis_grandis	126738221	XP_050299399
Arthropoda	Anthonomus_grandis_grandis	126740024	XP_050301861
Arthropoda	Aphidius_gifuensis	122850599	XP_044005669
Arthropoda	Aphidius_gifuensis	122854259	XP_044010676
Arthropoda	Aphidius_gifuensis	122856284	XP_044013914
Arthropoda	Aphidius_gifuensis	122856308	XP_044013937
Arthropoda	Aphidius_gifuensis	122856310	XP_044013939
Arthropoda	Aphidius_gifuensis	122858803	XP_044017894
Arthropoda	Aphidius_gifuensis	122858805	XP_044017896
Arthropoda	Aphidius_gifuensis	122858806	XP_044017899
Arthropoda	Aphis_gossypii	114119081	XP_050066862
Arthropoda	Aphis_gossypii	114121653	XP_027839878
Arthropoda	Aphis_gossypii	114121660	XP_027839886
Arthropoda	Aphis_gossypii	114121661	XP_027839887
Arthropoda	Aphis_gossypii	114121664	XP_027839891
Arthropoda	Aphis_gossypii	114121759	XP_027840012
Arthropoda	Aphis_gossypii	114121761	XP_027840015
Arthropoda	Aphis_gossypii	114121762	XP_027840016
Arthropoda	Aphis_gossypii	114122899	XP_027841490
Arthropoda	Aphis_gossypii	114125345	XP_050064418
Arthropoda	Aphis_gossypii	114129891	XP_027850548
Arthropoda	Aphis_gossypii	126548841	XP_027844759
Arthropoda	Aphis_gossypii	126555907	XP_050066861
Arthropoda	Apis_cerana	107993563	XP_016905543
Arthropoda	Apis_cerana	108000565	XP_016916454
Arthropoda	Apis_dorsata	102674547	XP_006623860
Arthropoda	Apis_dorsata	102675377	XP_006618836
Arthropoda	Apis_florea	100869809	XP_012345405
Arthropoda	Apis_florea	100872364	XP_012339136
Arthropoda	Apis_laboriosa	122713456	XP_043789859
Arthropoda	Apis_laboriosa	122719538	XP_043801386
Arthropoda	Apis_mellifera	411959	XP_395426
Arthropoda	Apis_mellifera	412815	XP_006567467
Arthropoda	Argiope_bruennichi	129972142	XP_055942128
Arthropoda	Argiope_bruennichi	129983957	XP_055949665
Arthropoda	Argiope_bruennichi	129984469	XP_055950330
Arthropoda	Aricia_agestis	121727814	XP_041971750
Arthropoda	Aricia_agestis	121728166	XP_041972223
Arthropoda	Aricia_agestis	121728167	XP_041972224
Arthropoda	Aricia_agestis	121728374	XP_041972479
Arthropoda	Aricia_agestis	121728375	XP_041972481
Arthropoda	Aricia_agestis	121729000	XP_041973300
Arthropoda	Aricia_agestis	121739109	XP_041987370
Arthropoda	Aricia_agestis	121739434	XP_041987847
Arthropoda	Armigeres_subalbatus	134210330	XP_062542362
Arthropoda	Armigeres_subalbatus	134212534	XP_062546475
Arthropoda	Armigeres_subalbatus	134213474	XP_062548539
Arthropoda	Armigeres_subalbatus	134213475	XP_062548540
Arthropoda	Armigeres_subalbatus	134213476	XP_062548542
Arthropoda	Armigeres_subalbatus	134213477	XP_062548543
Arthropoda	Armigeres_subalbatus	134213478	XP_062548544
Arthropoda	Armigeres_subalbatus	134224198	XP_062559470
Arthropoda	Athalia_rosae	105682913	XP_048505770
Arthropoda	Athalia_rosae	105683475	XP_012251516
Arthropoda	Athalia_rosae	105683507	XP_048505788
Arthropoda	Athalia_rosae	105685066	XP_012254303
Arthropoda	Athalia_rosae	105689365	XP_012261752
Arthropoda	Atta_cephalotes	105617602	XP_012054547
Arthropoda	Atta_cephalotes	105621803	XP_012058645
Arthropoda	Atta_cephalotes	105621939	XP_012058765
Arthropoda	Atta_cephalotes	105621944	XP_012058770
Arthropoda	Atta_cephalotes	105626385	XP_012063076
Arthropoda	Atta_cephalotes	105626590	XP_012063273
Arthropoda	Atta_colombica	108684958	XP_018045020
Arthropoda	Atta_colombica	108686308	XP_018047042
Arthropoda	Atta_colombica	108687230	XP_018048381
Arthropoda	Atta_colombica	108691722	XP_018055076
Arthropoda	Atta_colombica	108691723	XP_018055078
Arthropoda	Atta_colombica	108694174	XP_018058980
Arthropoda	Atta_colombica	108694757	XP_018059907
Arthropoda	Bacillus_rossius_redtenbacheri	134528920	XP_063218658
Arthropoda	Bacillus_rossius_redtenbacheri	134538264	XP_063235485
Arthropoda	Bacillus_rossius_redtenbacheri	134538267	XP_063235500
Arthropoda	Bacillus_rossius_redtenbacheri	134540181	XP_063238814
Arthropoda	Bacillus_rossius_redtenbacheri	134540396	XP_063239172
Arthropoda	Bacillus_rossius_redtenbacheri	134541119	XP_063240365
Arthropoda	Bactrocera_dorsalis	105226031	XP_011203074
Arthropoda	Bactrocera_dorsalis	105226742	XP_011204063
Arthropoda	Bactrocera_dorsalis	105234016	XP_049305780
Arthropoda	Bactrocera_oleae	106622597	XP_014097293
Arthropoda	Bactrocera_oleae	106623804	XP_014098900
Arthropoda	Battus_philenor	137919127	XP_068618196
Arthropoda	Battus_philenor	137921729	XP_068620644
Arthropoda	Battus_philenor	137924059	XP_068623475
Arthropoda	Battus_philenor	137924307	XP_068623798
Arthropoda	Battus_philenor	137924408	XP_068623908
Arthropoda	Battus_philenor	137924411	XP_068623911
Arthropoda	Battus_philenor	137930744	XP_068630161
Arthropoda	Bemisia_tabaci	109030324	XP_018896766
Arthropoda	Bemisia_tabaci	109030326	XP_018896768
Arthropoda	Bemisia_tabaci	109030328	XP_018896771
Arthropoda	Bemisia_tabaci	109030331	XP_018896774
Arthropoda	Bemisia_tabaci	109030398	XP_018896885
Arthropoda	Bemisia_tabaci	109030399	XP_018896886
Arthropoda	Bemisia_tabaci	109030416	XP_018896910
Arthropoda	Bemisia_tabaci	109030430	XP_018896927
Arthropoda	Bemisia_tabaci	109030431	XP_018896928
Arthropoda	Bemisia_tabaci	109030434	XP_018896936
Arthropoda	Bemisia_tabaci	109033165	XP_018901189
Arthropoda	Bemisia_tabaci	109034371	XP_018903024
Arthropoda	Bemisia_tabaci	109034713	XP_018903541
Arthropoda	Bemisia_tabaci	109035771	XP_018905067
Arthropoda	Bemisia_tabaci	109037047	XP_018907085
Arthropoda	Bemisia_tabaci	109040649	XP_018912187
Arthropoda	Bemisia_tabaci	109043544	XP_018916304
Arthropoda	Bicyclus_anynana	112043408	XP_023934577
Arthropoda	Bicyclus_anynana	112046001	XP_052738966
Arthropoda	Bicyclus_anynana	112047759	XP_052739213
Arthropoda	Bicyclus_anynana	112048406	XP_052738837
Arthropoda	Bicyclus_anynana	112048408	XP_052738836
Arthropoda	Bicyclus_anynana	112048427	XP_052738834
Arthropoda	Bicyclus_anynana	112055695	XP_052739228
Arthropoda	Bicyclus_anynana	112055697	XP_052739229
Arthropoda	Bombus_affinis	126920648	XP_050587270
Arthropoda	Bombus_affinis	126924888	XP_050595797
Arthropoda	Bombus_bifarius	117207135	XP_033302932
Arthropoda	Bombus_bifarius	117216471	XP_033319074
Arthropoda	Bombus_huntii	126865416	XP_050473832
Arthropoda	Bombus_huntii	126873879	XP_050491170
Arthropoda	Bombus_impatiens	100742442	XP_012245318
Arthropoda	Bombus_impatiens	100742781	XP_003488176
Arthropoda	Bombus_pascuorum	132905990	XP_060813783
Arthropoda	Bombus_pascuorum	132914002	XP_060828725
Arthropoda	Bombus_pyrosoma	122570077	XP_043587863
Arthropoda	Bombus_pyrosoma	122571176	XP_043590502
Arthropoda	Bombus_terrestris	100644763	XP_012166572
Arthropoda	Bombus_terrestris	100652317	NP_001267840
Arthropoda	Bombus_vancouverensis_nearcticus	117158763	XP_033193891
Arthropoda	Bombus_vancouverensis_nearcticus	117160845	XP_033197779
Arthropoda	Bombus_vosnesenskii	117232671	XP_033348083
Arthropoda	Bombus_vosnesenskii	117234004	XP_033350687
Arthropoda	Bombyx_mandarina	114240500	XP_028026866
Arthropoda	Bombyx_mandarina	114242082	XP_028028891
Arthropoda	Bombyx_mandarina	114242083	XP_028028892
Arthropoda	Bombyx_mandarina	114242139	XP_028028986
Arthropoda	Bombyx_mandarina	114243311	XP_028030557
Arthropoda	Bombyx_mandarina	114247718	XP_028036541
Arthropoda	Bombyx_mandarina	114247719	XP_028036542
Arthropoda	Bombyx_mandarina	114248778	XP_028037999
Arthropoda	Bombyx_mandarina	114248779	XP_028038000
Arthropoda	Bombyx_mandarina	114251936	XP_028042187
Arthropoda	Bombyx_mandarina	114252855	XP_028043328
Arthropoda	Bombyx_mori	101735422	XP_062529155
Arthropoda	Bombyx_mori	101740134	XP_037873187
Arthropoda	Bombyx_mori	101742047	XP_037872193
Arthropoda	Bombyx_mori	101742625	XP_037872252
Arthropoda	Bombyx_mori	110385087	XP_037873188
Arthropoda	Bombyx_mori	110385370	XP_037870080
Arthropoda	Bombyx_mori	693037	NP_001037476
Arthropoda	Bombyx_mori	693038	NP_001037478
Arthropoda	Bradysia_coprophila	119066110	XP_037024282
Arthropoda	Bradysia_coprophila	119067832	XP_037026904
Arthropoda	Bradysia_coprophila	119071053	XP_037031566
Arthropoda	Bradysia_coprophila	119077605	XP_037040750
Arthropoda	Bradysia_coprophila	119077681	XP_037040878
Arthropoda	Bradysia_coprophila	119078059	XP_037041429
Arthropoda	Bradysia_coprophila	119078233	XP_037041633
Arthropoda	Bradysia_coprophila	119078601	XP_037042085
Arthropoda	Bradysia_coprophila	119082139	XP_037047413
Arthropoda	Calliphora_vicina	135952563	XP_065358644
Arthropoda	Calliphora_vicina	135962964	XP_065370852
Arthropoda	Calliphora_vicina	135962980	XP_065370853
Arthropoda	Camponotus_floridanus	105247751	XP_025261728
Arthropoda	Camponotus_floridanus	105247758	XP_025270749
Arthropoda	Camponotus_floridanus	105248514	XP_025262583
Arthropoda	Camponotus_floridanus	105249037	XP_025267095
Arthropoda	Camponotus_floridanus	105249406	XP_025263573
Arthropoda	Camponotus_floridanus	105250095	XP_025262487
Arthropoda	Camponotus_floridanus	105250609	XP_025264491
Arthropoda	Camponotus_floridanus	105251211	XP_011256122
Arthropoda	Camponotus_floridanus	105254251	XP_025268427
Arthropoda	Camponotus_floridanus	105254262	XP_025268424
Arthropoda	Camponotus_floridanus	105256048	XP_025266587
Arthropoda	Camponotus_floridanus	105256223	XP_025268425
Arthropoda	Camponotus_floridanus	105256457	XP_011264667
Arthropoda	Camponotus_floridanus	105256463	XP_025266340
Arthropoda	Camponotus_floridanus	105256816	XP_025263325
Arthropoda	Camponotus_floridanus	105257505	XP_025268428
Arthropoda	Camponotus_floridanus	105258076	XP_025270591
Arthropoda	Camponotus_floridanus	105259522	XP_025266595
Arthropoda	Camponotus_floridanus	105259561	XP_025263530
Arthropoda	Camponotus_floridanus	112637545	XP_025263299
Arthropoda	Camponotus_floridanus	112637552	XP_025263353
Arthropoda	Camponotus_floridanus	112637553	XP_025263355
Arthropoda	Camponotus_floridanus	112637864	XP_025264308
Arthropoda	Camponotus_floridanus	112638128	XP_025265005
Arthropoda	Camponotus_floridanus	112638761	XP_025266760
Arthropoda	Camponotus_floridanus	112639698	XP_025270348
Arthropoda	Camponotus_floridanus	112639847	XP_025270793
Arthropoda	Cardiocondyla_obscurior	139104110	XP_070515442
Arthropoda	Cardiocondyla_obscurior	139104375	XP_070515915
Arthropoda	Cardiocondyla_obscurior	139105698	XP_070518046
Arthropoda	Cardiocondyla_obscurior	139106005	XP_070518542
Arthropoda	Cardiocondyla_obscurior	139108206	XP_070522398
Arthropoda	Cardiocondyla_obscurior	139108254	XP_070522484
Arthropoda	Cardiocondyla_obscurior	139109689	XP_070525054
Arthropoda	Cardiocondyla_obscurior	139111866	XP_070528536
Arthropoda	Cardiocondyla_obscurior	139112140	XP_070529058
Arthropoda	Cardiocondyla_obscurior	139112200	XP_070529160
Arthropoda	Cardiocondyla_obscurior	139112201	XP_070529161
Arthropoda	Cardiocondyla_obscurior	139112679	XP_070529854
Arthropoda	Cardiocondyla_obscurior	139112769	XP_070529930
Arthropoda	Cardiocondyla_obscurior	139112776	XP_070529936
Arthropoda	Cardiocondyla_obscurior	139113040	XP_070530035
Arthropoda	Cardiocondyla_obscurior	139113298	XP_070530444
Arthropoda	Centruroides_sculpturatus	111635849	XP_023236720
Arthropoda	Centruroides_vittatus	136970099	XP_067120579
Arthropoda	Cephus_cinctus	107264238	XP_015587765
Arthropoda	Cephus_cinctus	107266560	XP_024939586
Arthropoda	Ceratina_calcarata	108621920	XP_017875015
Arthropoda	Ceratina_calcarata	108628229	XP_026672126
Arthropoda	Ceratina_calcarata	108628230	XP_017885489
Arthropoda	Ceratina_calcarata	108628231	XP_026672146
Arthropoda	Ceratina_calcarata	108629850	XP_017888250
Arthropoda	Ceratitis_capitata	101452110	XP_004524715
Arthropoda	Ceratitis_capitata	101463409	XP_004524251
Arthropoda	Ceratosolen_solmsi_marchali	105361728	XP_011497282
Arthropoda	Ceratosolen_solmsi_marchali	105363109	XP_011499008
Arthropoda	Ceratosolen_solmsi_marchali	105366359	XP_011503081
Arthropoda	Ceratosolen_solmsi_marchali	105366362	XP_011503082
Arthropoda	Chelonus_insularis	118065921	XP_034937434
Arthropoda	Chelonus_insularis	118071190	XP_034946083
Arthropoda	Cherax_quadricarinatus	128692993	XP_069948171
Arthropoda	Choristoneura_fumiferana	141430983	XP_073947994
Arthropoda	Choristoneura_fumiferana	141431287	XP_073948502
Arthropoda	Choristoneura_fumiferana	141431288	XP_073948504
Arthropoda	Choristoneura_fumiferana	141431289	XP_073948505
Arthropoda	Choristoneura_fumiferana	141431507	XP_073948795
Arthropoda	Choristoneura_fumiferana	141432865	XP_073950767
Arthropoda	Choristoneura_fumiferana	141432866	XP_073950770
Arthropoda	Choristoneura_fumiferana	141432867	XP_073950773
Arthropoda	Choristoneura_fumiferana	141440167	XP_073960731
Arthropoda	Choristoneura_fumiferana	141440197	XP_073960762
Arthropoda	Choristoneura_fumiferana	141440267	XP_073960831
Arthropoda	Choristoneura_fumiferana	141440345	XP_073960954
Arthropoda	Chrysoperla_carnea	123295028	XP_044732163
Arthropoda	Chrysoperla_carnea	123295035	XP_044732174
Arthropoda	Chrysoperla_carnea	123296795	XP_044734384
Arthropoda	Chrysoperla_carnea	123298383	XP_044736306
Arthropoda	Chrysoperla_carnea	123301223	XP_044739892
Arthropoda	Chrysoperla_carnea	123301835	XP_044740686
Arthropoda	Chrysoperla_carnea	123301836	XP_044740687
Arthropoda	Chrysoperla_carnea	123301837	XP_044740689
Arthropoda	Chrysoperla_carnea	123301838	XP_044740690
Arthropoda	Cimex_lectularius	106661142	XP_014239844
Arthropoda	Cimex_lectularius	106663460	XP_014243797
Arthropoda	Cimex_lectularius	106664590	XP_014245947
Arthropoda	Cimex_lectularius	106667274	XP_014250608
Arthropoda	Cimex_lectularius	106667275	XP_014250611
Arthropoda	Coccinella_septempunctata	123308581	XP_044747246
Arthropoda	Coccinella_septempunctata	123309761	XP_044748944
Arthropoda	Coccinella_septempunctata	123318444	XP_044760998
Arthropoda	Coccinella_septempunctata	123320890	XP_044764314
Arthropoda	Coccinella_septempunctata	123320891	XP_044764316
Arthropoda	Coccinella_septempunctata	123321139	XP_044764578
Arthropoda	Coccinella_septempunctata	123322789	XP_044766742
Arthropoda	Colias_croceus	123694608	XP_045496042
Arthropoda	Colias_croceus	123700013	XP_045503054
Arthropoda	Colias_croceus	123700408	XP_045503574
Arthropoda	Colias_croceus	123700596	XP_045503814
Arthropoda	Colletes_gigas	122396376	XP_043250638
Arthropoda	Colletes_gigas	122397043	XP_043251796
Arthropoda	Condylostylus_longicornis	129608893	XP_055376639
Arthropoda	Condylostylus_longicornis	129609631	XP_055377654
Arthropoda	Condylostylus_longicornis	129609650	XP_055377678
Arthropoda	Contarinia_nasturtii	116337764	XP_031618486
Arthropoda	Contarinia_nasturtii	116340889	XP_031623485
Arthropoda	Contarinia_nasturtii	116344296	XP_031628631
Arthropoda	Contarinia_nasturtii	116344424	XP_031628812
Arthropoda	Contarinia_nasturtii	116348279	XP_031635094
Arthropoda	Contarinia_nasturtii	116348400	XP_031635247
Arthropoda	Contarinia_nasturtii	116348460	XP_031635340
Arthropoda	Contarinia_nasturtii	116349479	XP_031636808
Arthropoda	Contarinia_nasturtii	116351032	XP_031638918
Arthropoda	Contarinia_nasturtii	116351271	XP_031639212
Arthropoda	Contarinia_nasturtii	116352489	XP_031641000
Arthropoda	Cotesia_glomerata	123261598	XP_044579217
Arthropoda	Cotesia_glomerata	123261635	XP_044579265
Arthropoda	Cotesia_glomerata	123261644	XP_044579279
Arthropoda	Cotesia_typhae	141526445	XP_074097576
Arthropoda	Cotesia_typhae	141535506	XP_074111564
Arthropoda	Cryptotermes_secundus	111862485	XP_023703717
Arthropoda	Cryptotermes_secundus	111868235	XP_033608867
Arthropoda	Cryptotermes_secundus	111869163	XP_023716202
Arthropoda	Cryptotermes_secundus	111872264	XP_033610522
Arthropoda	Cryptotermes_secundus	111872433	XP_023722120
Arthropoda	Cryptotermes_secundus	111874236	XP_023725321
Arthropoda	Cryptotermes_secundus	111874303	XP_033611293
Arthropoda	Ctenocephalides_felis	113368221	XP_026465570
Arthropoda	Ctenocephalides_felis	113374636	XP_026470398
Arthropoda	Ctenocephalides_felis	113377117	XP_026473107
Arthropoda	Culex_pipiens_pallens	120414303	XP_039431376
Arthropoda	Culex_pipiens_pallens	120416311	XP_039433966
Arthropoda	Culex_pipiens_pallens	120429905	XP_039450932
Arthropoda	Culex_pipiens_pallens	120429917	XP_039450945
Arthropoda	Culex_quinquefasciatus	CpipJ_CPIJ003494	EDS39298
Arthropoda	Culex_quinquefasciatus	CpipJ_CPIJ003495	EDS39299
Arthropoda	Culex_quinquefasciatus	CpipJ_CPIJ005595	EDS45473
Arthropoda	Culex_quinquefasciatus	CpipJ_CPIJ008367	EDS30986
Arthropoda	Culicoides_brevitarsis	134827350	XP_063696021
Arthropoda	Culicoides_brevitarsis	134830204	XP_063699678
Arthropoda	Culicoides_brevitarsis	134832532	XP_063702664
Arthropoda	Culicoides_brevitarsis	134835450	XP_063706399
Arthropoda	Culicoides_brevitarsis	134835451	XP_063706400
Arthropoda	Culicoides_brevitarsis	134837526	XP_063708978
Arthropoda	Culicoides_brevitarsis	134837942	XP_063709409
Arthropoda	Cydia_strobilella	134741298	XP_063530101
Arthropoda	Cydia_strobilella	134745403	XP_063535514
Arthropoda	Cydia_strobilella	134747784	XP_063538496
Arthropoda	Cydia_strobilella	134748511	XP_063539374
Arthropoda	Cydia_strobilella	134749886	XP_063540956
Arthropoda	Cydia_strobilella	134749887	XP_063540957
Arthropoda	Cydia_strobilella	134750225	XP_063541437
Arthropoda	Cydia_strobilella	134755633	XP_063548210
Arthropoda	Cyphomyrmex_costatus	108772259	XP_018393255
Arthropoda	Cyphomyrmex_costatus	108772284	XP_018393293
Arthropoda	Cyphomyrmex_costatus	108772285	XP_018393294
Arthropoda	Cyphomyrmex_costatus	108772286	XP_018393295
Arthropoda	Cyphomyrmex_costatus	108772301	XP_018393314
Arthropoda	Cyphomyrmex_costatus	108773892	XP_018395355
Arthropoda	Cyphomyrmex_costatus	108774764	XP_018396449
Arthropoda	Cyphomyrmex_costatus	108774924	XP_018396669
Arthropoda	Cyphomyrmex_costatus	108775517	XP_018397404
Arthropoda	Cyphomyrmex_costatus	108777508	XP_018399922
Arthropoda	Cyphomyrmex_costatus	108778156	XP_018400760
Arthropoda	Cyphomyrmex_costatus	108778203	XP_018400822
Arthropoda	Cyphomyrmex_costatus	108778987	XP_018401821
Arthropoda	Daktulosphaira_vitifoliae	126895965	XP_050524285
Arthropoda	Daktulosphaira_vitifoliae	126900026	XP_050531344
Arthropoda	Daktulosphaira_vitifoliae	126905892	XP_050541970
Arthropoda	Daktulosphaira_vitifoliae	126905920	XP_050542017
Arthropoda	Daktulosphaira_vitifoliae	126905921	XP_050542021
Arthropoda	Daktulosphaira_vitifoliae	126906167	XP_050542459
Arthropoda	Daktulosphaira_vitifoliae	126906332	XP_050542846
Arthropoda	Daktulosphaira_vitifoliae	126906422	XP_050542991
Arthropoda	Danaus_plexippus	KGM_206960A	OWR45966
Arthropoda	Danaus_plexippus	KGM_207082	OWR55047
Arthropoda	Danaus_plexippus	KGM_212360	OWR54692
Arthropoda	Dendroctonus_ponderosae	109541738	XP_019766228
Arthropoda	Dendroctonus_ponderosae	109542929	XP_048521697
Arthropoda	Dendroctonus_ponderosae	109542979	XP_019768017
Arthropoda	Dendroctonus_ponderosae	109544836	XP_019770760
Arthropoda	Dermacentor_albipictus	135901498	XP_070379354
Arthropoda	Dermacentor_albipictus	135909727	XP_065297860
Arthropoda	Dermacentor_albipictus	135910184	XP_070380712
Arthropoda	Dermacentor_albipictus	135910185	XP_070380711
Arthropoda	Dermacentor_albipictus	135910195	XP_065298319
Arthropoda	Dermacentor_albipictus	135916602	XP_070388897
Arthropoda	Dermacentor_albipictus	135916603	XP_065306105
Arthropoda	Dermacentor_albipictus	135920126	XP_070380784
Arthropoda	Dermacentor_albipictus	135921635	XP_065311985
Arthropoda	Dermacentor_albipictus	139048831	XP_070379779
Arthropoda	Dermacentor_albipictus	139048833	XP_070379786
Arthropoda	Dermacentor_albipictus	139048843	XP_070379816
Arthropoda	Dermacentor_albipictus	139049280	XP_070380758
Arthropoda	Dermacentor_albipictus	139049284	XP_070380763
Arthropoda	Dermacentor_albipictus	139049287	XP_070380766
Arthropoda	Dermacentor_albipictus	139055911	XP_070389650
Arthropoda	Dermacentor_silvarum	119444321	XP_049520498
Arthropoda	Dermacentor_silvarum	119444325	XP_049520499
Arthropoda	Dermacentor_silvarum	119444367	XP_049519259
Arthropoda	Dermacentor_silvarum	119444470	XP_037564796
Arthropoda	Dermacentor_silvarum	119445413	XP_037565632
Arthropoda	Dermacentor_silvarum	119445414	XP_049519228
Arthropoda	Dermacentor_silvarum	119453329	XP_037571297
Arthropoda	Dermacentor_silvarum	119453373	XP_037571340
Arthropoda	Dermacentor_silvarum	119453374	XP_049523884
Arthropoda	Dermacentor_silvarum	119454055	XP_049523852
Arthropoda	Dermacentor_silvarum	119454056	XP_037571997
Arthropoda	Dermacentor_silvarum	119454112	XP_037572046
Arthropoda	Dermacentor_silvarum	119454113	XP_049523883
Arthropoda	Dermacentor_silvarum	119454267	XP_049524261
Arthropoda	Dermacentor_silvarum	119454364	XP_049523992
Arthropoda	Dermatophagoides_farinae	124494631	XP_046913809
Arthropoda	Dermatophagoides_farinae	124494962	XP_046914215
Arthropoda	Dermatophagoides_farinae	124496635	XP_075588512
Arthropoda	Dermatophagoides_farinae	124497991	XP_046917642
Arthropoda	Dermatophagoides_farinae	124499044	XP_075587494
Arthropoda	Dermatophagoides_pteronyssinus	113788529	XP_027193786
Arthropoda	Dermatophagoides_pteronyssinus	113789596	XP_027194954
Arthropoda	Dermatophagoides_pteronyssinus	113790804	XP_027196308
Arthropoda	Dermatophagoides_pteronyssinus	113792212	XP_027197961
Arthropoda	Dermatophagoides_pteronyssinus	113794834	XP_027200780
Arthropoda	Diabrotica_virgifera_virgifera	114325674	XP_050502320
Arthropoda	Diabrotica_virgifera_virgifera	114327245	XP_050499146
Arthropoda	Diabrotica_virgifera_virgifera	114328490	XP_050517699
Arthropoda	Diabrotica_virgifera_virgifera	114329820	XP_050502323
Arthropoda	Diabrotica_virgifera_virgifera	114335081	XP_028141037
Arthropoda	Diabrotica_virgifera_virgifera	114335902	XP_050510724
Arthropoda	Diabrotica_virgifera_virgifera	114339102	XP_028145536
Arthropoda	Diabrotica_virgifera_virgifera	114339219	XP_028145641
Arthropoda	Diabrotica_virgifera_virgifera	126882672	XP_050503604
Arthropoda	Diabrotica_virgifera_virgifera	126882891	XP_050503912
Arthropoda	Diabrotica_virgifera_virgifera	126888359	XP_050512494
Arthropoda	Diachasma_alloeum	107038444	XP_015113025
Arthropoda	Diachasma_alloeum	107038445	XP_015113026
Arthropoda	Diachasma_alloeum	107038474	XP_015113057
Arthropoda	Diachasma_alloeum	107038498	XP_015113123
Arthropoda	Diachasma_alloeum	107038503	XP_015113130
Arthropoda	Diachasma_alloeum	107047821	XP_015126151
Arthropoda	Diaphorina_citri	103508526	XP_026678910
Arthropoda	Diaphorina_citri	113465291	XP_026680190
Arthropoda	Dinoponera_quadriceps	106742303	XP_014470616
Arthropoda	Dinoponera_quadriceps	106742577	XP_014471165
Arthropoda	Dinoponera_quadriceps	106745715	XP_014477063
Arthropoda	Dinoponera_quadriceps	106748386	XP_014482327
Arthropoda	Diprion_similis	124404502	XP_046734626
Arthropoda	Diprion_similis	124404503	XP_046734627
Arthropoda	Diprion_similis	124407525	XP_046739713
Arthropoda	Diprion_similis	124407526	XP_046739714
Arthropoda	Diprion_similis	124407527	XP_046739716
Arthropoda	Diprion_similis	124407528	XP_046739717
Arthropoda	Diprion_similis	124407529	XP_046739718
Arthropoda	Diprion_similis	124407530	XP_046739719
Arthropoda	Diuraphis_noxia	107162347	XP_015364692
Arthropoda	Diuraphis_noxia	107162355	XP_015364703
Arthropoda	Diuraphis_noxia	107162370	XP_015364729
Arthropoda	Diuraphis_noxia	107162813	XP_015365345
Arthropoda	Diuraphis_noxia	107164658	XP_015368043
Arthropoda	Diuraphis_noxia	107167281	XP_015371745
Arthropoda	Diuraphis_noxia	107172899	XP_015378679
Arthropoda	Diuraphis_noxia	107172901	XP_015378682
Arthropoda	Drosophila_ananassae	26514500	XP_032305633
Arthropoda	Drosophila_ananassae	6497225	XP_001962524
Arthropoda	Drosophila_ananassae	6497226	XP_001962523
Arthropoda	Drosophila_arizonae	108610876	XP_017858728
Arthropoda	Drosophila_arizonae	108610878	XP_017858729
Arthropoda	Drosophila_arizonae	108621673	XP_017874612
Arthropoda	Drosophila_erecta	6541559	XP_001968521
Arthropoda	Drosophila_erecta	6542433	XP_001968520
Arthropoda	Drosophila_erecta	6543504	XP_026839309
Arthropoda	Drosophila_grimshawi	6561996	XP_001988067
Arthropoda	Drosophila_grimshawi	6561997	XP_001988068
Arthropoda	Drosophila_grimshawi	6570749	XP_043070750
Arthropoda	Drosophila_grimshawi	6570831	XP_043070751
Arthropoda	Drosophila_grimshawi	6571452	XP_043070842
Arthropoda	Drosophila_grimshawi	6571616	XP_043070749
Arthropoda	Drosophila_hydei	111598659	XP_030080615
Arthropoda	Drosophila_hydei	111603989	XP_030079038
Arthropoda	Drosophila_hydei	111604008	XP_023177632
Arthropoda	Drosophila_melanogaster	Dmel_CG17374	NP_001015405
Arthropoda	Drosophila_melanogaster	Dmel_CG3523	NP_001137778
Arthropoda	Drosophila_melanogaster	Dmel_CG3524	NP_001259986
Arthropoda	Drosophila_miranda	108154969	XP_017140972
Arthropoda	Drosophila_miranda	108162261	XP_017152397
Arthropoda	Drosophila_miranda	108162262	XP_017152398
Arthropoda	Drosophila_mojavensis	Dmoj_GI10509	EDW12340
Arthropoda	Drosophila_mojavensis	Dmoj_GI10520	EDW12339
Arthropoda	Drosophila_mojavensis	Dmoj_GI23207	EDW14645
Arthropoda	Drosophila_navojoa	108649396	XP_030241169
Arthropoda	Drosophila_navojoa	115562427	XP_030239800
Arthropoda	Drosophila_navojoa	115563001	XP_030241158
Arthropoda	Drosophila_persimilis	6589179	XP_026844979
Arthropoda	Drosophila_persimilis	6589180	XP_002015182
Arthropoda	Drosophila_persimilis	6594365	XP_026849933
Arthropoda	Drosophila_pseudoobscura	4817018	XP_001356821
Arthropoda	Drosophila_pseudoobscura	4817023	XP_001356822
Arthropoda	Drosophila_pseudoobscura	6897794	XP_002137899
Arthropoda	Drosophila_sechellia	116803584	XP_032583368
Arthropoda	Drosophila_sechellia	6613200	XP_032583363
Arthropoda	Drosophila_sechellia	6620584	XP_032576054
Arthropoda	Drosophila_serrata	110180482	XP_020803826
Arthropoda	Drosophila_serrata	110187237	XP_020812294
Arthropoda	Drosophila_serrata	110187238	XP_020812295
Arthropoda	Drosophila_simulans	Dsimw501_GD17693	KMY87149
Arthropoda	Drosophila_simulans	Dsimw501_GD23206	KMY87818
Arthropoda	Drosophila_simulans	Dsimw501_GD23207	KMY87820
Arthropoda	Drosophila_virilis	6628103	XP_002052427
Arthropoda	Drosophila_virilis	6628141	XP_002052428
Arthropoda	Drosophila_virilis	6630926	XP_002054315
Arthropoda	Drosophila_willistoni	6651198	XP_002073880
Arthropoda	Drosophila_willistoni	6651818	XP_002074274
Arthropoda	Drosophila_willistoni	6651866	XP_023036701
Arthropoda	Drosophila_yakuba	Dyak_GE18209	EDW87492
Arthropoda	Drosophila_yakuba	Dyak_GE18210	EDW87493
Arthropoda	Drosophila_yakuba	Dyak_GE28239	KRK05689
Arthropoda	Epargyreus_clarus	140746110	XP_072934221
Arthropoda	Epargyreus_clarus	140746456	XP_072934709
Arthropoda	Epargyreus_clarus	140746492	XP_072934746
Arthropoda	Epargyreus_clarus	140746493	XP_072934748
Arthropoda	Epargyreus_clarus	140746494	XP_072934749
Arthropoda	Epargyreus_clarus	140755771	XP_072947186
Arthropoda	Eriocheir_sinensis	126996137	XP_050712305
Arthropoda	Eupeodes_corollae	129941370	XP_055905959
Arthropoda	Eupeodes_corollae	129942282	XP_055907125
Arthropoda	Eupeodes_corollae	129951304	XP_055919370
Arthropoda	Euwallacea_fornicatus	136342589	XP_066144650
Arthropoda	Euwallacea_fornicatus	136342590	XP_066144652
Arthropoda	Euwallacea_fornicatus	136342592	XP_066144653
Arthropoda	Euwallacea_fornicatus	136345502	XP_066149955
Arthropoda	Euwallacea_fornicatus	136349335	XP_066156912
Arthropoda	Euwallacea_similis	136409712	XP_066247499
Arthropoda	Euwallacea_similis	136411840	XP_066250692
Arthropoda	Euwallacea_similis	136412680	XP_066251921
Arthropoda	Euwallacea_similis	136412733	XP_066251999
Arthropoda	Fopius_arisanus	105267945	XP_011305442
Arthropoda	Fopius_arisanus	105271484	XP_011311362
Arthropoda	Fopius_arisanus	105272765	XP_011313292
Arthropoda	Fopius_arisanus	105272766	XP_011313294
Arthropoda	Formica_exsecta	115233254	XP_029659419
Arthropoda	Formica_exsecta	115233345	XP_029659556
Arthropoda	Formica_exsecta	115233533	XP_029659874
Arthropoda	Formica_exsecta	115234497	XP_029661494
Arthropoda	Formica_exsecta	115235366	XP_029662966
Arthropoda	Formica_exsecta	115238468	XP_029668182
Arthropoda	Formica_exsecta	115238469	XP_029668184
Arthropoda	Formica_exsecta	115241467	XP_029673094
Arthropoda	Formica_exsecta	115241706	XP_029673475
Arthropoda	Formica_exsecta	115241716	XP_029673483
Arthropoda	Formica_exsecta	115242725	XP_029675103
Arthropoda	Formica_exsecta	115245677	XP_029679962
Arthropoda	Formica_exsecta	115246003	XP_029680411
Arthropoda	Frankliniella_occidentalis	113202264	XP_052128727
Arthropoda	Frankliniella_occidentalis	113202279	XP_052131311
Arthropoda	Frankliniella_occidentalis	113207792	XP_052123110
Arthropoda	Frankliniella_occidentalis	113208063	XP_052128824
Arthropoda	Frankliniella_occidentalis	113210546	XP_052124575
Arthropoda	Frankliniella_occidentalis	113210547	XP_052125524
Arthropoda	Frankliniella_occidentalis	113210548	XP_052132057
Arthropoda	Frankliniella_occidentalis	113210549	XP_052124588
Arthropoda	Frankliniella_occidentalis	113210550	XP_052124574
Arthropoda	Frankliniella_occidentalis	113213144	XP_052124120
Arthropoda	Frankliniella_occidentalis	113213186	XP_052125951
Arthropoda	Frankliniella_occidentalis	113214773	XP_052129421
Arthropoda	Frankliniella_occidentalis	113217410	XP_052132741
Arthropoda	Frankliniella_occidentalis	127751615	XP_052131364
Arthropoda	Frieseomelitta_varia	122527253	XP_043507198
Arthropoda	Frieseomelitta_varia	122528262	XP_043509152
Arthropoda	Galendromus_occidentalis	100897471	XP_003739693
Arthropoda	Galendromus_occidentalis	100900717	XP_003739635
Arthropoda	Galleria_mellonella	113512280	XP_052754584
Arthropoda	Galleria_mellonella	113513894	XP_052751893
Arthropoda	Galleria_mellonella	113514917	XP_052751948
Arthropoda	Galleria_mellonella	113514967	XP_031764313
Arthropoda	Galleria_mellonella	113515168	XP_052751980
Arthropoda	Galleria_mellonella	113515170	XP_052751905
Arthropoda	Galleria_mellonella	113515172	XP_052751947
Arthropoda	Galleria_mellonella	113522304	XP_052754570
Arthropoda	Galleria_mellonella	113523091	XP_052748607
Arthropoda	Glossina_fuscipes	119632778	XP_037881779
Arthropoda	Glossina_fuscipes	119639153	XP_037892320
Arthropoda	Halyomorpha_halys	106683409	XP_066906939
Arthropoda	Halyomorpha_halys	106687012	XP_066908829
Arthropoda	Halyomorpha_halys	106687027	XP_014286164
Arthropoda	Halyomorpha_halys	106689658	XP_014290249
Arthropoda	Halyomorpha_halys	106690460	XP_014291397
Arthropoda	Halyomorpha_halys	106690461	XP_014291398
Arthropoda	Harmonia_axyridis	123671603	XP_045461516
Arthropoda	Harmonia_axyridis	123673956	XP_045464694
Arthropoda	Harmonia_axyridis	123673957	XP_045464695
Arthropoda	Harmonia_axyridis	123674653	XP_045465555
Arthropoda	Harmonia_axyridis	123675181	XP_045466441
Arthropoda	Harmonia_axyridis	123675183	XP_045466442
Arthropoda	Harpegnathos_saltator	105180672	XP_025155254
Arthropoda	Harpegnathos_saltator	105182083	XP_025155072
Arthropoda	Harpegnathos_saltator	105182544	XP_011138350
Arthropoda	Harpegnathos_saltator	105185168	XP_011142771
Arthropoda	Harpegnathos_saltator	105185960	XP_019698145
Arthropoda	Harpegnathos_saltator	105186441	XP_025155206
Arthropoda	Harpegnathos_saltator	105186768	XP_011145505
Arthropoda	Harpegnathos_saltator	105187141	XP_025155199
Arthropoda	Harpegnathos_saltator	105187401	XP_025152747
Arthropoda	Harpegnathos_saltator	105188623	XP_025162456
Arthropoda	Harpegnathos_saltator	105191040	XP_025160331
Arthropoda	Harpegnathos_saltator	105191892	XP_025163372
Arthropoda	Harpegnathos_saltator	112588711	XP_025155202
Arthropoda	Harpegnathos_saltator	112589354	XP_025158082
Arthropoda	Harpegnathos_saltator	112590320	XP_025162219
Arthropoda	Harpegnathos_saltator	112590570	XP_025163360
Arthropoda	Helicoverpa_armigera	110369798	XP_063894496
Arthropoda	Helicoverpa_armigera	110369799	XP_063894600
Arthropoda	Helicoverpa_armigera	110369828	XP_021181064
Arthropoda	Helicoverpa_armigera	110370851	XP_063896402
Arthropoda	Helicoverpa_armigera	110370854	XP_063896400
Arthropoda	Helicoverpa_armigera	110370856	XP_049699195
Arthropoda	Helicoverpa_armigera	110373731	XP_049706557
Arthropoda	Helicoverpa_armigera	110380738	XP_063896398
Arthropoda	Helicoverpa_armigera	126055184	XP_063896664
Arthropoda	Helicoverpa_armigera	135118402	XP_063896401
Arthropoda	Helicoverpa_zea	124634824	XP_047026426
Arthropoda	Helicoverpa_zea	124636558	XP_047028648
Arthropoda	Helicoverpa_zea	124636625	XP_047028747
Arthropoda	Helicoverpa_zea	124636626	XP_047028749
Arthropoda	Helicoverpa_zea	124639396	XP_047032689
Arthropoda	Helicoverpa_zea	124639639	XP_047033035
Arthropoda	Helicoverpa_zea	124639663	XP_047033061
Arthropoda	Helicoverpa_zea	124639713	XP_047033130
Arthropoda	Helicoverpa_zea	124639722	XP_047033137
Arthropoda	Helicoverpa_zea	124639769	XP_047033191
Arthropoda	Hermetia_illucens	119651873	XP_037911608
Arthropoda	Hermetia_illucens	119659457	XP_037923469
Arthropoda	Hetaerina_americana	139688994	XP_071442378
Arthropoda	Hetaerina_americana	139693648	XP_071447989
Arthropoda	Homalodisca_vitripennis	124353516	XP_046659341
Arthropoda	Homalodisca_vitripennis	124368898	XP_046682366
Arthropoda	Homalodisca_vitripennis	124369213	XP_046683010
Arthropoda	Homalodisca_vitripennis	124369757	XP_046683794
Arthropoda	Homarus_americanus	121856236	XP_042207540
Arthropoda	Ischnura_elegans	124155702	XP_046385693
Arthropoda	Ischnura_elegans	124169313	XP_046403851
Arthropoda	Leguminivora_glycinivorella	125231710	XP_047993204
Arthropoda	Leguminivora_glycinivorella	125232031	XP_047993598
Arthropoda	Leguminivora_glycinivorella	125232137	XP_047993722
Arthropoda	Leguminivora_glycinivorella	125236250	XP_047998893
Arthropoda	Leguminivora_glycinivorella	125236730	XP_047999607
Arthropoda	Leguminivora_glycinivorella	125237726	XP_048000881
Arthropoda	Leptidea_sinapis	126974161	XP_050677552
Arthropoda	Leptidea_sinapis	126976522	XP_050680849
Arthropoda	Leptidea_sinapis	126979615	XP_050685004
Arthropoda	Leptidea_sinapis	126979623	XP_050685016
Arthropoda	Leptidea_sinapis	126979634	XP_050685039
Arthropoda	Leptinotarsa_decemlineata	111502191	XP_023011970
Arthropoda	Leptinotarsa_decemlineata	111502521	XP_023012388
Arthropoda	Leptinotarsa_decemlineata	111503529	XP_023013626
Arthropoda	Leptinotarsa_decemlineata	111508240	XP_023019448
Arthropoda	Leptinotarsa_decemlineata	111508890	XP_023020295
Arthropoda	Leptinotarsa_decemlineata	111517530	XP_023029483
Arthropoda	Leptopilina_boulardi	127277600	XP_051154827
Arthropoda	Leptopilina_boulardi	127280811	XP_051160074
Arthropoda	Leptopilina_boulardi	127283617	XP_051164562
Arthropoda	Leptopilina_boulardi	127288944	XP_051172618
Arthropoda	Leptopilina_boulardi	127289596	XP_051173561
Arthropoda	Leptopilina_boulardi	127290217	XP_051174620
Arthropoda	Leptopilina_boulardi	127290231	XP_051174646
Arthropoda	Leptopilina_heterotoma	122504714	XP_043471863
Arthropoda	Leptopilina_heterotoma	122511204	XP_043482252
Arthropoda	Limulus_polyphemus	106463236	XP_013778686
Arthropoda	Linepithema_humile	105667536	XP_067210432
Arthropoda	Linepithema_humile	105667544	XP_067207654
Arthropoda	Linepithema_humile	105667560	XP_067207656
Arthropoda	Linepithema_humile	105667688	XP_067206607
Arthropoda	Linepithema_humile	105667834	XP_067206011
Arthropoda	Linepithema_humile	105669150	XP_067204268
Arthropoda	Linepithema_humile	105669820	XP_067206012
Arthropoda	Linepithema_humile	105670251	XP_067216988
Arthropoda	Linepithema_humile	105670847	XP_067204584
Arthropoda	Linepithema_humile	105672402	XP_067205180
Arthropoda	Linepithema_humile	105673457	XP_067207661
Arthropoda	Linepithema_humile	105674779	XP_067205179
Arthropoda	Linepithema_humile	105675105	XP_067207292
Arthropoda	Linepithema_humile	105676017	XP_067204604
Arthropoda	Linepithema_humile	105676405	XP_012229663
Arthropoda	Linepithema_humile	105676834	XP_067215658
Arthropoda	Linepithema_humile	105678787	XP_067207652
Arthropoda	Linepithema_humile	105678858	XP_067207493
Arthropoda	Linepithema_humile	105679005	XP_067204805
Arthropoda	Linepithema_humile	105679169	XP_012234475
Arthropoda	Linepithema_humile	105679506	XP_067209348
Arthropoda	Linepithema_humile	105679887	XP_067206013
Arthropoda	Linepithema_humile	105680084	XP_067208438
Arthropoda	Linepithema_humile	105680116	XP_067207667
Arthropoda	Linepithema_humile	105680141	XP_067216019
Arthropoda	Linepithema_humile	136996931	XP_067204115
Arthropoda	Linepithema_humile	136997163	XP_067203696
Arthropoda	Linepithema_humile	136997178	XP_067203727
Arthropoda	Linepithema_humile	136998045	XP_067206014
Arthropoda	Linepithema_humile	136998506	XP_067207291
Arthropoda	Linepithema_humile	137000853	XP_067214504
Arthropoda	Lucilia_cuprina	111681404	XP_023298940
Arthropoda	Lucilia_cuprina	111690930	XP_046805701
Arthropoda	Lucilia_cuprina	111690931	XP_023309306
Arthropoda	Lucilia_sericata	119604430	XP_037812949
Arthropoda	Lucilia_sericata	119604500	XP_037813086
Arthropoda	Lucilia_sericata	119606902	XP_037816491
Arthropoda	Lutzomyia_longipalpis	129788166	XP_055680186
Arthropoda	Lutzomyia_longipalpis	129789280	XP_055681922
Arthropoda	Lutzomyia_longipalpis	129789951	XP_055683102
Arthropoda	Lutzomyia_longipalpis	129790035	XP_055683221
Arthropoda	Lutzomyia_longipalpis	129791241	XP_055685284
Arthropoda	Lutzomyia_longipalpis	129794411	XP_055691136
Arthropoda	Lutzomyia_longipalpis	129794971	XP_055691897
Arthropoda	Lutzomyia_longipalpis	129795243	XP_055692304
Arthropoda	Lutzomyia_longipalpis	129795831	XP_055693298
Arthropoda	Lutzomyia_longipalpis	129797298	XP_055695685
Arthropoda	Lycorma_delicatula	142323052	XP_075218277
Arthropoda	Lycorma_delicatula	142323491	XP_075219329
Arthropoda	Lycorma_delicatula	142326259	XP_075224694
Arthropoda	Lycorma_delicatula	142330314	XP_075231646
Arthropoda	Macrobrachium_nipponense	135220752	XP_064114272
Arthropoda	Macrobrachium_rosenbergii	136831391	XP_066947860
Arthropoda	Macrosteles_quadrilineatus	128997761	XP_054279410
Arthropoda	Macrosteles_quadrilineatus	128997794	XP_054279479
Arthropoda	Macrosteles_quadrilineatus	128998038	XP_054279954
Arthropoda	Macrosteles_quadrilineatus	129002846	XP_054286913
Arthropoda	Macrosteles_quadrilineatus	129003878	XP_054288182
Arthropoda	Manduca_sexta	115441336	XP_030021952
Arthropoda	Manduca_sexta	115444304	XP_030025892
Arthropoda	Manduca_sexta	115444306	XP_030025895
Arthropoda	Manduca_sexta	115450916	XP_037292705
Arthropoda	Manduca_sexta	115450926	XP_037292860
Arthropoda	Manduca_sexta	115450927	XP_037292706
Arthropoda	Manduca_sexta	115451366	XP_030035513
Arthropoda	Maniola_jurtina	123868363	XP_045766807
Arthropoda	Maniola_jurtina	123871196	XP_045770792
Arthropoda	Maniola_jurtina	123871198	XP_045770794
Arthropoda	Maniola_jurtina	123871199	XP_045770797
Arthropoda	Maniola_jurtina	123871274	XP_045770933
Arthropoda	Megalopta_genalis	117224267	XP_033332959
Arthropoda	Megalopta_genalis	117224750	XP_033333760
Arthropoda	Melitaea_cinxia	123659490	XP_045450660
Arthropoda	Melitaea_cinxia	123663274	XP_045453920
Arthropoda	Melitaea_cinxia	123663275	XP_045453921
Arthropoda	Melitaea_cinxia	123663277	XP_045453922
Arthropoda	Melitaea_cinxia	123663278	XP_045453923
Arthropoda	Melitaea_cinxia	123663365	XP_045454011
Arthropoda	Melitaea_cinxia	123663600	XP_045454228
Arthropoda	Melitaea_cinxia	123663604	XP_045454232
Arthropoda	Melitaea_cinxia	123663605	XP_045454233
Arthropoda	Melitaea_cinxia	123663607	XP_045454234
Arthropoda	Microplitis_demolitor	103577141	XP_008555885
Arthropoda	Microplitis_demolitor	103577902	XP_014296122
Arthropoda	Microplitis_demolitor	103577904	XP_014296135
Arthropoda	Monomorium_pharaonis	105828806	XP_036143145
Arthropoda	Monomorium_pharaonis	105829623	XP_036143549
Arthropoda	Monomorium_pharaonis	105830655	XP_036143069
Arthropoda	Monomorium_pharaonis	105831114	XP_028050812
Arthropoda	Monomorium_pharaonis	105831721	XP_036142914
Arthropoda	Monomorium_pharaonis	105833282	XP_036144205
Arthropoda	Monomorium_pharaonis	105833370	XP_036144155
Arthropoda	Monomorium_pharaonis	105833664	XP_036148674
Arthropoda	Monomorium_pharaonis	105834141	XP_036150299
Arthropoda	Monomorium_pharaonis	105834582	XP_036138767
Arthropoda	Monomorium_pharaonis	105836966	XP_036143548
Arthropoda	Monomorium_pharaonis	105839211	XP_036142748
Arthropoda	Monomorium_pharaonis	105839757	XP_012541735
Arthropoda	Monomorium_pharaonis	105840192	XP_036143722
Arthropoda	Monomorium_pharaonis	105840645	XP_036143017
Arthropoda	Monomorium_pharaonis	105840656	XP_012543113
Arthropoda	Monomorium_pharaonis	114254177	XP_036142633
Arthropoda	Monomorium_pharaonis	118644134	XP_036142639
Arthropoda	Monomorium_pharaonis	118644460	XP_036138949
Arthropoda	Monomorium_pharaonis	118645536	XP_036142705
Arthropoda	Monomorium_pharaonis	118645544	XP_036142716
Arthropoda	Monomorium_pharaonis	118645574	XP_036142824
Arthropoda	Monomorium_pharaonis	118645623	XP_036142949
Arthropoda	Monomorium_pharaonis	118645638	XP_036142985
Arthropoda	Musca_domestica	101888614	XP_019894443
Arthropoda	Musca_domestica	101893120	XP_005175784
Arthropoda	Musca_domestica	131802489	XP_058978824
Arthropoda	Mycetomoellerius_zeteki	108722186	XP_018302667
Arthropoda	Mycetomoellerius_zeteki	108722684	XP_018303406
Arthropoda	Mycetomoellerius_zeteki	108728441	XP_018312500
Arthropoda	Nasonia_vitripennis	100119597	XP_008212244
Arthropoda	Nasonia_vitripennis	100121447	XP_003423914
Arthropoda	Nasonia_vitripennis	100122083	XP_008203901
Arthropoda	Nasonia_vitripennis	100122099	XP_001605700
Arthropoda	Nasonia_vitripennis	100124027	XP_008207459
Arthropoda	Nasonia_vitripennis	100678737	XP_008207677
Arthropoda	Nasonia_vitripennis	103316303	XP_032456546
Arthropoda	Neodiprion_fabricii	124175863	XP_046412413
Arthropoda	Neodiprion_fabricii	124176828	XP_046414517
Arthropoda	Neodiprion_fabricii	124177297	XP_046415446
Arthropoda	Neodiprion_fabricii	124177298	XP_046415447
Arthropoda	Neodiprion_fabricii	124177300	XP_046415450
Arthropoda	Neodiprion_fabricii	124177679	XP_046416271
Arthropoda	Neodiprion_fabricii	124177743	XP_046416456
Arthropoda	Neodiprion_fabricii	124179230	XP_046419392
Arthropoda	Neodiprion_lecontei	107219891	XP_015513727
Arthropoda	Neodiprion_lecontei	107219939	XP_046590279
Arthropoda	Neodiprion_lecontei	107221342	XP_015515773
Arthropoda	Neodiprion_lecontei	107221350	XP_015515781
Arthropoda	Neodiprion_lecontei	107221852	XP_015516494
Arthropoda	Neodiprion_lecontei	107223937	XP_015519294
Arthropoda	Neodiprion_lecontei	107223941	XP_015519300
Arthropoda	Neodiprion_lecontei	107223942	XP_015519301
Arthropoda	Neodiprion_lecontei	124293456	XP_046590278
Arthropoda	Neodiprion_pinetum	124211335	XP_068989982
Arthropoda	Neodiprion_pinetum	124213192	XP_046470173
Arthropoda	Neodiprion_pinetum	124213647	XP_046471085
Arthropoda	Neodiprion_pinetum	124213657	XP_046471110
Arthropoda	Neodiprion_pinetum	124213767	XP_046471333
Arthropoda	Neodiprion_pinetum	124213768	XP_046471334
Arthropoda	Neodiprion_pinetum	124213770	XP_046471342
Arthropoda	Neodiprion_pinetum	124214405	XP_046472632
Arthropoda	Neodiprion_pinetum	124215690	XP_046475331
Arthropoda	Neodiprion_virginianus	124296911	XP_046603296
Arthropoda	Neodiprion_virginianus	124299046	XP_046607841
Arthropoda	Neodiprion_virginianus	124299498	XP_046608689
Arthropoda	Neodiprion_virginianus	124299616	XP_046608837
Arthropoda	Neodiprion_virginianus	124299617	XP_046608838
Arthropoda	Neodiprion_virginianus	124299964	XP_046609411
Arthropoda	Neodiprion_virginianus	124299965	XP_046609412
Arthropoda	Neodiprion_virginianus	124301642	XP_046612929
Arthropoda	Nicrophorus_vespilloides	108557772	XP_017769915
Arthropoda	Nicrophorus_vespilloides	108557787	XP_017769936
Arthropoda	Nicrophorus_vespilloides	108558974	XP_017771571
Arthropoda	Nicrophorus_vespilloides	108560588	XP_017773704
Arthropoda	Nicrophorus_vespilloides	108565026	XP_017779764
Arthropoda	Nicrophorus_vespilloides	108567254	XP_017783102
Arthropoda	Nicrophorus_vespilloides	108568351	XP_017784912
Arthropoda	Nilaparvata_lugens	111045930	XP_039285484
Arthropoda	Nilaparvata_lugens	111046194	XP_039289773
Arthropoda	Nilaparvata_lugens	111052494	XP_022194881
Arthropoda	Nilaparvata_lugens	111062415	XP_039292597
Arthropoda	Nomia_melanderi	116426715	XP_031831897
Arthropoda	Nomia_melanderi	116430914	XP_031841485
Arthropoda	Nymphalis_io	126774097	XP_050351373
Arthropoda	Nymphalis_io	126775270	XP_050353036
Arthropoda	Nymphalis_io	126775405	XP_050353254
Arthropoda	Nymphalis_io	126775406	XP_050353256
Arthropoda	Nymphalis_io	126775407	XP_050353257
Arthropoda	Nymphalis_io	126775408	XP_050353258
Arthropoda	Nymphalis_io	126775409	XP_050353259
Arthropoda	Nymphalis_io	126775410	XP_050353260
Arthropoda	Nymphalis_io	126775411	XP_050353261
Arthropoda	Nymphalis_io	126775626	XP_050353637
Arthropoda	Nymphalis_io	126775685	XP_050353705
Arthropoda	Nymphalis_io	126775686	XP_050353707
Arthropoda	Nymphalis_io	126775687	XP_050353708
Arthropoda	Nymphalis_io	126775689	XP_050353709
Arthropoda	Onthophagus_taurus	111416369	XP_022904131
Arthropoda	Onthophagus_taurus	111418554	XP_071051537
Arthropoda	Onthophagus_taurus	111423847	XP_022912997
Arthropoda	Ooceraea_biroi	105276900	XP_026824077
Arthropoda	Ooceraea_biroi	105277111	XP_026824072
Arthropoda	Ooceraea_biroi	105278724	XP_011336329
Arthropoda	Ooceraea_biroi	105278763	XP_019887003
Arthropoda	Ooceraea_biroi	105279620	XP_011337800
Arthropoda	Ooceraea_biroi	105285513	XP_011348058
Arthropoda	Ooceraea_biroi	105286065	XP_026824071
Arthropoda	Ooceraea_biroi	105287194	XP_026831269
Arthropoda	Ooceraea_biroi	105287903	XP_026831268
Arthropoda	Ooceraea_biroi	105288090	XP_011352379
Arthropoda	Oratosquilla_oratoria	143029840	XP_076049052
Arthropoda	Osmia_bicornis_bicornis	114875399	XP_029041461
Arthropoda	Osmia_bicornis_bicornis	114880134	XP_029051620
Arthropoda	Osmia_lignaria	117603474	XP_034178573
Arthropoda	Osmia_lignaria	117609880	XP_034192524
Arthropoda	Ostrinia_furnacalis	114351871	XP_028159016
Arthropoda	Ostrinia_furnacalis	114351872	XP_028159018
Arthropoda	Ostrinia_furnacalis	114352147	XP_028159425
Arthropoda	Ostrinia_furnacalis	114352958	XP_028160533
Arthropoda	Ostrinia_furnacalis	114354373	XP_028162532
Arthropoda	Ostrinia_furnacalis	114361471	XP_028172316
Arthropoda	Ostrinia_nubilalis	135077372	XP_063827966
Arthropoda	Ostrinia_nubilalis	135077970	XP_063828579
Arthropoda	Ostrinia_nubilalis	135082118	XP_063832937
Arthropoda	Ostrinia_nubilalis	135082479	XP_063833345
Arthropoda	Ostrinia_nubilalis	135082508	XP_063833375
Arthropoda	Panulirus_ornatus	139764374	XP_071547019
Arthropoda	Papilio_machaon	106713011	XP_014361194
Arthropoda	Papilio_machaon	106716463	XP_014365467
Arthropoda	Papilio_machaon	106718579	XP_014368208
Arthropoda	Papilio_machaon	106718893	XP_014368580
Arthropoda	Papilio_polytes	106105818	XP_013141731
Arthropoda	Papilio_polytes	106106067	XP_013142054
Arthropoda	Papilio_xuthus	106114262	XP_013162842
Arthropoda	Papilio_xuthus	106114263	XP_013162843
Arthropoda	Papilio_xuthus	106117824	XP_013167733
Arthropoda	Papilio_xuthus	106117869	XP_013167810
Arthropoda	Papilio_xuthus	106120940	XP_013171865
Arthropoda	Parasteatoda_tepidariorum	107439709	XP_071034019
Arthropoda	Parasteatoda_tepidariorum	107441937	XP_042904027
Arthropoda	Parasteatoda_tepidariorum	107446508	XP_071034020
Arthropoda	Parasteatoda_tepidariorum	107447920	XP_042901181
Arthropoda	Parasteatoda_tepidariorum	107451272	XP_015922805
Arthropoda	Parasteatoda_tepidariorum	107454900	XP_042898854
Arthropoda	Pectinophora_gossypiella	126368767	XP_049868872
Arthropoda	Pectinophora_gossypiella	126369127	XP_049869377
Arthropoda	Pectinophora_gossypiella	126369762	XP_049870281
Arthropoda	Pectinophora_gossypiella	126369763	XP_049870283
Arthropoda	Pectinophora_gossypiella	126369905	XP_049870464
Arthropoda	Pectinophora_gossypiella	126372606	XP_049874376
Arthropoda	Pectinophora_gossypiella	126373270	XP_049875291
Arthropoda	Pectinophora_gossypiella	126375852	XP_049878856
Arthropoda	Pectinophora_gossypiella	126375854	XP_049878858
Arthropoda	Pectinophora_gossypiella	126376082	XP_049879210
Arthropoda	Pediculus_humanus_corporis	Phum_PHUM080440	XP_002423718
Arthropoda	Pediculus_humanus_corporis	Phum_PHUM448390	XP_002429689
Arthropoda	Pediculus_humanus_corporis	Phum_PHUM565830	XP_002432036
Arthropoda	Penaeus_chinensis	125033471	XP_047480954
Arthropoda	Penaeus_japonicus	122253228	XP_042872076
Arthropoda	Penaeus_monodon	119577867	XP_037781418
Arthropoda	Penaeus_vannamei	113815940	XP_069984270
Arthropoda	Periplaneta_americana	138695368	XP_069675887
Arthropoda	Periplaneta_americana	138695372	XP_069675891
Arthropoda	Periplaneta_americana	138695710	XP_069675926
Arthropoda	Periplaneta_americana	138696405	XP_069677426
Arthropoda	Periplaneta_americana	138696406	XP_069677431
Arthropoda	Periplaneta_americana	138703526	XP_069687551
Arthropoda	Periplaneta_americana	138703527	XP_069687553
Arthropoda	Periplaneta_americana	138703684	XP_069687884
Arthropoda	Periplaneta_americana	138705729	XP_069690398
Arthropoda	Periplaneta_americana	138710396	XP_069697387
Arthropoda	Periplaneta_americana	138711949	XP_069699357
Arthropoda	Periplaneta_americana	138711956	XP_069699369
Arthropoda	Periplaneta_americana	138711961	XP_069699383
Arthropoda	Phlebotomus_papatasi	129799187	XP_055698842
Arthropoda	Phlebotomus_papatasi	129803086	XP_055705399
Arthropoda	Phlebotomus_papatasi	129807991	XP_055713595
Arthropoda	Photinus_pyralis	116160978	XP_031329996
Arthropoda	Photinus_pyralis	116161073	XP_031330142
Arthropoda	Photinus_pyralis	116161396	XP_031330591
Arthropoda	Photinus_pyralis	116161505	XP_031330725
Arthropoda	Photinus_pyralis	116161688	XP_031330989
Arthropoda	Photinus_pyralis	116161905	XP_031331260
Arthropoda	Photinus_pyralis	116161906	XP_031331261
Arthropoda	Photinus_pyralis	116161916	XP_031331273
Arthropoda	Photinus_pyralis	116161945	XP_031331303
Arthropoda	Photinus_pyralis	116161975	XP_031331347
Arthropoda	Photinus_pyralis	116161982	XP_031331350
Arthropoda	Photinus_pyralis	116161983	XP_031331351
Arthropoda	Photinus_pyralis	116162162	XP_031331570
Arthropoda	Photinus_pyralis	116162361	XP_031331836
Arthropoda	Photinus_pyralis	116163445	XP_031333221
Arthropoda	Photinus_pyralis	116171981	XP_031344920
Arthropoda	Photinus_pyralis	116173285	XP_031346517
Arthropoda	Photinus_pyralis	116173286	XP_031346518
Arthropoda	Photinus_pyralis	116174065	XP_031347704
Arthropoda	Photinus_pyralis	116174198	XP_031347934
Arthropoda	Photinus_pyralis	116174377	XP_031348151
Arthropoda	Photinus_pyralis	116174560	XP_031348357
Arthropoda	Photinus_pyralis	116174561	XP_031348358
Arthropoda	Photinus_pyralis	116181966	XP_031358277
Arthropoda	Photinus_pyralis	116181967	XP_031358279
Arthropoda	Photinus_pyralis	116181975	XP_031358293
Arthropoda	Photinus_pyralis	116181979	XP_031358296
Arthropoda	Pieris_brassicae	123709303	XP_045516481
Arthropoda	Pieris_brassicae	123709609	XP_045517003
Arthropoda	Pieris_brassicae	123712767	XP_045521971
Arthropoda	Pieris_brassicae	123712768	XP_045521972
Arthropoda	Pieris_brassicae	123712770	XP_045521973
Arthropoda	Pieris_napi	125048659	XP_047503403
Arthropoda	Pieris_napi	125054060	XP_047511691
Arthropoda	Pieris_napi	125063044	XP_047525215
Arthropoda	Pieris_napi	125063045	XP_047525217
Arthropoda	Pieris_rapae	110997060	XP_022120716
Arthropoda	Pieris_rapae	110997061	XP_022120717
Arthropoda	Pieris_rapae	110999406	XP_045486955
Arthropoda	Pieris_rapae	110999413	XP_022124139
Arthropoda	Pieris_rapae	111001727	XP_045487056
Arthropoda	Pieris_rapae	111002699	XP_022128625
Arthropoda	Plutella_xylostella	105386886	XP_048482489
Arthropoda	Plutella_xylostella	105386888	XP_011555838
Arthropoda	Plutella_xylostella	105386889	XP_048482582
Arthropoda	Plutella_xylostella	105386890	XP_048482580
Arthropoda	Plutella_xylostella	105386891	XP_037974632
Arthropoda	Plutella_xylostella	105393722	XP_048487528
Arthropoda	Plutella_xylostella	105393935	XP_048482207
Arthropoda	Pogonomyrmex_barbatus	105423444	XP_011631498
Arthropoda	Pogonomyrmex_barbatus	105426819	XP_011636526
Arthropoda	Pogonomyrmex_barbatus	105426871	XP_011636575
Arthropoda	Pogonomyrmex_barbatus	105427550	XP_011637630
Arthropoda	Pogonomyrmex_barbatus	105430349	XP_011642169
Arthropoda	Pogonomyrmex_barbatus	105430537	XP_011642457
Arthropoda	Polistes_canadensis	106785473	XP_014601473
Arthropoda	Polistes_canadensis	106793071	XP_014615168
Arthropoda	Polistes_canadensis	106793252	XP_014615527
Arthropoda	Polistes_fuscatus	122513549	XP_043485888
Arthropoda	Polistes_fuscatus	122513550	XP_043485889
Arthropoda	Polistes_fuscatus	122513696	XP_043486066
Arthropoda	Polistes_fuscatus	122517792	XP_043492286
Arthropoda	Polistes_fuscatus	122517837	XP_043492367
Arthropoda	Polistes_fuscatus	122522081	XP_043498823
Arthropoda	Polistes_fuscatus	122524428	XP_043502646
Arthropoda	Polistes_fuscatus	122525851	XP_043504772
Arthropoda	Pollicipes_pollicipes	119113587	XP_037093774
Arthropoda	Polyergus_mexicanus	138931657	XP_070148748
Arthropoda	Polyergus_mexicanus	138932177	XP_070149856
Arthropoda	Polyergus_mexicanus	138933990	XP_070153441
Arthropoda	Polyergus_mexicanus	138934866	XP_070155109
Arthropoda	Polyergus_mexicanus	138934871	XP_070155115
Arthropoda	Polyergus_mexicanus	138934910	XP_070155162
Arthropoda	Polyergus_mexicanus	138936280	XP_070157653
Arthropoda	Polyergus_mexicanus	138938216	XP_070161148
Arthropoda	Polyergus_mexicanus	138938400	XP_070161416
Arthropoda	Polyergus_mexicanus	138938441	XP_070161498
Arthropoda	Polyergus_mexicanus	138941678	XP_070167625
Arthropoda	Polyergus_mexicanus	138941733	XP_070167715
Arthropoda	Polyergus_mexicanus	138941855	XP_070167863
Arthropoda	Polyergus_mexicanus	138943031	XP_070169650
Arthropoda	Polyergus_mexicanus	138943032	XP_070169651
Arthropoda	Polyergus_mexicanus	138943129	XP_070169771
Arthropoda	Polyergus_mexicanus	138943203	XP_070169898
Arthropoda	Polyergus_mexicanus	138943232	XP_070169942
Arthropoda	Polyergus_mexicanus	138943233	XP_070169943
Arthropoda	Polyergus_mexicanus	138943234	XP_070169944
Arthropoda	Polyergus_mexicanus	138943793	XP_070170834
Arthropoda	Polyergus_mexicanus	138943809	XP_070170849
Arthropoda	Polyergus_mexicanus	138943871	XP_070170901
Arthropoda	Polyergus_mexicanus	138943911	XP_070170916
Arthropoda	Polyergus_mexicanus	138944956	XP_070172151
Arthropoda	Portunus_trituberculatus	123510032	XP_045120680
Arthropoda	Procambarus_clarkii	123773166	XP_045622655
Arthropoda	Pseudomyrmex_gracilis	109853513	XP_020281312
Arthropoda	Pseudomyrmex_gracilis	109854413	XP_020283063
Arthropoda	Pseudomyrmex_gracilis	109856138	XP_020286673
Arthropoda	Pseudomyrmex_gracilis	109856394	XP_020287224
Arthropoda	Pseudomyrmex_gracilis	109858510	XP_020291427
Arthropoda	Pseudomyrmex_gracilis	109859046	XP_020292482
Arthropoda	Pseudomyrmex_gracilis	109859048	XP_020292484
Arthropoda	Pseudomyrmex_gracilis	109859110	XP_020292611
Arthropoda	Pseudomyrmex_gracilis	109860414	XP_020295071
Arthropoda	Pseudomyrmex_gracilis	109860910	XP_020295915
Arthropoda	Pseudomyrmex_gracilis	109861364	XP_020296577
Arthropoda	Pseudomyrmex_gracilis	109861672	XP_020296996
Arthropoda	Pseudomyrmex_gracilis	109862058	XP_020297545
Arthropoda	Pseudomyrmex_gracilis	109862386	XP_020298011
Arthropoda	Pseudomyrmex_gracilis	109862585	XP_020298248
Arthropoda	Pseudomyrmex_gracilis	109862656	XP_020298350
Arthropoda	Pseudomyrmex_gracilis	109862685	XP_020298388
Arthropoda	Pseudomyrmex_gracilis	109864161	XP_020300703
Arthropoda	Rhagoletis_zephyria	108358418	XP_017465231
Arthropoda	Rhagoletis_zephyria	108360622	XP_017468477
Arthropoda	Rhagoletis_zephyria	108374844	XP_017486368
Arthropoda	Rhipicephalus_microplus	119176344	XP_075746847
Arthropoda	Rhipicephalus_microplus	119179026	XP_075725716
Arthropoda	Rhipicephalus_microplus	119179100	XP_075726203
Arthropoda	Rhipicephalus_microplus	119179103	XP_075726201
Arthropoda	Rhipicephalus_microplus	119179201	XP_075725344
Arthropoda	Rhipicephalus_microplus	119179258	XP_037286225
Arthropoda	Rhipicephalus_microplus	119179504	XP_037286488
Arthropoda	Rhipicephalus_microplus	119179527	XP_037286517
Arthropoda	Rhipicephalus_microplus	119179992	XP_075724816
Arthropoda	Rhipicephalus_microplus	119180338	XP_075725714
Arthropoda	Rhipicephalus_microplus	119185144	XP_075725721
Arthropoda	Rhipicephalus_sanguineus	119390905	XP_049271383
Arthropoda	Rhipicephalus_sanguineus	119391816	XP_049271367
Arthropoda	Rhipicephalus_sanguineus	119391817	XP_037515394
Arthropoda	Rhipicephalus_sanguineus	119391856	XP_049271378
Arthropoda	Rhipicephalus_sanguineus	119391859	XP_037515436
Arthropoda	Rhipicephalus_sanguineus	119391860	XP_049271384
Arthropoda	Rhipicephalus_sanguineus	119398657	XP_049273337
Arthropoda	Rhipicephalus_sanguineus	119398658	XP_049273338
Arthropoda	Rhipicephalus_sanguineus	119398705	XP_037521457
Arthropoda	Rhipicephalus_sanguineus	119398707	XP_049273355
Arthropoda	Rhipicephalus_sanguineus	119398708	XP_049273356
Arthropoda	Rhipicephalus_sanguineus	119398960	XP_049273436
Arthropoda	Rhipicephalus_sanguineus	119398989	XP_049273447
Arthropoda	Rhipicephalus_sanguineus	119398992	XP_049273450
Arthropoda	Rhipicephalus_sanguineus	119399780	XP_037522547
Arthropoda	Rhipicephalus_sanguineus	119400146	XP_037523054
Arthropoda	Rhopalosiphum_maidis	113550201	XP_026807709
Arthropoda	Rhopalosiphum_maidis	113550202	XP_026807710
Arthropoda	Rhopalosiphum_maidis	113551735	XP_026809969
Arthropoda	Rhopalosiphum_maidis	113551933	XP_026810319
Arthropoda	Rhopalosiphum_maidis	113551934	XP_026810325
Arthropoda	Rhopalosiphum_maidis	113552284	XP_026810887
Arthropoda	Rhopalosiphum_maidis	113552745	XP_026811437
Arthropoda	Rhopalosiphum_maidis	113554502	XP_026814183
Arthropoda	Rhopalosiphum_maidis	113554570	XP_026814269
Arthropoda	Rhopalosiphum_maidis	113554723	XP_026814487
Arthropoda	Rhopalosiphum_maidis	113555001	XP_026815044
Arthropoda	Rhopalosiphum_maidis	113560874	XP_026822789
Arthropoda	Rhopalosiphum_maidis	113561322	XP_026823465
Arthropoda	Rhynchophorus_ferrugineus	143191627	XP_076252994
Arthropoda	Rhynchophorus_ferrugineus	143193480	XP_076255824
Arthropoda	Rhynchophorus_ferrugineus	143193481	XP_076255825
Arthropoda	Rhynchophorus_ferrugineus	143200830	XP_076267668
Arthropoda	Rhynchophorus_ferrugineus	143200834	XP_076267679
Arthropoda	Rhynchophorus_ferrugineus	143204056	XP_076272609
Arthropoda	Rhynchophorus_ferrugineus	143205277	XP_076274606
Arthropoda	Rhynchophorus_ferrugineus	143206626	XP_076275357
Arthropoda	Schistocerca_gregaria	126356371	XP_049863319
Arthropoda	Scylla_paramamosain	135109683	XP_063877296
Arthropoda	Sitophilus_oryzae	115874547	XP_030745584
Arthropoda	Sitophilus_oryzae	115876592	XP_030748272
Arthropoda	Sitophilus_oryzae	115876924	XP_030748832
Arthropoda	Sitophilus_oryzae	115876927	XP_030748836
Arthropoda	Sitophilus_oryzae	115876930	XP_030748838
Arthropoda	Sitophilus_oryzae	115876931	XP_030748839
Arthropoda	Sitophilus_oryzae	115883152	XP_030757326
Arthropoda	Sitophilus_oryzae	115886869	XP_030762053
Arthropoda	Sitophilus_oryzae	115887549	XP_030762870
Arthropoda	Sitophilus_oryzae	115887569	XP_030762885
Arthropoda	Solenopsis_invicta	105196297	XP_011160421
Arthropoda	Solenopsis_invicta	105197914	XP_025993195
Arthropoda	Solenopsis_invicta	105198903	XP_039309287
Arthropoda	Solenopsis_invicta	105199688	XP_039303277
Arthropoda	Solenopsis_invicta	105200156	XP_039304084
Arthropoda	Solenopsis_invicta	105201744	XP_039312459
Arthropoda	Solenopsis_invicta	105202181	XP_039309277
Arthropoda	Solenopsis_invicta	105202184	XP_039313109
Arthropoda	Solenopsis_invicta	105202319	XP_039308602
Arthropoda	Solenopsis_invicta	105202483	XP_039303879
Arthropoda	Solenopsis_invicta	105202953	XP_039312644
Arthropoda	Solenopsis_invicta	105202956	XP_039312511
Arthropoda	Solenopsis_invicta	105203128	XP_039312737
Arthropoda	Solenopsis_invicta	105204328	XP_039308266
Arthropoda	Solenopsis_invicta	105205000	XP_039309310
Arthropoda	Solenopsis_invicta	105205242	XP_039306266
Arthropoda	Solenopsis_invicta	105205264	XP_039309146
Arthropoda	Solenopsis_invicta	105207169	XP_039311876
Arthropoda	Solenopsis_invicta	105207222	XP_039306405
Arthropoda	Solenopsis_invicta	105207281	XP_039310516
Arthropoda	Solenopsis_invicta	113003599	XP_039315171
Arthropoda	Solenopsis_invicta	113004362	XP_039306562
Arthropoda	Solenopsis_invicta	113005866	XP_039308272
Arthropoda	Solenopsis_invicta	113006269	XP_039302621
Arthropoda	Solenopsis_invicta	120358637	XP_039309372
Arthropoda	Spodoptera_litura	111356608	XP_022826788
Arthropoda	Spodoptera_litura	111356850	XP_022827106
Arthropoda	Spodoptera_litura	111359194	XP_022830419
Arthropoda	Spodoptera_litura	111359981	XP_022831505
Arthropoda	Spodoptera_litura	111360101	XP_022831707
Arthropoda	Spodoptera_litura	111360159	XP_022831800
Arthropoda	Spodoptera_litura	111360201	XP_022831840
Arthropoda	Spodoptera_litura	111360202	XP_022831842
Arthropoda	Spodoptera_litura	111360472	XP_022832191
Arthropoda	Stegodyphus_dumicola	118187786	XP_035213956
Arthropoda	Stegodyphus_dumicola	118187796	XP_035213966
Arthropoda	Stegodyphus_dumicola	118199791	XP_035227546
Arthropoda	Stomoxys_calcitrans	106087025	XP_013107352
Arthropoda	Stomoxys_calcitrans	106090589	XP_013112283
Arthropoda	Teleopsis_dalmanni	119684795	XP_037954846
Arthropoda	Teleopsis_dalmanni	119689172	XP_037959865
Arthropoda	Temnothorax_americanus	143896028	XP_077259705
Arthropoda	Temnothorax_americanus	143897685	XP_077262628
Arthropoda	Temnothorax_americanus	143897786	XP_077262822
Arthropoda	Temnothorax_americanus	143899643	XP_077266183
Arthropoda	Temnothorax_americanus	143901632	XP_077270184
Arthropoda	Temnothorax_americanus	143904861	XP_077275953
Arthropoda	Temnothorax_americanus	143907939	XP_077281202
Arthropoda	Temnothorax_longispinosus	139807872	XP_071625450
Arthropoda	Temnothorax_longispinosus	139809597	XP_071628686
Arthropoda	Temnothorax_longispinosus	139812198	XP_071632956
Arthropoda	Temnothorax_longispinosus	139814426	XP_071636782
Arthropoda	Temnothorax_longispinosus	139815794	XP_071639070
Arthropoda	Temnothorax_longispinosus	139815834	XP_071639120
Arthropoda	Temnothorax_longispinosus	139816554	XP_071640251
Arthropoda	Temnothorax_longispinosus	139817036	XP_071640952
Arthropoda	Temnothorax_longispinosus	139817424	XP_071641605
Arthropoda	Temnothorax_longispinosus	139817513	XP_071641763
Arthropoda	Temnothorax_longispinosus	139818837	XP_071643924
Arthropoda	Temnothorax_longispinosus	139819067	XP_071644317
Arthropoda	Temnothorax_longispinosus	139821433	XP_071648533
Arthropoda	Temnothorax_longispinosus	139821852	XP_071649311
Arthropoda	Temnothorax_longispinosus	139822003	XP_071649609
Arthropoda	Temnothorax_longispinosus	139822069	XP_071649695
Arthropoda	Temnothorax_longispinosus	139822070	XP_071649696
Arthropoda	Temnothorax_longispinosus	139822071	XP_071649700
Arthropoda	Temnothorax_longispinosus	139822072	XP_071649701
Arthropoda	Temnothorax_longispinosus	139822351	XP_071650096
Arthropoda	Temnothorax_longispinosus	139822778	XP_071650900
Arthropoda	Temnothorax_longispinosus	139823238	XP_071651721
Arthropoda	Temnothorax_longispinosus	139823792	XP_071652383
Arthropoda	Temnothorax_longispinosus	139825350	XP_071654104
Arthropoda	Tenebrio_molitor	138122169	XP_068892413
Arthropoda	Tenebrio_molitor	138127522	XP_068899654
Arthropoda	Tenebrio_molitor	138127523	XP_068899655
Arthropoda	Tenebrio_molitor	138127526	XP_068899658
Arthropoda	Tenebrio_molitor	138127603	XP_068899779
Arthropoda	Tenebrio_molitor	138127653	XP_068899797
Arthropoda	Tenebrio_molitor	138127654	XP_068899798
Arthropoda	Tenebrio_molitor	138127683	XP_068899842
Arthropoda	Tenebrio_molitor	138127684	XP_068899843
Arthropoda	Tenebrio_molitor	138127685	XP_068899844
Arthropoda	Tenebrio_molitor	138127686	XP_068899846
Arthropoda	Tenebrio_molitor	138128237	XP_068900528
Arthropoda	Tenebrio_molitor	138128238	XP_068900529
Arthropoda	Tenebrio_molitor	138128557	XP_068900860
Arthropoda	Tenebrio_molitor	138128673	XP_068900973
Arthropoda	Tenebrio_molitor	138129423	XP_068901817
Arthropoda	Tenebrio_molitor	138129424	XP_068901818
Arthropoda	Tenebrio_molitor	138129483	XP_068901878
Arthropoda	Tenebrio_molitor	138133575	XP_068907617
Arthropoda	Tenebrio_molitor	138133803	XP_068907863
Arthropoda	Tenebrio_molitor	138134760	XP_068909334
Arthropoda	Tetranychus_urticae	107359791	XP_015781846
Arthropoda	Tetranychus_urticae	107360391	XP_015782524
Arthropoda	Tetranychus_urticae	107361055	XP_015783255
Arthropoda	Tetranychus_urticae	107361744	XP_025016529
Arthropoda	Tetranychus_urticae	107361815	XP_015784226
Arthropoda	Tetranychus_urticae	107366193	XP_015789259
Arthropoda	Tetranychus_urticae	107368728	XP_015792088
Arthropoda	Tetranychus_urticae	107369476	XP_015792919
Arthropoda	Tetranychus_urticae	107370796	XP_025018649
Arthropoda	Tetranychus_urticae	107371424	XP_015794990
Arthropoda	Thrips_palmi	117639322	XP_034230761
Arthropoda	Thrips_palmi	117642648	XP_034236951
Arthropoda	Thrips_palmi	117643551	XP_034238382
Arthropoda	Thrips_palmi	117647203	XP_034244729
Arthropoda	Thrips_palmi	117647484	XP_034245130
Arthropoda	Thrips_palmi	117650852	XP_034250352
Arthropoda	Thrips_palmi	117651001	XP_034250583
Arthropoda	Trachymyrmex_cornetzi	108759248	XP_018360096
Arthropoda	Trachymyrmex_cornetzi	108759835	XP_018360983
Arthropoda	Trachymyrmex_cornetzi	108760487	XP_018361980
Arthropoda	Trachymyrmex_cornetzi	108760562	XP_018362103
Arthropoda	Trachymyrmex_cornetzi	108761569	XP_018363681
Arthropoda	Trachymyrmex_cornetzi	108762719	XP_018365349
Arthropoda	Trachymyrmex_cornetzi	108765300	XP_018369455
Arthropoda	Trachymyrmex_cornetzi	108765644	XP_018369952
Arthropoda	Trachymyrmex_cornetzi	108765845	XP_018370195
Arthropoda	Trachymyrmex_cornetzi	108765847	XP_018370199
Arthropoda	Trachymyrmex_cornetzi	108765848	XP_018370200
Arthropoda	Trachymyrmex_cornetzi	108766239	XP_018370912
Arthropoda	Trachymyrmex_cornetzi	108766849	XP_018371882
Arthropoda	Trachymyrmex_cornetzi	108769217	XP_018375579
Arthropoda	Trachymyrmex_cornetzi	108770755	XP_018377961
Arthropoda	Trachymyrmex_septentrionalis	108745672	XP_018337470
Arthropoda	Trachymyrmex_septentrionalis	108748804	XP_018342667
Arthropoda	Trachymyrmex_septentrionalis	108749772	XP_018344220
Arthropoda	Trachymyrmex_septentrionalis	108750246	XP_018345090
Arthropoda	Trachymyrmex_septentrionalis	108750250	XP_018345093
Arthropoda	Trachymyrmex_septentrionalis	108750254	XP_018345106
Arthropoda	Trachymyrmex_septentrionalis	108752168	XP_018348340
Arthropoda	Trachymyrmex_septentrionalis	108752582	XP_018349007
Arthropoda	Trachymyrmex_septentrionalis	108754740	XP_018352782
Arthropoda	Tribolium_castaneum	103314884	XP_008200285
Arthropoda	Tribolium_castaneum	658024	XP_008190356
Arthropoda	Tribolium_castaneum	658944	XP_008194480
Arthropoda	Tribolium_castaneum	659179	XP_970599
Arthropoda	Tribolium_castaneum	660113	XP_971466
Arthropoda	Tribolium_castaneum	660178	XP_015836196
Arthropoda	Tribolium_castaneum	662899	XP_015834319
Arthropoda	Trichogramma_pretiosum	106650713	XP_023313670
Arthropoda	Trichogramma_pretiosum	106652998	XP_023316439
Arthropoda	Trichogramma_pretiosum	106653506	XP_014228447
Arthropoda	Trichogramma_pretiosum	106656993	XP_014233708
Arthropoda	Trichogramma_pretiosum	106659131	XP_014236983
Arthropoda	Trichogramma_pretiosum	106659766	XP_023313671
Arthropoda	Trichoplusia_ni	113495949	XP_026730755
Arthropoda	Trichoplusia_ni	113498344	XP_026734139
Arthropoda	Trichoplusia_ni	113502875	XP_026740412
Arthropoda	Trichoplusia_ni	113502960	XP_026740526
Arthropoda	Trichoplusia_ni	113503009	XP_026740595
Arthropoda	Uloborus_diversus	129223401	XP_054713971
Arthropoda	Uloborus_diversus	129223762	XP_054714096
Arthropoda	Uloborus_diversus	129233957	XP_054723843
Arthropoda	Vanessa_cardui	124532760	XP_046963777
Arthropoda	Vanessa_cardui	124532761	XP_046963778
Arthropoda	Vanessa_cardui	124532762	XP_046963779
Arthropoda	Vanessa_cardui	124532873	XP_046963942
Arthropoda	Vanessa_cardui	124533031	XP_046964151
Arthropoda	Vanessa_cardui	124533109	XP_046964229
Arthropoda	Vanessa_cardui	124533124	XP_046964244
Arthropoda	Vanessa_cardui	124533125	XP_046964245
Arthropoda	Vanessa_cardui	124533251	XP_046964411
Arthropoda	Vanessa_cardui	124533280	XP_046964445
Arthropoda	Vanessa_cardui	124533296	XP_046964466
Arthropoda	Vanessa_cardui	124536275	XP_046968742
Arthropoda	Varroa_destructor	111251023	XP_022662905
Arthropoda	Varroa_destructor	111251929	XP_022664808
Arthropoda	Varroa_jacobsoni	111268914	XP_022703888
Arthropoda	Varroa_jacobsoni	111268918	XP_022703893
Arthropoda	Venturia_canescens	122418081	XP_043288036
Arthropoda	Venturia_canescens	122419152	XP_043289389
Arthropoda	Vespa_crabro	124422755	XP_046815586
Arthropoda	Vespa_crabro	124423598	XP_046817453
Arthropoda	Vespa_crabro	124424757	XP_046820195
Arthropoda	Vespa_crabro	124424810	XP_046820270
Arthropoda	Vespa_crabro	124424978	XP_046820631
Arthropoda	Vespa_crabro	124428953	XP_046829515
Arthropoda	Vespa_crabro	124430420	XP_046832932
Arthropoda	Vespa_crabro	124430421	XP_046832934
Arthropoda	Vespa_crabro	124430423	XP_046832936
Arthropoda	Vespa_crabro	124430451	XP_046833000
Arthropoda	Vespa_velutina	124948000	XP_047346942
Arthropoda	Vespa_velutina	124948496	XP_047348136
Arthropoda	Vespa_velutina	124948605	XP_047348390
Arthropoda	Vespa_velutina	124948635	XP_047348472
Arthropoda	Vespa_velutina	124949814	XP_047351493
Arthropoda	Vespa_velutina	124953279	XP_047360366
Arthropoda	Vespa_velutina	124954047	XP_047362256
Arthropoda	Vespa_velutina	124954203	XP_047362716
Arthropoda	Vespa_velutina	124954210	XP_047362725
Arthropoda	Vespula_pensylvanica	122627509	XP_043664579
Arthropoda	Vespula_pensylvanica	122627510	XP_043664580
Arthropoda	Vespula_pensylvanica	122628351	XP_043666506
Arthropoda	Vespula_pensylvanica	122628583	XP_043666934
Arthropoda	Vespula_pensylvanica	122629032	XP_043667927
Arthropoda	Vespula_pensylvanica	122629201	XP_043668271
Arthropoda	Vespula_pensylvanica	122633870	XP_043678240
Arthropoda	Vespula_pensylvanica	122634824	XP_043680099
Arthropoda	Vollenhovia_emeryi	105556117	XP_011858579
Arthropoda	Vollenhovia_emeryi	105556674	XP_011859157
Arthropoda	Vollenhovia_emeryi	105558192	XP_011861145
Arthropoda	Vollenhovia_emeryi	105558962	XP_011862330
Arthropoda	Vollenhovia_emeryi	105561532	XP_011866983
Arthropoda	Vollenhovia_emeryi	105561632	XP_011867181
Arthropoda	Vollenhovia_emeryi	105563525	XP_011870552
Arthropoda	Vollenhovia_emeryi	105563598	XP_011870702
Arthropoda	Vollenhovia_emeryi	105564674	XP_011872608
Arthropoda	Vollenhovia_emeryi	105566143	XP_011875303
Arthropoda	Vollenhovia_emeryi	105567646	XP_011878072
Arthropoda	Vollenhovia_emeryi	105570994	XP_011883843
Arthropoda	Zerene_cesonia	119828244	XP_038206276
Arthropoda	Zerene_cesonia	119834958	XP_038215451
Arthropoda	Zerene_cesonia	119835685	XP_038216586
Arthropoda	Zerene_cesonia	119835701	XP_038216608
Arthropoda	Zerene_cesonia	119835711	XP_038216620
Arthropoda	Zerene_cesonia	119835720	XP_038216632
Arthropoda	Zerene_cesonia	119835731	XP_038216643
Arthropoda	Zootermopsis_nevadensis	110830700	XP_021921613
Arthropoda	Zootermopsis_nevadensis	110834624	XP_021929694
Arthropoda	Zootermopsis_nevadensis	110834625	XP_021929697
Arthropoda	Zootermopsis_nevadensis	110836042	XP_021932552
Arthropoda	Zootermopsis_nevadensis	110837190	XP_021934750
Arthropoda	Zootermopsis_nevadensis	110841318	XP_021942453
Cnidaria	Acropora_digitifera	107350794	XP_015772517
Cnidaria	Acropora_millepora	114969596	XP_029205766
Cnidaria	Actinia_tenebrosa	116299530	XP_031564060
Cnidaria	Exaiptasia_diaphana	110240069	XP_020901512
Cnidaria	Montipora_capricornis	138014432	XP_068717598
Cnidaria	Montipora_foliosa	137969865	XP_068672354
Cnidaria	Pocillopora_damicornis	113669115	XP_027040911
Cnidaria	Stylophora_pistillata	111339547	XP_022801958
Placozoa	Trichoplax_adhaerens	TRIADDRAFT_31339	XP_002116738
Placozoa	Trichoplax_adhaerens	TRIADDRAFT_34034	XP_002118339
Placozoa	Trichoplax_adhaerens	TRIADDRAFT_34041	XP_002118338
